ISO-10303-21;
HEADER;
FILE_DESCRIPTION(('KiCad electronic assembly'),'2;1');
FILE_NAME('hall_carrier_pcb.step','2025-02-24T16:03:46',('Pcbnew'),(
    'Kicad'),'Open CASCADE STEP processor 7.7','KiCad to STEP converter'
  ,'Unknown');
FILE_SCHEMA(('AUTOMOTIVE_DESIGN { 1 0 10303 214 1 1 1 1 }'));
ENDSEC;
DATA;
#1 = APPLICATION_PROTOCOL_DEFINITION('international standard',
  'automotive_design',2000,#2);
#2 = APPLICATION_CONTEXT(
  'core data for automotive mechanical design processes');
#3 = SHAPE_DEFINITION_REPRESENTATION(#4,#10);
#4 = PRODUCT_DEFINITION_SHAPE('','',#5);
#5 = PRODUCT_DEFINITION('design','',#6,#9);
#6 = PRODUCT_DEFINITION_FORMATION('','',#7);
#7 = PRODUCT('hall_carrier_pcb 1','hall_carrier_pcb 1','',(#8));
#8 = PRODUCT_CONTEXT('',#2,'mechanical');
#9 = PRODUCT_DEFINITION_CONTEXT('part definition',#2,'design');
#10 = SHAPE_REPRESENTATION('',(#11,#15,#19,#23,#27,#31,#35),#39);
#11 = AXIS2_PLACEMENT_3D('',#12,#13,#14);
#12 = CARTESIAN_POINT('',(0.,0.,0.));
#13 = DIRECTION('',(0.,0.,1.));
#14 = DIRECTION('',(1.,0.,-0.));
#15 = AXIS2_PLACEMENT_3D('',#16,#17,#18);
#16 = CARTESIAN_POINT('',(142.911846,-94.011846,1.65));
#17 = DIRECTION('',(0.,-0.,1.));
#18 = DIRECTION('',(0.707106781187,0.707106781187,0.));
#19 = AXIS2_PLACEMENT_3D('',#20,#21,#22);
#20 = CARTESIAN_POINT('',(131.26,-101.,1.65));
#21 = DIRECTION('',(0.,0.,1.));
#22 = DIRECTION('',(1.,0.,0.));
#23 = AXIS2_PLACEMENT_3D('',#24,#25,#26);
#24 = CARTESIAN_POINT('',(156.87,-91.86,1.65));
#25 = DIRECTION('',(0.,-0.,1.));
#26 = DIRECTION('',(1.110223024625E-16,1.,0.));
#27 = AXIS2_PLACEMENT_3D('',#28,#29,#30);
#28 = CARTESIAN_POINT('',(160.92,-85.29,1.65));
#29 = DIRECTION('',(0.,0.,1.));
#30 = DIRECTION('',(1.,0.,0.));
#31 = AXIS2_PLACEMENT_3D('',#32,#33,#34);
#32 = CARTESIAN_POINT('',(137.83,-105.05,1.65));
#33 = DIRECTION('',(-0.,0.,1.));
#34 = DIRECTION('',(1.110223024625E-16,-1.,0.));
#35 = AXIS2_PLACEMENT_3D('',#36,#37,#38);
#36 = CARTESIAN_POINT('',(0.,0.,0.));
#37 = DIRECTION('',(0.,0.,1.));
#38 = DIRECTION('',(1.,0.,-0.));
#39 = ( GEOMETRIC_REPRESENTATION_CONTEXT(3) 
GLOBAL_UNCERTAINTY_ASSIGNED_CONTEXT((#43)) GLOBAL_UNIT_ASSIGNED_CONTEXT(
(#40,#41,#42)) REPRESENTATION_CONTEXT('Context #1',
  '3D Context with UNIT and UNCERTAINTY') );
#40 = ( LENGTH_UNIT() NAMED_UNIT(*) SI_UNIT(.MILLI.,.METRE.) );
#41 = ( NAMED_UNIT(*) PLANE_ANGLE_UNIT() SI_UNIT($,.RADIAN.) );
#42 = ( NAMED_UNIT(*) SI_UNIT($,.STERADIAN.) SOLID_ANGLE_UNIT() );
#43 = UNCERTAINTY_MEASURE_WITH_UNIT(LENGTH_MEASURE(1.E-07),#40,
  'distance_accuracy_value','confusion accuracy');
#44 = PRODUCT_RELATED_PRODUCT_CATEGORY('part',$,(#7));
#45 = SHAPE_DEFINITION_REPRESENTATION(#46,#52);
#46 = PRODUCT_DEFINITION_SHAPE('','',#47);
#47 = PRODUCT_DEFINITION('design','',#48,#51);
#48 = PRODUCT_DEFINITION_FORMATION('','',#49);
#49 = PRODUCT('PinHeader_1x06_P2.54mm_Vertical',
  'PinHeader_1x06_P2.54mm_Vertical','',(#50));
#50 = PRODUCT_CONTEXT('',#2,'mechanical');
#51 = PRODUCT_DEFINITION_CONTEXT('part definition',#2,'design');
#52 = SHAPE_REPRESENTATION('',(#11,#53),#57);
#53 = AXIS2_PLACEMENT_3D('',#54,#55,#56);
#54 = CARTESIAN_POINT('',(0.,0.,0.));
#55 = DIRECTION('',(0.,0.,1.));
#56 = DIRECTION('',(1.,0.,-0.));
#57 = ( GEOMETRIC_REPRESENTATION_CONTEXT(3) 
GLOBAL_UNCERTAINTY_ASSIGNED_CONTEXT((#61)) GLOBAL_UNIT_ASSIGNED_CONTEXT(
(#58,#59,#60)) REPRESENTATION_CONTEXT('Context #1',
  '3D Context with UNIT and UNCERTAINTY') );
#58 = ( LENGTH_UNIT() NAMED_UNIT(*) SI_UNIT(.MILLI.,.METRE.) );
#59 = ( NAMED_UNIT(*) PLANE_ANGLE_UNIT() SI_UNIT($,.RADIAN.) );
#60 = ( NAMED_UNIT(*) SI_UNIT($,.STERADIAN.) SOLID_ANGLE_UNIT() );
#61 = UNCERTAINTY_MEASURE_WITH_UNIT(LENGTH_MEASURE(1.E-07),#58,
  'distance_accuracy_value','confusion accuracy');
#62 = CONTEXT_DEPENDENT_SHAPE_REPRESENTATION(#63,#65);
#63 = ( REPRESENTATION_RELATIONSHIP('','',#52,#10) 
REPRESENTATION_RELATIONSHIP_WITH_TRANSFORMATION(#64) 
SHAPE_REPRESENTATION_RELATIONSHIP() );
#64 = ITEM_DEFINED_TRANSFORMATION('','',#11,#15);
#65 = PRODUCT_DEFINITION_SHAPE('Placement','Placement of an item',#66);
#66 = NEXT_ASSEMBLY_USAGE_OCCURRENCE('2','REF**','',#5,#47,$);
#67 = PRODUCT_RELATED_PRODUCT_CATEGORY('part',$,(#49));
#68 = SHAPE_DEFINITION_REPRESENTATION(#69,#75);
#69 = PRODUCT_DEFINITION_SHAPE('','',#70);
#70 = PRODUCT_DEFINITION('design','',#71,#74);
#71 = PRODUCT_DEFINITION_FORMATION('','',#72);
#72 = PRODUCT('PinHeader_1x06_P254mm_Vertical',
  'PinHeader_1x06_P254mm_Vertical','',(#73));
#73 = PRODUCT_CONTEXT('',#2,'mechanical');
#74 = PRODUCT_DEFINITION_CONTEXT('part definition',#2,'design');
#75 = ADVANCED_BREP_SHAPE_REPRESENTATION('',(#11,#76),#4204);
#76 = MANIFOLD_SOLID_BREP('',#77);
#77 = CLOSED_SHELL('',(#78,#118,#149,#180,#673,#1166,#1183,#1200,#1217,
    #1234,#1251,#1268,#1285,#1302,#1319,#1336,#1353,#1370,#1387,#1404,
    #1421,#1438,#1455,#1472,#1489,#1506,#1523,#1540,#1557,#1574,#1591,
    #1608,#1625,#1642,#1659,#1676,#1693,#1710,#1727,#1744,#1756,#1787,
    #1811,#1835,#1852,#1883,#1907,#1931,#1948,#1979,#2003,#2027,#2044,
    #2075,#2099,#2123,#2140,#2171,#2195,#2219,#2236,#2267,#2291,#2315,
    #2332,#2363,#2387,#2411,#2428,#2459,#2483,#2507,#2524,#2555,#2579,
    #2603,#2620,#2651,#2675,#2699,#2716,#2747,#2771,#2795,#2812,#2843,
    #2867,#2891,#2908,#2939,#2963,#2987,#3004,#3035,#3059,#3083,#3100,
    #3131,#3155,#3179,#3196,#3227,#3251,#3275,#3292,#3323,#3347,#3371,
    #3388,#3419,#3443,#3467,#3484,#3515,#3539,#3563,#3580,#3611,#3635,
    #3659,#3676,#3707,#3731,#3755,#3772,#3803,#3827,#3851,#3868,#3899,
    #3923,#3947,#3964,#3995,#4019,#4043,#4060,#4072,#4084,#4096,#4108,
    #4120,#4132,#4144,#4156,#4168,#4180,#4192));
#78 = ADVANCED_FACE('',(#79),#113,.F.);
#79 = FACE_BOUND('',#80,.F.);
#80 = EDGE_LOOP('',(#81,#91,#99,#107));
#81 = ORIENTED_EDGE('',*,*,#82,.T.);
#82 = EDGE_CURVE('',#83,#85,#87,.T.);
#83 = VERTEX_POINT('',#84);
#84 = CARTESIAN_POINT('',(-1.016,1.27,0.));
#85 = VERTEX_POINT('',#86);
#86 = CARTESIAN_POINT('',(-1.016,1.27,2.54));
#87 = LINE('',#88,#89);
#88 = CARTESIAN_POINT('',(-1.016,1.27,0.));
#89 = VECTOR('',#90,1.);
#90 = DIRECTION('',(0.,0.,1.));
#91 = ORIENTED_EDGE('',*,*,#92,.T.);
#92 = EDGE_CURVE('',#85,#93,#95,.T.);
#93 = VERTEX_POINT('',#94);
#94 = CARTESIAN_POINT('',(-1.27,1.016,2.54));
#95 = LINE('',#96,#97);
#96 = CARTESIAN_POINT('',(-1.016,1.27,2.54));
#97 = VECTOR('',#98,1.);
#98 = DIRECTION('',(-0.707106781187,-0.707106781187,0.));
#99 = ORIENTED_EDGE('',*,*,#100,.F.);
#100 = EDGE_CURVE('',#101,#93,#103,.T.);
#101 = VERTEX_POINT('',#102);
#102 = CARTESIAN_POINT('',(-1.27,1.016,0.));
#103 = LINE('',#104,#105);
#104 = CARTESIAN_POINT('',(-1.27,1.016,0.));
#105 = VECTOR('',#106,1.);
#106 = DIRECTION('',(0.,0.,1.));
#107 = ORIENTED_EDGE('',*,*,#108,.F.);
#108 = EDGE_CURVE('',#83,#101,#109,.T.);
#109 = LINE('',#110,#111);
#110 = CARTESIAN_POINT('',(-1.016,1.27,0.));
#111 = VECTOR('',#112,1.);
#112 = DIRECTION('',(-0.707106781187,-0.707106781187,0.));
#113 = PLANE('',#114);
#114 = AXIS2_PLACEMENT_3D('',#115,#116,#117);
#115 = CARTESIAN_POINT('',(-1.016,1.27,0.));
#116 = DIRECTION('',(0.707106781187,-0.707106781187,0.));
#117 = DIRECTION('',(-0.707106781187,-0.707106781187,0.));
#118 = ADVANCED_FACE('',(#119),#144,.F.);
#119 = FACE_BOUND('',#120,.F.);
#120 = EDGE_LOOP('',(#121,#131,#137,#138));
#121 = ORIENTED_EDGE('',*,*,#122,.T.);
#122 = EDGE_CURVE('',#123,#125,#127,.T.);
#123 = VERTEX_POINT('',#124);
#124 = CARTESIAN_POINT('',(1.016,1.27,0.));
#125 = VERTEX_POINT('',#126);
#126 = CARTESIAN_POINT('',(1.016,1.27,2.54));
#127 = LINE('',#128,#129);
#128 = CARTESIAN_POINT('',(1.016,1.27,0.));
#129 = VECTOR('',#130,1.);
#130 = DIRECTION('',(0.,0.,1.));
#131 = ORIENTED_EDGE('',*,*,#132,.T.);
#132 = EDGE_CURVE('',#125,#85,#133,.T.);
#133 = LINE('',#134,#135);
#134 = CARTESIAN_POINT('',(1.016,1.27,2.54));
#135 = VECTOR('',#136,1.);
#136 = DIRECTION('',(-1.,0.,0.));
#137 = ORIENTED_EDGE('',*,*,#82,.F.);
#138 = ORIENTED_EDGE('',*,*,#139,.F.);
#139 = EDGE_CURVE('',#123,#83,#140,.T.);
#140 = LINE('',#141,#142);
#141 = CARTESIAN_POINT('',(1.016,1.27,0.));
#142 = VECTOR('',#143,1.);
#143 = DIRECTION('',(-1.,0.,0.));
#144 = PLANE('',#145);
#145 = AXIS2_PLACEMENT_3D('',#146,#147,#148);
#146 = CARTESIAN_POINT('',(1.016,1.27,0.));
#147 = DIRECTION('',(0.,-1.,0.));
#148 = DIRECTION('',(-1.,0.,0.));
#149 = ADVANCED_FACE('',(#150),#175,.F.);
#150 = FACE_BOUND('',#151,.F.);
#151 = EDGE_LOOP('',(#152,#153,#161,#169));
#152 = ORIENTED_EDGE('',*,*,#100,.T.);
#153 = ORIENTED_EDGE('',*,*,#154,.T.);
#154 = EDGE_CURVE('',#93,#155,#157,.T.);
#155 = VERTEX_POINT('',#156);
#156 = CARTESIAN_POINT('',(-1.27,-1.016,2.54));
#157 = LINE('',#158,#159);
#158 = CARTESIAN_POINT('',(-1.27,1.016,2.54));
#159 = VECTOR('',#160,1.);
#160 = DIRECTION('',(0.,-1.,0.));
#161 = ORIENTED_EDGE('',*,*,#162,.F.);
#162 = EDGE_CURVE('',#163,#155,#165,.T.);
#163 = VERTEX_POINT('',#164);
#164 = CARTESIAN_POINT('',(-1.27,-1.016,0.));
#165 = LINE('',#166,#167);
#166 = CARTESIAN_POINT('',(-1.27,-1.016,0.));
#167 = VECTOR('',#168,1.);
#168 = DIRECTION('',(0.,0.,1.));
#169 = ORIENTED_EDGE('',*,*,#170,.F.);
#170 = EDGE_CURVE('',#101,#163,#171,.T.);
#171 = LINE('',#172,#173);
#172 = CARTESIAN_POINT('',(-1.27,1.016,0.));
#173 = VECTOR('',#174,1.);
#174 = DIRECTION('',(0.,-1.,0.));
#175 = PLANE('',#176);
#176 = AXIS2_PLACEMENT_3D('',#177,#178,#179);
#177 = CARTESIAN_POINT('',(-1.27,1.016,0.));
#178 = DIRECTION('',(1.,0.,0.));
#179 = DIRECTION('',(0.,-1.,0.));
#180 = ADVANCED_FACE('',(#181,#464,#498,#532,#566,#600,#634),#668,.F.);
#181 = FACE_BOUND('',#182,.F.);
#182 = EDGE_LOOP('',(#183,#184,#185,#193,#201,#209,#217,#225,#233,#241,
    #249,#257,#265,#273,#281,#289,#297,#305,#313,#321,#329,#337,#345,
    #353,#361,#369,#377,#385,#393,#401,#409,#417,#425,#433,#441,#449,
    #457,#463));
#183 = ORIENTED_EDGE('',*,*,#108,.T.);
#184 = ORIENTED_EDGE('',*,*,#170,.T.);
#185 = ORIENTED_EDGE('',*,*,#186,.T.);
#186 = EDGE_CURVE('',#163,#187,#189,.T.);
#187 = VERTEX_POINT('',#188);
#188 = CARTESIAN_POINT('',(-1.016,-1.27,0.));
#189 = LINE('',#190,#191);
#190 = CARTESIAN_POINT('',(-1.27,-1.016,0.));
#191 = VECTOR('',#192,1.);
#192 = DIRECTION('',(0.707106781187,-0.707106781187,0.));
#193 = ORIENTED_EDGE('',*,*,#194,.T.);
#194 = EDGE_CURVE('',#187,#195,#197,.T.);
#195 = VERTEX_POINT('',#196);
#196 = CARTESIAN_POINT('',(-1.27,-1.524,0.));
#197 = LINE('',#198,#199);
#198 = CARTESIAN_POINT('',(-1.016,-1.27,0.));
#199 = VECTOR('',#200,1.);
#200 = DIRECTION('',(-0.707106781187,-0.707106781187,0.));
#201 = ORIENTED_EDGE('',*,*,#202,.T.);
#202 = EDGE_CURVE('',#195,#203,#205,.T.);
#203 = VERTEX_POINT('',#204);
#204 = CARTESIAN_POINT('',(-1.27,-3.556,0.));
#205 = LINE('',#206,#207);
#206 = CARTESIAN_POINT('',(-1.27,-1.524,0.));
#207 = VECTOR('',#208,1.);
#208 = DIRECTION('',(0.,-1.,0.));
#209 = ORIENTED_EDGE('',*,*,#210,.T.);
#210 = EDGE_CURVE('',#203,#211,#213,.T.);
#211 = VERTEX_POINT('',#212);
#212 = CARTESIAN_POINT('',(-1.016,-3.81,0.));
#213 = LINE('',#214,#215);
#214 = CARTESIAN_POINT('',(-1.27,-3.556,0.));
#215 = VECTOR('',#216,1.);
#216 = DIRECTION('',(0.707106781187,-0.707106781187,0.));
#217 = ORIENTED_EDGE('',*,*,#218,.T.);
#218 = EDGE_CURVE('',#211,#219,#221,.T.);
#219 = VERTEX_POINT('',#220);
#220 = CARTESIAN_POINT('',(-1.27,-4.064,0.));
#221 = LINE('',#222,#223);
#222 = CARTESIAN_POINT('',(-1.016,-3.81,0.));
#223 = VECTOR('',#224,1.);
#224 = DIRECTION('',(-0.707106781187,-0.707106781187,0.));
#225 = ORIENTED_EDGE('',*,*,#226,.T.);
#226 = EDGE_CURVE('',#219,#227,#229,.T.);
#227 = VERTEX_POINT('',#228);
#228 = CARTESIAN_POINT('',(-1.27,-6.096,0.));
#229 = LINE('',#230,#231);
#230 = CARTESIAN_POINT('',(-1.27,-4.064,0.));
#231 = VECTOR('',#232,1.);
#232 = DIRECTION('',(0.,-1.,0.));
#233 = ORIENTED_EDGE('',*,*,#234,.T.);
#234 = EDGE_CURVE('',#227,#235,#237,.T.);
#235 = VERTEX_POINT('',#236);
#236 = CARTESIAN_POINT('',(-1.016,-6.35,0.));
#237 = LINE('',#238,#239);
#238 = CARTESIAN_POINT('',(-1.27,-6.096,0.));
#239 = VECTOR('',#240,1.);
#240 = DIRECTION('',(0.707106781187,-0.707106781187,0.));
#241 = ORIENTED_EDGE('',*,*,#242,.T.);
#242 = EDGE_CURVE('',#235,#243,#245,.T.);
#243 = VERTEX_POINT('',#244);
#244 = CARTESIAN_POINT('',(-1.27,-6.604,0.));
#245 = LINE('',#246,#247);
#246 = CARTESIAN_POINT('',(-1.016,-6.35,0.));
#247 = VECTOR('',#248,1.);
#248 = DIRECTION('',(-0.707106781187,-0.707106781187,0.));
#249 = ORIENTED_EDGE('',*,*,#250,.T.);
#250 = EDGE_CURVE('',#243,#251,#253,.T.);
#251 = VERTEX_POINT('',#252);
#252 = CARTESIAN_POINT('',(-1.27,-8.636,0.));
#253 = LINE('',#254,#255);
#254 = CARTESIAN_POINT('',(-1.27,-6.604,0.));
#255 = VECTOR('',#256,1.);
#256 = DIRECTION('',(0.,-1.,0.));
#257 = ORIENTED_EDGE('',*,*,#258,.T.);
#258 = EDGE_CURVE('',#251,#259,#261,.T.);
#259 = VERTEX_POINT('',#260);
#260 = CARTESIAN_POINT('',(-1.016,-8.89,0.));
#261 = LINE('',#262,#263);
#262 = CARTESIAN_POINT('',(-1.27,-8.636,0.));
#263 = VECTOR('',#264,1.);
#264 = DIRECTION('',(0.707106781187,-0.707106781187,0.));
#265 = ORIENTED_EDGE('',*,*,#266,.T.);
#266 = EDGE_CURVE('',#259,#267,#269,.T.);
#267 = VERTEX_POINT('',#268);
#268 = CARTESIAN_POINT('',(-1.27,-9.144,0.));
#269 = LINE('',#270,#271);
#270 = CARTESIAN_POINT('',(-1.016,-8.89,0.));
#271 = VECTOR('',#272,1.);
#272 = DIRECTION('',(-0.707106781187,-0.707106781187,0.));
#273 = ORIENTED_EDGE('',*,*,#274,.T.);
#274 = EDGE_CURVE('',#267,#275,#277,.T.);
#275 = VERTEX_POINT('',#276);
#276 = CARTESIAN_POINT('',(-1.27,-11.176,0.));
#277 = LINE('',#278,#279);
#278 = CARTESIAN_POINT('',(-1.27,-9.144,0.));
#279 = VECTOR('',#280,1.);
#280 = DIRECTION('',(0.,-1.,0.));
#281 = ORIENTED_EDGE('',*,*,#282,.T.);
#282 = EDGE_CURVE('',#275,#283,#285,.T.);
#283 = VERTEX_POINT('',#284);
#284 = CARTESIAN_POINT('',(-1.016,-11.43,0.));
#285 = LINE('',#286,#287);
#286 = CARTESIAN_POINT('',(-1.27,-11.176,0.));
#287 = VECTOR('',#288,1.);
#288 = DIRECTION('',(0.707106781187,-0.707106781187,0.));
#289 = ORIENTED_EDGE('',*,*,#290,.T.);
#290 = EDGE_CURVE('',#283,#291,#293,.T.);
#291 = VERTEX_POINT('',#292);
#292 = CARTESIAN_POINT('',(-1.27,-11.684,0.));
#293 = LINE('',#294,#295);
#294 = CARTESIAN_POINT('',(-1.016,-11.43,0.));
#295 = VECTOR('',#296,1.);
#296 = DIRECTION('',(-0.707106781187,-0.707106781187,0.));
#297 = ORIENTED_EDGE('',*,*,#298,.T.);
#298 = EDGE_CURVE('',#291,#299,#301,.T.);
#299 = VERTEX_POINT('',#300);
#300 = CARTESIAN_POINT('',(-1.27,-13.716,0.));
#301 = LINE('',#302,#303);
#302 = CARTESIAN_POINT('',(-1.27,-11.684,0.));
#303 = VECTOR('',#304,1.);
#304 = DIRECTION('',(0.,-1.,0.));
#305 = ORIENTED_EDGE('',*,*,#306,.T.);
#306 = EDGE_CURVE('',#299,#307,#309,.T.);
#307 = VERTEX_POINT('',#308);
#308 = CARTESIAN_POINT('',(-1.016,-13.97,0.));
#309 = LINE('',#310,#311);
#310 = CARTESIAN_POINT('',(-1.27,-13.716,0.));
#311 = VECTOR('',#312,1.);
#312 = DIRECTION('',(0.707106781187,-0.707106781187,0.));
#313 = ORIENTED_EDGE('',*,*,#314,.T.);
#314 = EDGE_CURVE('',#307,#315,#317,.T.);
#315 = VERTEX_POINT('',#316);
#316 = CARTESIAN_POINT('',(1.016,-13.97,0.));
#317 = LINE('',#318,#319);
#318 = CARTESIAN_POINT('',(-1.016,-13.97,0.));
#319 = VECTOR('',#320,1.);
#320 = DIRECTION('',(1.,0.,0.));
#321 = ORIENTED_EDGE('',*,*,#322,.T.);
#322 = EDGE_CURVE('',#315,#323,#325,.T.);
#323 = VERTEX_POINT('',#324);
#324 = CARTESIAN_POINT('',(1.27,-13.716,0.));
#325 = LINE('',#326,#327);
#326 = CARTESIAN_POINT('',(1.016,-13.97,0.));
#327 = VECTOR('',#328,1.);
#328 = DIRECTION('',(0.707106781187,0.707106781187,0.));
#329 = ORIENTED_EDGE('',*,*,#330,.T.);
#330 = EDGE_CURVE('',#323,#331,#333,.T.);
#331 = VERTEX_POINT('',#332);
#332 = CARTESIAN_POINT('',(1.27,-11.684,0.));
#333 = LINE('',#334,#335);
#334 = CARTESIAN_POINT('',(1.27,-13.716,0.));
#335 = VECTOR('',#336,1.);
#336 = DIRECTION('',(0.,1.,0.));
#337 = ORIENTED_EDGE('',*,*,#338,.T.);
#338 = EDGE_CURVE('',#331,#339,#341,.T.);
#339 = VERTEX_POINT('',#340);
#340 = CARTESIAN_POINT('',(1.016,-11.43,0.));
#341 = LINE('',#342,#343);
#342 = CARTESIAN_POINT('',(1.27,-11.684,0.));
#343 = VECTOR('',#344,1.);
#344 = DIRECTION('',(-0.707106781187,0.707106781187,0.));
#345 = ORIENTED_EDGE('',*,*,#346,.T.);
#346 = EDGE_CURVE('',#339,#347,#349,.T.);
#347 = VERTEX_POINT('',#348);
#348 = CARTESIAN_POINT('',(1.27,-11.176,0.));
#349 = LINE('',#350,#351);
#350 = CARTESIAN_POINT('',(1.016,-11.43,0.));
#351 = VECTOR('',#352,1.);
#352 = DIRECTION('',(0.707106781187,0.707106781187,0.));
#353 = ORIENTED_EDGE('',*,*,#354,.T.);
#354 = EDGE_CURVE('',#347,#355,#357,.T.);
#355 = VERTEX_POINT('',#356);
#356 = CARTESIAN_POINT('',(1.27,-9.144,0.));
#357 = LINE('',#358,#359);
#358 = CARTESIAN_POINT('',(1.27,-11.176,0.));
#359 = VECTOR('',#360,1.);
#360 = DIRECTION('',(0.,1.,0.));
#361 = ORIENTED_EDGE('',*,*,#362,.T.);
#362 = EDGE_CURVE('',#355,#363,#365,.T.);
#363 = VERTEX_POINT('',#364);
#364 = CARTESIAN_POINT('',(1.016,-8.89,0.));
#365 = LINE('',#366,#367);
#366 = CARTESIAN_POINT('',(1.27,-9.144,0.));
#367 = VECTOR('',#368,1.);
#368 = DIRECTION('',(-0.707106781187,0.707106781187,0.));
#369 = ORIENTED_EDGE('',*,*,#370,.T.);
#370 = EDGE_CURVE('',#363,#371,#373,.T.);
#371 = VERTEX_POINT('',#372);
#372 = CARTESIAN_POINT('',(1.27,-8.636,0.));
#373 = LINE('',#374,#375);
#374 = CARTESIAN_POINT('',(1.016,-8.89,0.));
#375 = VECTOR('',#376,1.);
#376 = DIRECTION('',(0.707106781187,0.707106781187,0.));
#377 = ORIENTED_EDGE('',*,*,#378,.T.);
#378 = EDGE_CURVE('',#371,#379,#381,.T.);
#379 = VERTEX_POINT('',#380);
#380 = CARTESIAN_POINT('',(1.27,-6.604,0.));
#381 = LINE('',#382,#383);
#382 = CARTESIAN_POINT('',(1.27,-8.636,0.));
#383 = VECTOR('',#384,1.);
#384 = DIRECTION('',(0.,1.,0.));
#385 = ORIENTED_EDGE('',*,*,#386,.T.);
#386 = EDGE_CURVE('',#379,#387,#389,.T.);
#387 = VERTEX_POINT('',#388);
#388 = CARTESIAN_POINT('',(1.016,-6.35,0.));
#389 = LINE('',#390,#391);
#390 = CARTESIAN_POINT('',(1.27,-6.604,0.));
#391 = VECTOR('',#392,1.);
#392 = DIRECTION('',(-0.707106781187,0.707106781187,0.));
#393 = ORIENTED_EDGE('',*,*,#394,.T.);
#394 = EDGE_CURVE('',#387,#395,#397,.T.);
#395 = VERTEX_POINT('',#396);
#396 = CARTESIAN_POINT('',(1.27,-6.096,0.));
#397 = LINE('',#398,#399);
#398 = CARTESIAN_POINT('',(1.016,-6.35,0.));
#399 = VECTOR('',#400,1.);
#400 = DIRECTION('',(0.707106781187,0.707106781187,0.));
#401 = ORIENTED_EDGE('',*,*,#402,.T.);
#402 = EDGE_CURVE('',#395,#403,#405,.T.);
#403 = VERTEX_POINT('',#404);
#404 = CARTESIAN_POINT('',(1.27,-4.064,0.));
#405 = LINE('',#406,#407);
#406 = CARTESIAN_POINT('',(1.27,-6.096,0.));
#407 = VECTOR('',#408,1.);
#408 = DIRECTION('',(0.,1.,0.));
#409 = ORIENTED_EDGE('',*,*,#410,.T.);
#410 = EDGE_CURVE('',#403,#411,#413,.T.);
#411 = VERTEX_POINT('',#412);
#412 = CARTESIAN_POINT('',(1.016,-3.81,0.));
#413 = LINE('',#414,#415);
#414 = CARTESIAN_POINT('',(1.27,-4.064,0.));
#415 = VECTOR('',#416,1.);
#416 = DIRECTION('',(-0.707106781187,0.707106781187,0.));
#417 = ORIENTED_EDGE('',*,*,#418,.T.);
#418 = EDGE_CURVE('',#411,#419,#421,.T.);
#419 = VERTEX_POINT('',#420);
#420 = CARTESIAN_POINT('',(1.27,-3.556,0.));
#421 = LINE('',#422,#423);
#422 = CARTESIAN_POINT('',(1.016,-3.81,0.));
#423 = VECTOR('',#424,1.);
#424 = DIRECTION('',(0.707106781187,0.707106781187,0.));
#425 = ORIENTED_EDGE('',*,*,#426,.T.);
#426 = EDGE_CURVE('',#419,#427,#429,.T.);
#427 = VERTEX_POINT('',#428);
#428 = CARTESIAN_POINT('',(1.27,-1.524,0.));
#429 = LINE('',#430,#431);
#430 = CARTESIAN_POINT('',(1.27,-3.556,0.));
#431 = VECTOR('',#432,1.);
#432 = DIRECTION('',(0.,1.,0.));
#433 = ORIENTED_EDGE('',*,*,#434,.T.);
#434 = EDGE_CURVE('',#427,#435,#437,.T.);
#435 = VERTEX_POINT('',#436);
#436 = CARTESIAN_POINT('',(1.016,-1.27,0.));
#437 = LINE('',#438,#439);
#438 = CARTESIAN_POINT('',(1.27,-1.524,0.));
#439 = VECTOR('',#440,1.);
#440 = DIRECTION('',(-0.707106781187,0.707106781187,0.));
#441 = ORIENTED_EDGE('',*,*,#442,.T.);
#442 = EDGE_CURVE('',#435,#443,#445,.T.);
#443 = VERTEX_POINT('',#444);
#444 = CARTESIAN_POINT('',(1.27,-1.016,0.));
#445 = LINE('',#446,#447);
#446 = CARTESIAN_POINT('',(1.016,-1.27,0.));
#447 = VECTOR('',#448,1.);
#448 = DIRECTION('',(0.707106781187,0.707106781187,0.));
#449 = ORIENTED_EDGE('',*,*,#450,.T.);
#450 = EDGE_CURVE('',#443,#451,#453,.T.);
#451 = VERTEX_POINT('',#452);
#452 = CARTESIAN_POINT('',(1.27,1.016,0.));
#453 = LINE('',#454,#455);
#454 = CARTESIAN_POINT('',(1.27,-1.016,0.));
#455 = VECTOR('',#456,1.);
#456 = DIRECTION('',(0.,1.,0.));
#457 = ORIENTED_EDGE('',*,*,#458,.T.);
#458 = EDGE_CURVE('',#451,#123,#459,.T.);
#459 = LINE('',#460,#461);
#460 = CARTESIAN_POINT('',(1.27,1.016,0.));
#461 = VECTOR('',#462,1.);
#462 = DIRECTION('',(-0.707106781187,0.707106781187,0.));
#463 = ORIENTED_EDGE('',*,*,#139,.T.);
#464 = FACE_BOUND('',#465,.F.);
#465 = EDGE_LOOP('',(#466,#476,#484,#492));
#466 = ORIENTED_EDGE('',*,*,#467,.F.);
#467 = EDGE_CURVE('',#468,#470,#472,.T.);
#468 = VERTEX_POINT('',#469);
#469 = CARTESIAN_POINT('',(0.32,-0.32,0.));
#470 = VERTEX_POINT('',#471);
#471 = CARTESIAN_POINT('',(0.32,0.32,0.));
#472 = LINE('',#473,#474);
#473 = CARTESIAN_POINT('',(0.32,-3.335,0.));
#474 = VECTOR('',#475,1.);
#475 = DIRECTION('',(0.,1.,0.));
#476 = ORIENTED_EDGE('',*,*,#477,.T.);
#477 = EDGE_CURVE('',#468,#478,#480,.T.);
#478 = VERTEX_POINT('',#479);
#479 = CARTESIAN_POINT('',(-0.32,-0.32,0.));
#480 = LINE('',#481,#482);
#481 = CARTESIAN_POINT('',(-0.16,-0.32,0.));
#482 = VECTOR('',#483,1.);
#483 = DIRECTION('',(-1.,0.,0.));
#484 = ORIENTED_EDGE('',*,*,#485,.T.);
#485 = EDGE_CURVE('',#478,#486,#488,.T.);
#486 = VERTEX_POINT('',#487);
#487 = CARTESIAN_POINT('',(-0.32,0.32,0.));
#488 = LINE('',#489,#490);
#489 = CARTESIAN_POINT('',(-0.32,-3.335,0.));
#490 = VECTOR('',#491,1.);
#491 = DIRECTION('',(0.,1.,0.));
#492 = ORIENTED_EDGE('',*,*,#493,.F.);
#493 = EDGE_CURVE('',#470,#486,#494,.T.);
#494 = LINE('',#495,#496);
#495 = CARTESIAN_POINT('',(-0.16,0.32,0.));
#496 = VECTOR('',#497,1.);
#497 = DIRECTION('',(-1.,0.,0.));
#498 = FACE_BOUND('',#499,.F.);
#499 = EDGE_LOOP('',(#500,#510,#518,#526));
#500 = ORIENTED_EDGE('',*,*,#501,.F.);
#501 = EDGE_CURVE('',#502,#504,#506,.T.);
#502 = VERTEX_POINT('',#503);
#503 = CARTESIAN_POINT('',(0.32,-5.4,0.));
#504 = VERTEX_POINT('',#505);
#505 = CARTESIAN_POINT('',(0.32,-4.76,0.));
#506 = LINE('',#507,#508);
#507 = CARTESIAN_POINT('',(0.32,-5.875,0.));
#508 = VECTOR('',#509,1.);
#509 = DIRECTION('',(0.,1.,0.));
#510 = ORIENTED_EDGE('',*,*,#511,.T.);
#511 = EDGE_CURVE('',#502,#512,#514,.T.);
#512 = VERTEX_POINT('',#513);
#513 = CARTESIAN_POINT('',(-0.32,-5.4,0.));
#514 = LINE('',#515,#516);
#515 = CARTESIAN_POINT('',(-0.16,-5.4,0.));
#516 = VECTOR('',#517,1.);
#517 = DIRECTION('',(-1.,0.,0.));
#518 = ORIENTED_EDGE('',*,*,#519,.T.);
#519 = EDGE_CURVE('',#512,#520,#522,.T.);
#520 = VERTEX_POINT('',#521);
#521 = CARTESIAN_POINT('',(-0.32,-4.76,0.));
#522 = LINE('',#523,#524);
#523 = CARTESIAN_POINT('',(-0.32,-5.875,0.));
#524 = VECTOR('',#525,1.);
#525 = DIRECTION('',(0.,1.,0.));
#526 = ORIENTED_EDGE('',*,*,#527,.F.);
#527 = EDGE_CURVE('',#504,#520,#528,.T.);
#528 = LINE('',#529,#530);
#529 = CARTESIAN_POINT('',(-0.16,-4.76,0.));
#530 = VECTOR('',#531,1.);
#531 = DIRECTION('',(-1.,0.,0.));
#532 = FACE_BOUND('',#533,.F.);
#533 = EDGE_LOOP('',(#534,#544,#552,#560));
#534 = ORIENTED_EDGE('',*,*,#535,.F.);
#535 = EDGE_CURVE('',#536,#538,#540,.T.);
#536 = VERTEX_POINT('',#537);
#537 = CARTESIAN_POINT('',(0.32,-2.86,0.));
#538 = VERTEX_POINT('',#539);
#539 = CARTESIAN_POINT('',(0.32,-2.22,0.));
#540 = LINE('',#541,#542);
#541 = CARTESIAN_POINT('',(0.32,-4.605,0.));
#542 = VECTOR('',#543,1.);
#543 = DIRECTION('',(0.,1.,0.));
#544 = ORIENTED_EDGE('',*,*,#545,.T.);
#545 = EDGE_CURVE('',#536,#546,#548,.T.);
#546 = VERTEX_POINT('',#547);
#547 = CARTESIAN_POINT('',(-0.32,-2.86,0.));
#548 = LINE('',#549,#550);
#549 = CARTESIAN_POINT('',(-0.16,-2.86,0.));
#550 = VECTOR('',#551,1.);
#551 = DIRECTION('',(-1.,0.,0.));
#552 = ORIENTED_EDGE('',*,*,#553,.T.);
#553 = EDGE_CURVE('',#546,#554,#556,.T.);
#554 = VERTEX_POINT('',#555);
#555 = CARTESIAN_POINT('',(-0.32,-2.22,0.));
#556 = LINE('',#557,#558);
#557 = CARTESIAN_POINT('',(-0.32,-4.605,0.));
#558 = VECTOR('',#559,1.);
#559 = DIRECTION('',(0.,1.,0.));
#560 = ORIENTED_EDGE('',*,*,#561,.F.);
#561 = EDGE_CURVE('',#538,#554,#562,.T.);
#562 = LINE('',#563,#564);
#563 = CARTESIAN_POINT('',(-0.16,-2.22,0.));
#564 = VECTOR('',#565,1.);
#565 = DIRECTION('',(-1.,0.,0.));
#566 = FACE_BOUND('',#567,.F.);
#567 = EDGE_LOOP('',(#568,#578,#586,#594));
#568 = ORIENTED_EDGE('',*,*,#569,.T.);
#569 = EDGE_CURVE('',#570,#572,#574,.T.);
#570 = VERTEX_POINT('',#571);
#571 = CARTESIAN_POINT('',(0.32,-13.02,0.));
#572 = VERTEX_POINT('',#573);
#573 = CARTESIAN_POINT('',(-0.32,-13.02,0.));
#574 = LINE('',#575,#576);
#575 = CARTESIAN_POINT('',(-0.16,-13.02,0.));
#576 = VECTOR('',#577,1.);
#577 = DIRECTION('',(-1.,0.,0.));
#578 = ORIENTED_EDGE('',*,*,#579,.T.);
#579 = EDGE_CURVE('',#572,#580,#582,.T.);
#580 = VERTEX_POINT('',#581);
#581 = CARTESIAN_POINT('',(-0.32,-12.38,0.));
#582 = LINE('',#583,#584);
#583 = CARTESIAN_POINT('',(-0.32,-9.685,0.));
#584 = VECTOR('',#585,1.);
#585 = DIRECTION('',(0.,1.,0.));
#586 = ORIENTED_EDGE('',*,*,#587,.F.);
#587 = EDGE_CURVE('',#588,#580,#590,.T.);
#588 = VERTEX_POINT('',#589);
#589 = CARTESIAN_POINT('',(0.32,-12.38,0.));
#590 = LINE('',#591,#592);
#591 = CARTESIAN_POINT('',(-0.16,-12.38,0.));
#592 = VECTOR('',#593,1.);
#593 = DIRECTION('',(-1.,0.,0.));
#594 = ORIENTED_EDGE('',*,*,#595,.F.);
#595 = EDGE_CURVE('',#570,#588,#596,.T.);
#596 = LINE('',#597,#598);
#597 = CARTESIAN_POINT('',(0.32,-9.685,0.));
#598 = VECTOR('',#599,1.);
#599 = DIRECTION('',(0.,1.,0.));
#600 = FACE_BOUND('',#601,.F.);
#601 = EDGE_LOOP('',(#602,#612,#620,#628));
#602 = ORIENTED_EDGE('',*,*,#603,.F.);
#603 = EDGE_CURVE('',#604,#606,#608,.T.);
#604 = VERTEX_POINT('',#605);
#605 = CARTESIAN_POINT('',(0.32,-9.84,0.));
#606 = VERTEX_POINT('',#607);
#607 = CARTESIAN_POINT('',(-0.32,-9.84,0.));
#608 = LINE('',#609,#610);
#609 = CARTESIAN_POINT('',(-0.16,-9.84,0.));
#610 = VECTOR('',#611,1.);
#611 = DIRECTION('',(-1.,0.,0.));
#612 = ORIENTED_EDGE('',*,*,#613,.F.);
#613 = EDGE_CURVE('',#614,#604,#616,.T.);
#614 = VERTEX_POINT('',#615);
#615 = CARTESIAN_POINT('',(0.32,-10.48,0.));
#616 = LINE('',#617,#618);
#617 = CARTESIAN_POINT('',(0.32,-8.415,0.));
#618 = VECTOR('',#619,1.);
#619 = DIRECTION('',(0.,1.,0.));
#620 = ORIENTED_EDGE('',*,*,#621,.T.);
#621 = EDGE_CURVE('',#614,#622,#624,.T.);
#622 = VERTEX_POINT('',#623);
#623 = CARTESIAN_POINT('',(-0.32,-10.48,0.));
#624 = LINE('',#625,#626);
#625 = CARTESIAN_POINT('',(-0.16,-10.48,0.));
#626 = VECTOR('',#627,1.);
#627 = DIRECTION('',(-1.,0.,0.));
#628 = ORIENTED_EDGE('',*,*,#629,.T.);
#629 = EDGE_CURVE('',#622,#606,#630,.T.);
#630 = LINE('',#631,#632);
#631 = CARTESIAN_POINT('',(-0.32,-8.415,0.));
#632 = VECTOR('',#633,1.);
#633 = DIRECTION('',(0.,1.,0.));
#634 = FACE_BOUND('',#635,.F.);
#635 = EDGE_LOOP('',(#636,#646,#654,#662));
#636 = ORIENTED_EDGE('',*,*,#637,.T.);
#637 = EDGE_CURVE('',#638,#640,#642,.T.);
#638 = VERTEX_POINT('',#639);
#639 = CARTESIAN_POINT('',(0.32,-7.94,0.));
#640 = VERTEX_POINT('',#641);
#641 = CARTESIAN_POINT('',(-0.32,-7.94,0.));
#642 = LINE('',#643,#644);
#643 = CARTESIAN_POINT('',(-0.16,-7.94,0.));
#644 = VECTOR('',#645,1.);
#645 = DIRECTION('',(-1.,0.,0.));
#646 = ORIENTED_EDGE('',*,*,#647,.T.);
#647 = EDGE_CURVE('',#640,#648,#650,.T.);
#648 = VERTEX_POINT('',#649);
#649 = CARTESIAN_POINT('',(-0.32,-7.3,0.));
#650 = LINE('',#651,#652);
#651 = CARTESIAN_POINT('',(-0.32,-7.145,0.));
#652 = VECTOR('',#653,1.);
#653 = DIRECTION('',(0.,1.,0.));
#654 = ORIENTED_EDGE('',*,*,#655,.F.);
#655 = EDGE_CURVE('',#656,#648,#658,.T.);
#656 = VERTEX_POINT('',#657);
#657 = CARTESIAN_POINT('',(0.32,-7.3,0.));
#658 = LINE('',#659,#660);
#659 = CARTESIAN_POINT('',(-0.16,-7.3,0.));
#660 = VECTOR('',#661,1.);
#661 = DIRECTION('',(-1.,0.,0.));
#662 = ORIENTED_EDGE('',*,*,#663,.F.);
#663 = EDGE_CURVE('',#638,#656,#664,.T.);
#664 = LINE('',#665,#666);
#665 = CARTESIAN_POINT('',(0.32,-7.145,0.));
#666 = VECTOR('',#667,1.);
#667 = DIRECTION('',(0.,1.,0.));
#668 = PLANE('',#669);
#669 = AXIS2_PLACEMENT_3D('',#670,#671,#672);
#670 = CARTESIAN_POINT('',(-1.797008255889E-17,-6.35,0.));
#671 = DIRECTION('',(0.,0.,1.));
#672 = DIRECTION('',(1.,0.,-0.));
#673 = ADVANCED_FACE('',(#674,#957,#991,#1025,#1059,#1093,#1127),#1161,
  .T.);
#674 = FACE_BOUND('',#675,.T.);
#675 = EDGE_LOOP('',(#676,#677,#678,#686,#694,#702,#710,#718,#726,#734,
    #742,#750,#758,#766,#774,#782,#790,#798,#806,#814,#822,#830,#838,
    #846,#854,#862,#870,#878,#886,#894,#902,#910,#918,#926,#934,#942,
    #950,#956));
#676 = ORIENTED_EDGE('',*,*,#92,.T.);
#677 = ORIENTED_EDGE('',*,*,#154,.T.);
#678 = ORIENTED_EDGE('',*,*,#679,.T.);
#679 = EDGE_CURVE('',#155,#680,#682,.T.);
#680 = VERTEX_POINT('',#681);
#681 = CARTESIAN_POINT('',(-1.016,-1.27,2.54));
#682 = LINE('',#683,#684);
#683 = CARTESIAN_POINT('',(-1.27,-1.016,2.54));
#684 = VECTOR('',#685,1.);
#685 = DIRECTION('',(0.707106781187,-0.707106781187,0.));
#686 = ORIENTED_EDGE('',*,*,#687,.T.);
#687 = EDGE_CURVE('',#680,#688,#690,.T.);
#688 = VERTEX_POINT('',#689);
#689 = CARTESIAN_POINT('',(-1.27,-1.524,2.54));
#690 = LINE('',#691,#692);
#691 = CARTESIAN_POINT('',(-1.016,-1.27,2.54));
#692 = VECTOR('',#693,1.);
#693 = DIRECTION('',(-0.707106781187,-0.707106781187,0.));
#694 = ORIENTED_EDGE('',*,*,#695,.T.);
#695 = EDGE_CURVE('',#688,#696,#698,.T.);
#696 = VERTEX_POINT('',#697);
#697 = CARTESIAN_POINT('',(-1.27,-3.556,2.54));
#698 = LINE('',#699,#700);
#699 = CARTESIAN_POINT('',(-1.27,-1.524,2.54));
#700 = VECTOR('',#701,1.);
#701 = DIRECTION('',(0.,-1.,0.));
#702 = ORIENTED_EDGE('',*,*,#703,.T.);
#703 = EDGE_CURVE('',#696,#704,#706,.T.);
#704 = VERTEX_POINT('',#705);
#705 = CARTESIAN_POINT('',(-1.016,-3.81,2.54));
#706 = LINE('',#707,#708);
#707 = CARTESIAN_POINT('',(-1.27,-3.556,2.54));
#708 = VECTOR('',#709,1.);
#709 = DIRECTION('',(0.707106781187,-0.707106781187,0.));
#710 = ORIENTED_EDGE('',*,*,#711,.T.);
#711 = EDGE_CURVE('',#704,#712,#714,.T.);
#712 = VERTEX_POINT('',#713);
#713 = CARTESIAN_POINT('',(-1.27,-4.064,2.54));
#714 = LINE('',#715,#716);
#715 = CARTESIAN_POINT('',(-1.016,-3.81,2.54));
#716 = VECTOR('',#717,1.);
#717 = DIRECTION('',(-0.707106781187,-0.707106781187,0.));
#718 = ORIENTED_EDGE('',*,*,#719,.T.);
#719 = EDGE_CURVE('',#712,#720,#722,.T.);
#720 = VERTEX_POINT('',#721);
#721 = CARTESIAN_POINT('',(-1.27,-6.096,2.54));
#722 = LINE('',#723,#724);
#723 = CARTESIAN_POINT('',(-1.27,-4.064,2.54));
#724 = VECTOR('',#725,1.);
#725 = DIRECTION('',(0.,-1.,0.));
#726 = ORIENTED_EDGE('',*,*,#727,.T.);
#727 = EDGE_CURVE('',#720,#728,#730,.T.);
#728 = VERTEX_POINT('',#729);
#729 = CARTESIAN_POINT('',(-1.016,-6.35,2.54));
#730 = LINE('',#731,#732);
#731 = CARTESIAN_POINT('',(-1.27,-6.096,2.54));
#732 = VECTOR('',#733,1.);
#733 = DIRECTION('',(0.707106781187,-0.707106781187,0.));
#734 = ORIENTED_EDGE('',*,*,#735,.T.);
#735 = EDGE_CURVE('',#728,#736,#738,.T.);
#736 = VERTEX_POINT('',#737);
#737 = CARTESIAN_POINT('',(-1.27,-6.604,2.54));
#738 = LINE('',#739,#740);
#739 = CARTESIAN_POINT('',(-1.016,-6.35,2.54));
#740 = VECTOR('',#741,1.);
#741 = DIRECTION('',(-0.707106781187,-0.707106781187,0.));
#742 = ORIENTED_EDGE('',*,*,#743,.T.);
#743 = EDGE_CURVE('',#736,#744,#746,.T.);
#744 = VERTEX_POINT('',#745);
#745 = CARTESIAN_POINT('',(-1.27,-8.636,2.54));
#746 = LINE('',#747,#748);
#747 = CARTESIAN_POINT('',(-1.27,-6.604,2.54));
#748 = VECTOR('',#749,1.);
#749 = DIRECTION('',(0.,-1.,0.));
#750 = ORIENTED_EDGE('',*,*,#751,.T.);
#751 = EDGE_CURVE('',#744,#752,#754,.T.);
#752 = VERTEX_POINT('',#753);
#753 = CARTESIAN_POINT('',(-1.016,-8.89,2.54));
#754 = LINE('',#755,#756);
#755 = CARTESIAN_POINT('',(-1.27,-8.636,2.54));
#756 = VECTOR('',#757,1.);
#757 = DIRECTION('',(0.707106781187,-0.707106781187,0.));
#758 = ORIENTED_EDGE('',*,*,#759,.T.);
#759 = EDGE_CURVE('',#752,#760,#762,.T.);
#760 = VERTEX_POINT('',#761);
#761 = CARTESIAN_POINT('',(-1.27,-9.144,2.54));
#762 = LINE('',#763,#764);
#763 = CARTESIAN_POINT('',(-1.016,-8.89,2.54));
#764 = VECTOR('',#765,1.);
#765 = DIRECTION('',(-0.707106781187,-0.707106781187,0.));
#766 = ORIENTED_EDGE('',*,*,#767,.T.);
#767 = EDGE_CURVE('',#760,#768,#770,.T.);
#768 = VERTEX_POINT('',#769);
#769 = CARTESIAN_POINT('',(-1.27,-11.176,2.54));
#770 = LINE('',#771,#772);
#771 = CARTESIAN_POINT('',(-1.27,-9.144,2.54));
#772 = VECTOR('',#773,1.);
#773 = DIRECTION('',(0.,-1.,0.));
#774 = ORIENTED_EDGE('',*,*,#775,.T.);
#775 = EDGE_CURVE('',#768,#776,#778,.T.);
#776 = VERTEX_POINT('',#777);
#777 = CARTESIAN_POINT('',(-1.016,-11.43,2.54));
#778 = LINE('',#779,#780);
#779 = CARTESIAN_POINT('',(-1.27,-11.176,2.54));
#780 = VECTOR('',#781,1.);
#781 = DIRECTION('',(0.707106781187,-0.707106781187,0.));
#782 = ORIENTED_EDGE('',*,*,#783,.T.);
#783 = EDGE_CURVE('',#776,#784,#786,.T.);
#784 = VERTEX_POINT('',#785);
#785 = CARTESIAN_POINT('',(-1.27,-11.684,2.54));
#786 = LINE('',#787,#788);
#787 = CARTESIAN_POINT('',(-1.016,-11.43,2.54));
#788 = VECTOR('',#789,1.);
#789 = DIRECTION('',(-0.707106781187,-0.707106781187,0.));
#790 = ORIENTED_EDGE('',*,*,#791,.T.);
#791 = EDGE_CURVE('',#784,#792,#794,.T.);
#792 = VERTEX_POINT('',#793);
#793 = CARTESIAN_POINT('',(-1.27,-13.716,2.54));
#794 = LINE('',#795,#796);
#795 = CARTESIAN_POINT('',(-1.27,-11.684,2.54));
#796 = VECTOR('',#797,1.);
#797 = DIRECTION('',(0.,-1.,0.));
#798 = ORIENTED_EDGE('',*,*,#799,.T.);
#799 = EDGE_CURVE('',#792,#800,#802,.T.);
#800 = VERTEX_POINT('',#801);
#801 = CARTESIAN_POINT('',(-1.016,-13.97,2.54));
#802 = LINE('',#803,#804);
#803 = CARTESIAN_POINT('',(-1.27,-13.716,2.54));
#804 = VECTOR('',#805,1.);
#805 = DIRECTION('',(0.707106781187,-0.707106781187,0.));
#806 = ORIENTED_EDGE('',*,*,#807,.T.);
#807 = EDGE_CURVE('',#800,#808,#810,.T.);
#808 = VERTEX_POINT('',#809);
#809 = CARTESIAN_POINT('',(1.016,-13.97,2.54));
#810 = LINE('',#811,#812);
#811 = CARTESIAN_POINT('',(-1.016,-13.97,2.54));
#812 = VECTOR('',#813,1.);
#813 = DIRECTION('',(1.,0.,0.));
#814 = ORIENTED_EDGE('',*,*,#815,.T.);
#815 = EDGE_CURVE('',#808,#816,#818,.T.);
#816 = VERTEX_POINT('',#817);
#817 = CARTESIAN_POINT('',(1.27,-13.716,2.54));
#818 = LINE('',#819,#820);
#819 = CARTESIAN_POINT('',(1.016,-13.97,2.54));
#820 = VECTOR('',#821,1.);
#821 = DIRECTION('',(0.707106781187,0.707106781187,0.));
#822 = ORIENTED_EDGE('',*,*,#823,.T.);
#823 = EDGE_CURVE('',#816,#824,#826,.T.);
#824 = VERTEX_POINT('',#825);
#825 = CARTESIAN_POINT('',(1.27,-11.684,2.54));
#826 = LINE('',#827,#828);
#827 = CARTESIAN_POINT('',(1.27,-13.716,2.54));
#828 = VECTOR('',#829,1.);
#829 = DIRECTION('',(0.,1.,0.));
#830 = ORIENTED_EDGE('',*,*,#831,.T.);
#831 = EDGE_CURVE('',#824,#832,#834,.T.);
#832 = VERTEX_POINT('',#833);
#833 = CARTESIAN_POINT('',(1.016,-11.43,2.54));
#834 = LINE('',#835,#836);
#835 = CARTESIAN_POINT('',(1.27,-11.684,2.54));
#836 = VECTOR('',#837,1.);
#837 = DIRECTION('',(-0.707106781187,0.707106781187,0.));
#838 = ORIENTED_EDGE('',*,*,#839,.T.);
#839 = EDGE_CURVE('',#832,#840,#842,.T.);
#840 = VERTEX_POINT('',#841);
#841 = CARTESIAN_POINT('',(1.27,-11.176,2.54));
#842 = LINE('',#843,#844);
#843 = CARTESIAN_POINT('',(1.016,-11.43,2.54));
#844 = VECTOR('',#845,1.);
#845 = DIRECTION('',(0.707106781187,0.707106781187,0.));
#846 = ORIENTED_EDGE('',*,*,#847,.T.);
#847 = EDGE_CURVE('',#840,#848,#850,.T.);
#848 = VERTEX_POINT('',#849);
#849 = CARTESIAN_POINT('',(1.27,-9.144,2.54));
#850 = LINE('',#851,#852);
#851 = CARTESIAN_POINT('',(1.27,-11.176,2.54));
#852 = VECTOR('',#853,1.);
#853 = DIRECTION('',(0.,1.,0.));
#854 = ORIENTED_EDGE('',*,*,#855,.T.);
#855 = EDGE_CURVE('',#848,#856,#858,.T.);
#856 = VERTEX_POINT('',#857);
#857 = CARTESIAN_POINT('',(1.016,-8.89,2.54));
#858 = LINE('',#859,#860);
#859 = CARTESIAN_POINT('',(1.27,-9.144,2.54));
#860 = VECTOR('',#861,1.);
#861 = DIRECTION('',(-0.707106781187,0.707106781187,0.));
#862 = ORIENTED_EDGE('',*,*,#863,.T.);
#863 = EDGE_CURVE('',#856,#864,#866,.T.);
#864 = VERTEX_POINT('',#865);
#865 = CARTESIAN_POINT('',(1.27,-8.636,2.54));
#866 = LINE('',#867,#868);
#867 = CARTESIAN_POINT('',(1.016,-8.89,2.54));
#868 = VECTOR('',#869,1.);
#869 = DIRECTION('',(0.707106781187,0.707106781187,0.));
#870 = ORIENTED_EDGE('',*,*,#871,.T.);
#871 = EDGE_CURVE('',#864,#872,#874,.T.);
#872 = VERTEX_POINT('',#873);
#873 = CARTESIAN_POINT('',(1.27,-6.604,2.54));
#874 = LINE('',#875,#876);
#875 = CARTESIAN_POINT('',(1.27,-8.636,2.54));
#876 = VECTOR('',#877,1.);
#877 = DIRECTION('',(0.,1.,0.));
#878 = ORIENTED_EDGE('',*,*,#879,.T.);
#879 = EDGE_CURVE('',#872,#880,#882,.T.);
#880 = VERTEX_POINT('',#881);
#881 = CARTESIAN_POINT('',(1.016,-6.35,2.54));
#882 = LINE('',#883,#884);
#883 = CARTESIAN_POINT('',(1.27,-6.604,2.54));
#884 = VECTOR('',#885,1.);
#885 = DIRECTION('',(-0.707106781187,0.707106781187,0.));
#886 = ORIENTED_EDGE('',*,*,#887,.T.);
#887 = EDGE_CURVE('',#880,#888,#890,.T.);
#888 = VERTEX_POINT('',#889);
#889 = CARTESIAN_POINT('',(1.27,-6.096,2.54));
#890 = LINE('',#891,#892);
#891 = CARTESIAN_POINT('',(1.016,-6.35,2.54));
#892 = VECTOR('',#893,1.);
#893 = DIRECTION('',(0.707106781187,0.707106781187,0.));
#894 = ORIENTED_EDGE('',*,*,#895,.T.);
#895 = EDGE_CURVE('',#888,#896,#898,.T.);
#896 = VERTEX_POINT('',#897);
#897 = CARTESIAN_POINT('',(1.27,-4.064,2.54));
#898 = LINE('',#899,#900);
#899 = CARTESIAN_POINT('',(1.27,-6.096,2.54));
#900 = VECTOR('',#901,1.);
#901 = DIRECTION('',(0.,1.,0.));
#902 = ORIENTED_EDGE('',*,*,#903,.T.);
#903 = EDGE_CURVE('',#896,#904,#906,.T.);
#904 = VERTEX_POINT('',#905);
#905 = CARTESIAN_POINT('',(1.016,-3.81,2.54));
#906 = LINE('',#907,#908);
#907 = CARTESIAN_POINT('',(1.27,-4.064,2.54));
#908 = VECTOR('',#909,1.);
#909 = DIRECTION('',(-0.707106781187,0.707106781187,0.));
#910 = ORIENTED_EDGE('',*,*,#911,.T.);
#911 = EDGE_CURVE('',#904,#912,#914,.T.);
#912 = VERTEX_POINT('',#913);
#913 = CARTESIAN_POINT('',(1.27,-3.556,2.54));
#914 = LINE('',#915,#916);
#915 = CARTESIAN_POINT('',(1.016,-3.81,2.54));
#916 = VECTOR('',#917,1.);
#917 = DIRECTION('',(0.707106781187,0.707106781187,0.));
#918 = ORIENTED_EDGE('',*,*,#919,.T.);
#919 = EDGE_CURVE('',#912,#920,#922,.T.);
#920 = VERTEX_POINT('',#921);
#921 = CARTESIAN_POINT('',(1.27,-1.524,2.54));
#922 = LINE('',#923,#924);
#923 = CARTESIAN_POINT('',(1.27,-3.556,2.54));
#924 = VECTOR('',#925,1.);
#925 = DIRECTION('',(0.,1.,0.));
#926 = ORIENTED_EDGE('',*,*,#927,.T.);
#927 = EDGE_CURVE('',#920,#928,#930,.T.);
#928 = VERTEX_POINT('',#929);
#929 = CARTESIAN_POINT('',(1.016,-1.27,2.54));
#930 = LINE('',#931,#932);
#931 = CARTESIAN_POINT('',(1.27,-1.524,2.54));
#932 = VECTOR('',#933,1.);
#933 = DIRECTION('',(-0.707106781187,0.707106781187,0.));
#934 = ORIENTED_EDGE('',*,*,#935,.T.);
#935 = EDGE_CURVE('',#928,#936,#938,.T.);
#936 = VERTEX_POINT('',#937);
#937 = CARTESIAN_POINT('',(1.27,-1.016,2.54));
#938 = LINE('',#939,#940);
#939 = CARTESIAN_POINT('',(1.016,-1.27,2.54));
#940 = VECTOR('',#941,1.);
#941 = DIRECTION('',(0.707106781187,0.707106781187,0.));
#942 = ORIENTED_EDGE('',*,*,#943,.T.);
#943 = EDGE_CURVE('',#936,#944,#946,.T.);
#944 = VERTEX_POINT('',#945);
#945 = CARTESIAN_POINT('',(1.27,1.016,2.54));
#946 = LINE('',#947,#948);
#947 = CARTESIAN_POINT('',(1.27,-1.016,2.54));
#948 = VECTOR('',#949,1.);
#949 = DIRECTION('',(0.,1.,0.));
#950 = ORIENTED_EDGE('',*,*,#951,.T.);
#951 = EDGE_CURVE('',#944,#125,#952,.T.);
#952 = LINE('',#953,#954);
#953 = CARTESIAN_POINT('',(1.27,1.016,2.54));
#954 = VECTOR('',#955,1.);
#955 = DIRECTION('',(-0.707106781187,0.707106781187,0.));
#956 = ORIENTED_EDGE('',*,*,#132,.T.);
#957 = FACE_BOUND('',#958,.T.);
#958 = EDGE_LOOP('',(#959,#969,#977,#985));
#959 = ORIENTED_EDGE('',*,*,#960,.F.);
#960 = EDGE_CURVE('',#961,#963,#965,.T.);
#961 = VERTEX_POINT('',#962);
#962 = CARTESIAN_POINT('',(0.32,-0.32,2.54));
#963 = VERTEX_POINT('',#964);
#964 = CARTESIAN_POINT('',(0.32,0.32,2.54));
#965 = LINE('',#966,#967);
#966 = CARTESIAN_POINT('',(0.32,-3.335,2.54));
#967 = VECTOR('',#968,1.);
#968 = DIRECTION('',(0.,1.,0.));
#969 = ORIENTED_EDGE('',*,*,#970,.T.);
#970 = EDGE_CURVE('',#961,#971,#973,.T.);
#971 = VERTEX_POINT('',#972);
#972 = CARTESIAN_POINT('',(-0.32,-0.32,2.54));
#973 = LINE('',#974,#975);
#974 = CARTESIAN_POINT('',(-0.16,-0.32,2.54));
#975 = VECTOR('',#976,1.);
#976 = DIRECTION('',(-1.,0.,0.));
#977 = ORIENTED_EDGE('',*,*,#978,.T.);
#978 = EDGE_CURVE('',#971,#979,#981,.T.);
#979 = VERTEX_POINT('',#980);
#980 = CARTESIAN_POINT('',(-0.32,0.32,2.54));
#981 = LINE('',#982,#983);
#982 = CARTESIAN_POINT('',(-0.32,-3.335,2.54));
#983 = VECTOR('',#984,1.);
#984 = DIRECTION('',(0.,1.,0.));
#985 = ORIENTED_EDGE('',*,*,#986,.F.);
#986 = EDGE_CURVE('',#963,#979,#987,.T.);
#987 = LINE('',#988,#989);
#988 = CARTESIAN_POINT('',(-0.16,0.32,2.54));
#989 = VECTOR('',#990,1.);
#990 = DIRECTION('',(-1.,0.,0.));
#991 = FACE_BOUND('',#992,.T.);
#992 = EDGE_LOOP('',(#993,#1003,#1011,#1019));
#993 = ORIENTED_EDGE('',*,*,#994,.F.);
#994 = EDGE_CURVE('',#995,#997,#999,.T.);
#995 = VERTEX_POINT('',#996);
#996 = CARTESIAN_POINT('',(0.32,-5.4,2.54));
#997 = VERTEX_POINT('',#998);
#998 = CARTESIAN_POINT('',(0.32,-4.76,2.54));
#999 = LINE('',#1000,#1001);
#1000 = CARTESIAN_POINT('',(0.32,-5.875,2.54));
#1001 = VECTOR('',#1002,1.);
#1002 = DIRECTION('',(0.,1.,0.));
#1003 = ORIENTED_EDGE('',*,*,#1004,.T.);
#1004 = EDGE_CURVE('',#995,#1005,#1007,.T.);
#1005 = VERTEX_POINT('',#1006);
#1006 = CARTESIAN_POINT('',(-0.32,-5.4,2.54));
#1007 = LINE('',#1008,#1009);
#1008 = CARTESIAN_POINT('',(-0.16,-5.4,2.54));
#1009 = VECTOR('',#1010,1.);
#1010 = DIRECTION('',(-1.,0.,0.));
#1011 = ORIENTED_EDGE('',*,*,#1012,.T.);
#1012 = EDGE_CURVE('',#1005,#1013,#1015,.T.);
#1013 = VERTEX_POINT('',#1014);
#1014 = CARTESIAN_POINT('',(-0.32,-4.76,2.54));
#1015 = LINE('',#1016,#1017);
#1016 = CARTESIAN_POINT('',(-0.32,-5.875,2.54));
#1017 = VECTOR('',#1018,1.);
#1018 = DIRECTION('',(0.,1.,0.));
#1019 = ORIENTED_EDGE('',*,*,#1020,.F.);
#1020 = EDGE_CURVE('',#997,#1013,#1021,.T.);
#1021 = LINE('',#1022,#1023);
#1022 = CARTESIAN_POINT('',(-0.16,-4.76,2.54));
#1023 = VECTOR('',#1024,1.);
#1024 = DIRECTION('',(-1.,0.,0.));
#1025 = FACE_BOUND('',#1026,.T.);
#1026 = EDGE_LOOP('',(#1027,#1037,#1045,#1053));
#1027 = ORIENTED_EDGE('',*,*,#1028,.F.);
#1028 = EDGE_CURVE('',#1029,#1031,#1033,.T.);
#1029 = VERTEX_POINT('',#1030);
#1030 = CARTESIAN_POINT('',(0.32,-2.86,2.54));
#1031 = VERTEX_POINT('',#1032);
#1032 = CARTESIAN_POINT('',(0.32,-2.22,2.54));
#1033 = LINE('',#1034,#1035);
#1034 = CARTESIAN_POINT('',(0.32,-4.605,2.54));
#1035 = VECTOR('',#1036,1.);
#1036 = DIRECTION('',(0.,1.,0.));
#1037 = ORIENTED_EDGE('',*,*,#1038,.T.);
#1038 = EDGE_CURVE('',#1029,#1039,#1041,.T.);
#1039 = VERTEX_POINT('',#1040);
#1040 = CARTESIAN_POINT('',(-0.32,-2.86,2.54));
#1041 = LINE('',#1042,#1043);
#1042 = CARTESIAN_POINT('',(-0.16,-2.86,2.54));
#1043 = VECTOR('',#1044,1.);
#1044 = DIRECTION('',(-1.,0.,0.));
#1045 = ORIENTED_EDGE('',*,*,#1046,.T.);
#1046 = EDGE_CURVE('',#1039,#1047,#1049,.T.);
#1047 = VERTEX_POINT('',#1048);
#1048 = CARTESIAN_POINT('',(-0.32,-2.22,2.54));
#1049 = LINE('',#1050,#1051);
#1050 = CARTESIAN_POINT('',(-0.32,-4.605,2.54));
#1051 = VECTOR('',#1052,1.);
#1052 = DIRECTION('',(0.,1.,0.));
#1053 = ORIENTED_EDGE('',*,*,#1054,.F.);
#1054 = EDGE_CURVE('',#1031,#1047,#1055,.T.);
#1055 = LINE('',#1056,#1057);
#1056 = CARTESIAN_POINT('',(-0.16,-2.22,2.54));
#1057 = VECTOR('',#1058,1.);
#1058 = DIRECTION('',(-1.,0.,0.));
#1059 = FACE_BOUND('',#1060,.T.);
#1060 = EDGE_LOOP('',(#1061,#1071,#1079,#1087));
#1061 = ORIENTED_EDGE('',*,*,#1062,.T.);
#1062 = EDGE_CURVE('',#1063,#1065,#1067,.T.);
#1063 = VERTEX_POINT('',#1064);
#1064 = CARTESIAN_POINT('',(0.32,-13.02,2.54));
#1065 = VERTEX_POINT('',#1066);
#1066 = CARTESIAN_POINT('',(-0.32,-13.02,2.54));
#1067 = LINE('',#1068,#1069);
#1068 = CARTESIAN_POINT('',(-0.16,-13.02,2.54));
#1069 = VECTOR('',#1070,1.);
#1070 = DIRECTION('',(-1.,0.,0.));
#1071 = ORIENTED_EDGE('',*,*,#1072,.T.);
#1072 = EDGE_CURVE('',#1065,#1073,#1075,.T.);
#1073 = VERTEX_POINT('',#1074);
#1074 = CARTESIAN_POINT('',(-0.32,-12.38,2.54));
#1075 = LINE('',#1076,#1077);
#1076 = CARTESIAN_POINT('',(-0.32,-9.685,2.54));
#1077 = VECTOR('',#1078,1.);
#1078 = DIRECTION('',(0.,1.,0.));
#1079 = ORIENTED_EDGE('',*,*,#1080,.F.);
#1080 = EDGE_CURVE('',#1081,#1073,#1083,.T.);
#1081 = VERTEX_POINT('',#1082);
#1082 = CARTESIAN_POINT('',(0.32,-12.38,2.54));
#1083 = LINE('',#1084,#1085);
#1084 = CARTESIAN_POINT('',(-0.16,-12.38,2.54));
#1085 = VECTOR('',#1086,1.);
#1086 = DIRECTION('',(-1.,0.,0.));
#1087 = ORIENTED_EDGE('',*,*,#1088,.F.);
#1088 = EDGE_CURVE('',#1063,#1081,#1089,.T.);
#1089 = LINE('',#1090,#1091);
#1090 = CARTESIAN_POINT('',(0.32,-9.685,2.54));
#1091 = VECTOR('',#1092,1.);
#1092 = DIRECTION('',(0.,1.,0.));
#1093 = FACE_BOUND('',#1094,.T.);
#1094 = EDGE_LOOP('',(#1095,#1105,#1113,#1121));
#1095 = ORIENTED_EDGE('',*,*,#1096,.F.);
#1096 = EDGE_CURVE('',#1097,#1099,#1101,.T.);
#1097 = VERTEX_POINT('',#1098);
#1098 = CARTESIAN_POINT('',(0.32,-9.84,2.54));
#1099 = VERTEX_POINT('',#1100);
#1100 = CARTESIAN_POINT('',(-0.32,-9.84,2.54));
#1101 = LINE('',#1102,#1103);
#1102 = CARTESIAN_POINT('',(-0.16,-9.84,2.54));
#1103 = VECTOR('',#1104,1.);
#1104 = DIRECTION('',(-1.,0.,0.));
#1105 = ORIENTED_EDGE('',*,*,#1106,.F.);
#1106 = EDGE_CURVE('',#1107,#1097,#1109,.T.);
#1107 = VERTEX_POINT('',#1108);
#1108 = CARTESIAN_POINT('',(0.32,-10.48,2.54));
#1109 = LINE('',#1110,#1111);
#1110 = CARTESIAN_POINT('',(0.32,-8.415,2.54));
#1111 = VECTOR('',#1112,1.);
#1112 = DIRECTION('',(0.,1.,0.));
#1113 = ORIENTED_EDGE('',*,*,#1114,.T.);
#1114 = EDGE_CURVE('',#1107,#1115,#1117,.T.);
#1115 = VERTEX_POINT('',#1116);
#1116 = CARTESIAN_POINT('',(-0.32,-10.48,2.54));
#1117 = LINE('',#1118,#1119);
#1118 = CARTESIAN_POINT('',(-0.16,-10.48,2.54));
#1119 = VECTOR('',#1120,1.);
#1120 = DIRECTION('',(-1.,0.,0.));
#1121 = ORIENTED_EDGE('',*,*,#1122,.T.);
#1122 = EDGE_CURVE('',#1115,#1099,#1123,.T.);
#1123 = LINE('',#1124,#1125);
#1124 = CARTESIAN_POINT('',(-0.32,-8.415,2.54));
#1125 = VECTOR('',#1126,1.);
#1126 = DIRECTION('',(0.,1.,0.));
#1127 = FACE_BOUND('',#1128,.T.);
#1128 = EDGE_LOOP('',(#1129,#1139,#1147,#1155));
#1129 = ORIENTED_EDGE('',*,*,#1130,.T.);
#1130 = EDGE_CURVE('',#1131,#1133,#1135,.T.);
#1131 = VERTEX_POINT('',#1132);
#1132 = CARTESIAN_POINT('',(0.32,-7.94,2.54));
#1133 = VERTEX_POINT('',#1134);
#1134 = CARTESIAN_POINT('',(-0.32,-7.94,2.54));
#1135 = LINE('',#1136,#1137);
#1136 = CARTESIAN_POINT('',(-0.16,-7.94,2.54));
#1137 = VECTOR('',#1138,1.);
#1138 = DIRECTION('',(-1.,0.,0.));
#1139 = ORIENTED_EDGE('',*,*,#1140,.T.);
#1140 = EDGE_CURVE('',#1133,#1141,#1143,.T.);
#1141 = VERTEX_POINT('',#1142);
#1142 = CARTESIAN_POINT('',(-0.32,-7.3,2.54));
#1143 = LINE('',#1144,#1145);
#1144 = CARTESIAN_POINT('',(-0.32,-7.145,2.54));
#1145 = VECTOR('',#1146,1.);
#1146 = DIRECTION('',(0.,1.,0.));
#1147 = ORIENTED_EDGE('',*,*,#1148,.F.);
#1148 = EDGE_CURVE('',#1149,#1141,#1151,.T.);
#1149 = VERTEX_POINT('',#1150);
#1150 = CARTESIAN_POINT('',(0.32,-7.3,2.54));
#1151 = LINE('',#1152,#1153);
#1152 = CARTESIAN_POINT('',(-0.16,-7.3,2.54));
#1153 = VECTOR('',#1154,1.);
#1154 = DIRECTION('',(-1.,0.,0.));
#1155 = ORIENTED_EDGE('',*,*,#1156,.F.);
#1156 = EDGE_CURVE('',#1131,#1149,#1157,.T.);
#1157 = LINE('',#1158,#1159);
#1158 = CARTESIAN_POINT('',(0.32,-7.145,2.54));
#1159 = VECTOR('',#1160,1.);
#1160 = DIRECTION('',(0.,1.,0.));
#1161 = PLANE('',#1162);
#1162 = AXIS2_PLACEMENT_3D('',#1163,#1164,#1165);
#1163 = CARTESIAN_POINT('',(-1.797008255889E-17,-6.35,2.54));
#1164 = DIRECTION('',(0.,0.,1.));
#1165 = DIRECTION('',(1.,0.,-0.));
#1166 = ADVANCED_FACE('',(#1167),#1178,.F.);
#1167 = FACE_BOUND('',#1168,.F.);
#1168 = EDGE_LOOP('',(#1169,#1175,#1176,#1177));
#1169 = ORIENTED_EDGE('',*,*,#1170,.T.);
#1170 = EDGE_CURVE('',#451,#944,#1171,.T.);
#1171 = LINE('',#1172,#1173);
#1172 = CARTESIAN_POINT('',(1.27,1.016,0.));
#1173 = VECTOR('',#1174,1.);
#1174 = DIRECTION('',(0.,0.,1.));
#1175 = ORIENTED_EDGE('',*,*,#951,.T.);
#1176 = ORIENTED_EDGE('',*,*,#122,.F.);
#1177 = ORIENTED_EDGE('',*,*,#458,.F.);
#1178 = PLANE('',#1179);
#1179 = AXIS2_PLACEMENT_3D('',#1180,#1181,#1182);
#1180 = CARTESIAN_POINT('',(1.27,1.016,0.));
#1181 = DIRECTION('',(-0.707106781187,-0.707106781187,0.));
#1182 = DIRECTION('',(-0.707106781187,0.707106781187,0.));
#1183 = ADVANCED_FACE('',(#1184),#1195,.F.);
#1184 = FACE_BOUND('',#1185,.F.);
#1185 = EDGE_LOOP('',(#1186,#1187,#1188,#1194));
#1186 = ORIENTED_EDGE('',*,*,#162,.T.);
#1187 = ORIENTED_EDGE('',*,*,#679,.T.);
#1188 = ORIENTED_EDGE('',*,*,#1189,.F.);
#1189 = EDGE_CURVE('',#187,#680,#1190,.T.);
#1190 = LINE('',#1191,#1192);
#1191 = CARTESIAN_POINT('',(-1.016,-1.27,0.));
#1192 = VECTOR('',#1193,1.);
#1193 = DIRECTION('',(0.,0.,1.));
#1194 = ORIENTED_EDGE('',*,*,#186,.F.);
#1195 = PLANE('',#1196);
#1196 = AXIS2_PLACEMENT_3D('',#1197,#1198,#1199);
#1197 = CARTESIAN_POINT('',(-1.27,-1.016,0.));
#1198 = DIRECTION('',(0.707106781187,0.707106781187,0.));
#1199 = DIRECTION('',(0.707106781187,-0.707106781187,0.));
#1200 = ADVANCED_FACE('',(#1201),#1212,.F.);
#1201 = FACE_BOUND('',#1202,.F.);
#1202 = EDGE_LOOP('',(#1203,#1209,#1210,#1211));
#1203 = ORIENTED_EDGE('',*,*,#1204,.T.);
#1204 = EDGE_CURVE('',#443,#936,#1205,.T.);
#1205 = LINE('',#1206,#1207);
#1206 = CARTESIAN_POINT('',(1.27,-1.016,0.));
#1207 = VECTOR('',#1208,1.);
#1208 = DIRECTION('',(0.,0.,1.));
#1209 = ORIENTED_EDGE('',*,*,#943,.T.);
#1210 = ORIENTED_EDGE('',*,*,#1170,.F.);
#1211 = ORIENTED_EDGE('',*,*,#450,.F.);
#1212 = PLANE('',#1213);
#1213 = AXIS2_PLACEMENT_3D('',#1214,#1215,#1216);
#1214 = CARTESIAN_POINT('',(1.27,-1.016,0.));
#1215 = DIRECTION('',(-1.,0.,0.));
#1216 = DIRECTION('',(0.,1.,0.));
#1217 = ADVANCED_FACE('',(#1218),#1229,.F.);
#1218 = FACE_BOUND('',#1219,.F.);
#1219 = EDGE_LOOP('',(#1220,#1221,#1222,#1228));
#1220 = ORIENTED_EDGE('',*,*,#1189,.T.);
#1221 = ORIENTED_EDGE('',*,*,#687,.T.);
#1222 = ORIENTED_EDGE('',*,*,#1223,.F.);
#1223 = EDGE_CURVE('',#195,#688,#1224,.T.);
#1224 = LINE('',#1225,#1226);
#1225 = CARTESIAN_POINT('',(-1.27,-1.524,0.));
#1226 = VECTOR('',#1227,1.);
#1227 = DIRECTION('',(0.,0.,1.));
#1228 = ORIENTED_EDGE('',*,*,#194,.F.);
#1229 = PLANE('',#1230);
#1230 = AXIS2_PLACEMENT_3D('',#1231,#1232,#1233);
#1231 = CARTESIAN_POINT('',(-1.016,-1.27,0.));
#1232 = DIRECTION('',(0.707106781187,-0.707106781187,0.));
#1233 = DIRECTION('',(-0.707106781187,-0.707106781187,0.));
#1234 = ADVANCED_FACE('',(#1235),#1246,.F.);
#1235 = FACE_BOUND('',#1236,.F.);
#1236 = EDGE_LOOP('',(#1237,#1243,#1244,#1245));
#1237 = ORIENTED_EDGE('',*,*,#1238,.T.);
#1238 = EDGE_CURVE('',#435,#928,#1239,.T.);
#1239 = LINE('',#1240,#1241);
#1240 = CARTESIAN_POINT('',(1.016,-1.27,0.));
#1241 = VECTOR('',#1242,1.);
#1242 = DIRECTION('',(0.,0.,1.));
#1243 = ORIENTED_EDGE('',*,*,#935,.T.);
#1244 = ORIENTED_EDGE('',*,*,#1204,.F.);
#1245 = ORIENTED_EDGE('',*,*,#442,.F.);
#1246 = PLANE('',#1247);
#1247 = AXIS2_PLACEMENT_3D('',#1248,#1249,#1250);
#1248 = CARTESIAN_POINT('',(1.016,-1.27,0.));
#1249 = DIRECTION('',(-0.707106781187,0.707106781187,0.));
#1250 = DIRECTION('',(0.707106781187,0.707106781187,0.));
#1251 = ADVANCED_FACE('',(#1252),#1263,.F.);
#1252 = FACE_BOUND('',#1253,.F.);
#1253 = EDGE_LOOP('',(#1254,#1255,#1256,#1262));
#1254 = ORIENTED_EDGE('',*,*,#1223,.T.);
#1255 = ORIENTED_EDGE('',*,*,#695,.T.);
#1256 = ORIENTED_EDGE('',*,*,#1257,.F.);
#1257 = EDGE_CURVE('',#203,#696,#1258,.T.);
#1258 = LINE('',#1259,#1260);
#1259 = CARTESIAN_POINT('',(-1.27,-3.556,0.));
#1260 = VECTOR('',#1261,1.);
#1261 = DIRECTION('',(0.,0.,1.));
#1262 = ORIENTED_EDGE('',*,*,#202,.F.);
#1263 = PLANE('',#1264);
#1264 = AXIS2_PLACEMENT_3D('',#1265,#1266,#1267);
#1265 = CARTESIAN_POINT('',(-1.27,-1.524,0.));
#1266 = DIRECTION('',(1.,0.,0.));
#1267 = DIRECTION('',(0.,-1.,0.));
#1268 = ADVANCED_FACE('',(#1269),#1280,.F.);
#1269 = FACE_BOUND('',#1270,.F.);
#1270 = EDGE_LOOP('',(#1271,#1277,#1278,#1279));
#1271 = ORIENTED_EDGE('',*,*,#1272,.T.);
#1272 = EDGE_CURVE('',#427,#920,#1273,.T.);
#1273 = LINE('',#1274,#1275);
#1274 = CARTESIAN_POINT('',(1.27,-1.524,0.));
#1275 = VECTOR('',#1276,1.);
#1276 = DIRECTION('',(0.,0.,1.));
#1277 = ORIENTED_EDGE('',*,*,#927,.T.);
#1278 = ORIENTED_EDGE('',*,*,#1238,.F.);
#1279 = ORIENTED_EDGE('',*,*,#434,.F.);
#1280 = PLANE('',#1281);
#1281 = AXIS2_PLACEMENT_3D('',#1282,#1283,#1284);
#1282 = CARTESIAN_POINT('',(1.27,-1.524,0.));
#1283 = DIRECTION('',(-0.707106781187,-0.707106781187,0.));
#1284 = DIRECTION('',(-0.707106781187,0.707106781187,0.));
#1285 = ADVANCED_FACE('',(#1286),#1297,.F.);
#1286 = FACE_BOUND('',#1287,.F.);
#1287 = EDGE_LOOP('',(#1288,#1289,#1290,#1296));
#1288 = ORIENTED_EDGE('',*,*,#1257,.T.);
#1289 = ORIENTED_EDGE('',*,*,#703,.T.);
#1290 = ORIENTED_EDGE('',*,*,#1291,.F.);
#1291 = EDGE_CURVE('',#211,#704,#1292,.T.);
#1292 = LINE('',#1293,#1294);
#1293 = CARTESIAN_POINT('',(-1.016,-3.81,0.));
#1294 = VECTOR('',#1295,1.);
#1295 = DIRECTION('',(0.,0.,1.));
#1296 = ORIENTED_EDGE('',*,*,#210,.F.);
#1297 = PLANE('',#1298);
#1298 = AXIS2_PLACEMENT_3D('',#1299,#1300,#1301);
#1299 = CARTESIAN_POINT('',(-1.27,-3.556,0.));
#1300 = DIRECTION('',(0.707106781187,0.707106781187,0.));
#1301 = DIRECTION('',(0.707106781187,-0.707106781187,0.));
#1302 = ADVANCED_FACE('',(#1303),#1314,.F.);
#1303 = FACE_BOUND('',#1304,.F.);
#1304 = EDGE_LOOP('',(#1305,#1311,#1312,#1313));
#1305 = ORIENTED_EDGE('',*,*,#1306,.T.);
#1306 = EDGE_CURVE('',#419,#912,#1307,.T.);
#1307 = LINE('',#1308,#1309);
#1308 = CARTESIAN_POINT('',(1.27,-3.556,0.));
#1309 = VECTOR('',#1310,1.);
#1310 = DIRECTION('',(0.,0.,1.));
#1311 = ORIENTED_EDGE('',*,*,#919,.T.);
#1312 = ORIENTED_EDGE('',*,*,#1272,.F.);
#1313 = ORIENTED_EDGE('',*,*,#426,.F.);
#1314 = PLANE('',#1315);
#1315 = AXIS2_PLACEMENT_3D('',#1316,#1317,#1318);
#1316 = CARTESIAN_POINT('',(1.27,-3.556,0.));
#1317 = DIRECTION('',(-1.,0.,0.));
#1318 = DIRECTION('',(0.,1.,0.));
#1319 = ADVANCED_FACE('',(#1320),#1331,.F.);
#1320 = FACE_BOUND('',#1321,.F.);
#1321 = EDGE_LOOP('',(#1322,#1323,#1324,#1330));
#1322 = ORIENTED_EDGE('',*,*,#1291,.T.);
#1323 = ORIENTED_EDGE('',*,*,#711,.T.);
#1324 = ORIENTED_EDGE('',*,*,#1325,.F.);
#1325 = EDGE_CURVE('',#219,#712,#1326,.T.);
#1326 = LINE('',#1327,#1328);
#1327 = CARTESIAN_POINT('',(-1.27,-4.064,0.));
#1328 = VECTOR('',#1329,1.);
#1329 = DIRECTION('',(0.,0.,1.));
#1330 = ORIENTED_EDGE('',*,*,#218,.F.);
#1331 = PLANE('',#1332);
#1332 = AXIS2_PLACEMENT_3D('',#1333,#1334,#1335);
#1333 = CARTESIAN_POINT('',(-1.016,-3.81,0.));
#1334 = DIRECTION('',(0.707106781187,-0.707106781187,0.));
#1335 = DIRECTION('',(-0.707106781187,-0.707106781187,0.));
#1336 = ADVANCED_FACE('',(#1337),#1348,.F.);
#1337 = FACE_BOUND('',#1338,.F.);
#1338 = EDGE_LOOP('',(#1339,#1345,#1346,#1347));
#1339 = ORIENTED_EDGE('',*,*,#1340,.T.);
#1340 = EDGE_CURVE('',#411,#904,#1341,.T.);
#1341 = LINE('',#1342,#1343);
#1342 = CARTESIAN_POINT('',(1.016,-3.81,0.));
#1343 = VECTOR('',#1344,1.);
#1344 = DIRECTION('',(0.,0.,1.));
#1345 = ORIENTED_EDGE('',*,*,#911,.T.);
#1346 = ORIENTED_EDGE('',*,*,#1306,.F.);
#1347 = ORIENTED_EDGE('',*,*,#418,.F.);
#1348 = PLANE('',#1349);
#1349 = AXIS2_PLACEMENT_3D('',#1350,#1351,#1352);
#1350 = CARTESIAN_POINT('',(1.016,-3.81,0.));
#1351 = DIRECTION('',(-0.707106781187,0.707106781187,0.));
#1352 = DIRECTION('',(0.707106781187,0.707106781187,0.));
#1353 = ADVANCED_FACE('',(#1354),#1365,.F.);
#1354 = FACE_BOUND('',#1355,.F.);
#1355 = EDGE_LOOP('',(#1356,#1357,#1358,#1364));
#1356 = ORIENTED_EDGE('',*,*,#1325,.T.);
#1357 = ORIENTED_EDGE('',*,*,#719,.T.);
#1358 = ORIENTED_EDGE('',*,*,#1359,.F.);
#1359 = EDGE_CURVE('',#227,#720,#1360,.T.);
#1360 = LINE('',#1361,#1362);
#1361 = CARTESIAN_POINT('',(-1.27,-6.096,0.));
#1362 = VECTOR('',#1363,1.);
#1363 = DIRECTION('',(0.,0.,1.));
#1364 = ORIENTED_EDGE('',*,*,#226,.F.);
#1365 = PLANE('',#1366);
#1366 = AXIS2_PLACEMENT_3D('',#1367,#1368,#1369);
#1367 = CARTESIAN_POINT('',(-1.27,-4.064,0.));
#1368 = DIRECTION('',(1.,0.,0.));
#1369 = DIRECTION('',(0.,-1.,0.));
#1370 = ADVANCED_FACE('',(#1371),#1382,.F.);
#1371 = FACE_BOUND('',#1372,.F.);
#1372 = EDGE_LOOP('',(#1373,#1379,#1380,#1381));
#1373 = ORIENTED_EDGE('',*,*,#1374,.T.);
#1374 = EDGE_CURVE('',#403,#896,#1375,.T.);
#1375 = LINE('',#1376,#1377);
#1376 = CARTESIAN_POINT('',(1.27,-4.064,0.));
#1377 = VECTOR('',#1378,1.);
#1378 = DIRECTION('',(0.,0.,1.));
#1379 = ORIENTED_EDGE('',*,*,#903,.T.);
#1380 = ORIENTED_EDGE('',*,*,#1340,.F.);
#1381 = ORIENTED_EDGE('',*,*,#410,.F.);
#1382 = PLANE('',#1383);
#1383 = AXIS2_PLACEMENT_3D('',#1384,#1385,#1386);
#1384 = CARTESIAN_POINT('',(1.27,-4.064,0.));
#1385 = DIRECTION('',(-0.707106781187,-0.707106781187,0.));
#1386 = DIRECTION('',(-0.707106781187,0.707106781187,0.));
#1387 = ADVANCED_FACE('',(#1388),#1399,.F.);
#1388 = FACE_BOUND('',#1389,.F.);
#1389 = EDGE_LOOP('',(#1390,#1391,#1392,#1398));
#1390 = ORIENTED_EDGE('',*,*,#1359,.T.);
#1391 = ORIENTED_EDGE('',*,*,#727,.T.);
#1392 = ORIENTED_EDGE('',*,*,#1393,.F.);
#1393 = EDGE_CURVE('',#235,#728,#1394,.T.);
#1394 = LINE('',#1395,#1396);
#1395 = CARTESIAN_POINT('',(-1.016,-6.35,0.));
#1396 = VECTOR('',#1397,1.);
#1397 = DIRECTION('',(0.,0.,1.));
#1398 = ORIENTED_EDGE('',*,*,#234,.F.);
#1399 = PLANE('',#1400);
#1400 = AXIS2_PLACEMENT_3D('',#1401,#1402,#1403);
#1401 = CARTESIAN_POINT('',(-1.27,-6.096,0.));
#1402 = DIRECTION('',(0.707106781187,0.707106781187,0.));
#1403 = DIRECTION('',(0.707106781187,-0.707106781187,0.));
#1404 = ADVANCED_FACE('',(#1405),#1416,.F.);
#1405 = FACE_BOUND('',#1406,.F.);
#1406 = EDGE_LOOP('',(#1407,#1413,#1414,#1415));
#1407 = ORIENTED_EDGE('',*,*,#1408,.T.);
#1408 = EDGE_CURVE('',#395,#888,#1409,.T.);
#1409 = LINE('',#1410,#1411);
#1410 = CARTESIAN_POINT('',(1.27,-6.096,0.));
#1411 = VECTOR('',#1412,1.);
#1412 = DIRECTION('',(0.,0.,1.));
#1413 = ORIENTED_EDGE('',*,*,#895,.T.);
#1414 = ORIENTED_EDGE('',*,*,#1374,.F.);
#1415 = ORIENTED_EDGE('',*,*,#402,.F.);
#1416 = PLANE('',#1417);
#1417 = AXIS2_PLACEMENT_3D('',#1418,#1419,#1420);
#1418 = CARTESIAN_POINT('',(1.27,-6.096,0.));
#1419 = DIRECTION('',(-1.,0.,0.));
#1420 = DIRECTION('',(0.,1.,0.));
#1421 = ADVANCED_FACE('',(#1422),#1433,.F.);
#1422 = FACE_BOUND('',#1423,.F.);
#1423 = EDGE_LOOP('',(#1424,#1425,#1426,#1432));
#1424 = ORIENTED_EDGE('',*,*,#1393,.T.);
#1425 = ORIENTED_EDGE('',*,*,#735,.T.);
#1426 = ORIENTED_EDGE('',*,*,#1427,.F.);
#1427 = EDGE_CURVE('',#243,#736,#1428,.T.);
#1428 = LINE('',#1429,#1430);
#1429 = CARTESIAN_POINT('',(-1.27,-6.604,0.));
#1430 = VECTOR('',#1431,1.);
#1431 = DIRECTION('',(0.,0.,1.));
#1432 = ORIENTED_EDGE('',*,*,#242,.F.);
#1433 = PLANE('',#1434);
#1434 = AXIS2_PLACEMENT_3D('',#1435,#1436,#1437);
#1435 = CARTESIAN_POINT('',(-1.016,-6.35,0.));
#1436 = DIRECTION('',(0.707106781187,-0.707106781187,0.));
#1437 = DIRECTION('',(-0.707106781187,-0.707106781187,0.));
#1438 = ADVANCED_FACE('',(#1439),#1450,.F.);
#1439 = FACE_BOUND('',#1440,.F.);
#1440 = EDGE_LOOP('',(#1441,#1447,#1448,#1449));
#1441 = ORIENTED_EDGE('',*,*,#1442,.T.);
#1442 = EDGE_CURVE('',#387,#880,#1443,.T.);
#1443 = LINE('',#1444,#1445);
#1444 = CARTESIAN_POINT('',(1.016,-6.35,0.));
#1445 = VECTOR('',#1446,1.);
#1446 = DIRECTION('',(0.,0.,1.));
#1447 = ORIENTED_EDGE('',*,*,#887,.T.);
#1448 = ORIENTED_EDGE('',*,*,#1408,.F.);
#1449 = ORIENTED_EDGE('',*,*,#394,.F.);
#1450 = PLANE('',#1451);
#1451 = AXIS2_PLACEMENT_3D('',#1452,#1453,#1454);
#1452 = CARTESIAN_POINT('',(1.016,-6.35,0.));
#1453 = DIRECTION('',(-0.707106781187,0.707106781187,0.));
#1454 = DIRECTION('',(0.707106781187,0.707106781187,0.));
#1455 = ADVANCED_FACE('',(#1456),#1467,.F.);
#1456 = FACE_BOUND('',#1457,.F.);
#1457 = EDGE_LOOP('',(#1458,#1459,#1460,#1466));
#1458 = ORIENTED_EDGE('',*,*,#1427,.T.);
#1459 = ORIENTED_EDGE('',*,*,#743,.T.);
#1460 = ORIENTED_EDGE('',*,*,#1461,.F.);
#1461 = EDGE_CURVE('',#251,#744,#1462,.T.);
#1462 = LINE('',#1463,#1464);
#1463 = CARTESIAN_POINT('',(-1.27,-8.636,0.));
#1464 = VECTOR('',#1465,1.);
#1465 = DIRECTION('',(0.,0.,1.));
#1466 = ORIENTED_EDGE('',*,*,#250,.F.);
#1467 = PLANE('',#1468);
#1468 = AXIS2_PLACEMENT_3D('',#1469,#1470,#1471);
#1469 = CARTESIAN_POINT('',(-1.27,-6.604,0.));
#1470 = DIRECTION('',(1.,0.,0.));
#1471 = DIRECTION('',(0.,-1.,0.));
#1472 = ADVANCED_FACE('',(#1473),#1484,.F.);
#1473 = FACE_BOUND('',#1474,.F.);
#1474 = EDGE_LOOP('',(#1475,#1481,#1482,#1483));
#1475 = ORIENTED_EDGE('',*,*,#1476,.T.);
#1476 = EDGE_CURVE('',#379,#872,#1477,.T.);
#1477 = LINE('',#1478,#1479);
#1478 = CARTESIAN_POINT('',(1.27,-6.604,0.));
#1479 = VECTOR('',#1480,1.);
#1480 = DIRECTION('',(0.,0.,1.));
#1481 = ORIENTED_EDGE('',*,*,#879,.T.);
#1482 = ORIENTED_EDGE('',*,*,#1442,.F.);
#1483 = ORIENTED_EDGE('',*,*,#386,.F.);
#1484 = PLANE('',#1485);
#1485 = AXIS2_PLACEMENT_3D('',#1486,#1487,#1488);
#1486 = CARTESIAN_POINT('',(1.27,-6.604,0.));
#1487 = DIRECTION('',(-0.707106781187,-0.707106781187,0.));
#1488 = DIRECTION('',(-0.707106781187,0.707106781187,0.));
#1489 = ADVANCED_FACE('',(#1490),#1501,.F.);
#1490 = FACE_BOUND('',#1491,.F.);
#1491 = EDGE_LOOP('',(#1492,#1493,#1494,#1500));
#1492 = ORIENTED_EDGE('',*,*,#1461,.T.);
#1493 = ORIENTED_EDGE('',*,*,#751,.T.);
#1494 = ORIENTED_EDGE('',*,*,#1495,.F.);
#1495 = EDGE_CURVE('',#259,#752,#1496,.T.);
#1496 = LINE('',#1497,#1498);
#1497 = CARTESIAN_POINT('',(-1.016,-8.89,0.));
#1498 = VECTOR('',#1499,1.);
#1499 = DIRECTION('',(0.,0.,1.));
#1500 = ORIENTED_EDGE('',*,*,#258,.F.);
#1501 = PLANE('',#1502);
#1502 = AXIS2_PLACEMENT_3D('',#1503,#1504,#1505);
#1503 = CARTESIAN_POINT('',(-1.27,-8.636,0.));
#1504 = DIRECTION('',(0.707106781187,0.707106781187,0.));
#1505 = DIRECTION('',(0.707106781187,-0.707106781187,0.));
#1506 = ADVANCED_FACE('',(#1507),#1518,.F.);
#1507 = FACE_BOUND('',#1508,.F.);
#1508 = EDGE_LOOP('',(#1509,#1515,#1516,#1517));
#1509 = ORIENTED_EDGE('',*,*,#1510,.T.);
#1510 = EDGE_CURVE('',#371,#864,#1511,.T.);
#1511 = LINE('',#1512,#1513);
#1512 = CARTESIAN_POINT('',(1.27,-8.636,0.));
#1513 = VECTOR('',#1514,1.);
#1514 = DIRECTION('',(0.,0.,1.));
#1515 = ORIENTED_EDGE('',*,*,#871,.T.);
#1516 = ORIENTED_EDGE('',*,*,#1476,.F.);
#1517 = ORIENTED_EDGE('',*,*,#378,.F.);
#1518 = PLANE('',#1519);
#1519 = AXIS2_PLACEMENT_3D('',#1520,#1521,#1522);
#1520 = CARTESIAN_POINT('',(1.27,-8.636,0.));
#1521 = DIRECTION('',(-1.,0.,0.));
#1522 = DIRECTION('',(0.,1.,0.));
#1523 = ADVANCED_FACE('',(#1524),#1535,.F.);
#1524 = FACE_BOUND('',#1525,.F.);
#1525 = EDGE_LOOP('',(#1526,#1527,#1528,#1534));
#1526 = ORIENTED_EDGE('',*,*,#1495,.T.);
#1527 = ORIENTED_EDGE('',*,*,#759,.T.);
#1528 = ORIENTED_EDGE('',*,*,#1529,.F.);
#1529 = EDGE_CURVE('',#267,#760,#1530,.T.);
#1530 = LINE('',#1531,#1532);
#1531 = CARTESIAN_POINT('',(-1.27,-9.144,0.));
#1532 = VECTOR('',#1533,1.);
#1533 = DIRECTION('',(0.,0.,1.));
#1534 = ORIENTED_EDGE('',*,*,#266,.F.);
#1535 = PLANE('',#1536);
#1536 = AXIS2_PLACEMENT_3D('',#1537,#1538,#1539);
#1537 = CARTESIAN_POINT('',(-1.016,-8.89,0.));
#1538 = DIRECTION('',(0.707106781187,-0.707106781187,0.));
#1539 = DIRECTION('',(-0.707106781187,-0.707106781187,0.));
#1540 = ADVANCED_FACE('',(#1541),#1552,.F.);
#1541 = FACE_BOUND('',#1542,.F.);
#1542 = EDGE_LOOP('',(#1543,#1549,#1550,#1551));
#1543 = ORIENTED_EDGE('',*,*,#1544,.T.);
#1544 = EDGE_CURVE('',#363,#856,#1545,.T.);
#1545 = LINE('',#1546,#1547);
#1546 = CARTESIAN_POINT('',(1.016,-8.89,0.));
#1547 = VECTOR('',#1548,1.);
#1548 = DIRECTION('',(0.,0.,1.));
#1549 = ORIENTED_EDGE('',*,*,#863,.T.);
#1550 = ORIENTED_EDGE('',*,*,#1510,.F.);
#1551 = ORIENTED_EDGE('',*,*,#370,.F.);
#1552 = PLANE('',#1553);
#1553 = AXIS2_PLACEMENT_3D('',#1554,#1555,#1556);
#1554 = CARTESIAN_POINT('',(1.016,-8.89,0.));
#1555 = DIRECTION('',(-0.707106781187,0.707106781187,0.));
#1556 = DIRECTION('',(0.707106781187,0.707106781187,0.));
#1557 = ADVANCED_FACE('',(#1558),#1569,.F.);
#1558 = FACE_BOUND('',#1559,.F.);
#1559 = EDGE_LOOP('',(#1560,#1561,#1562,#1568));
#1560 = ORIENTED_EDGE('',*,*,#1529,.T.);
#1561 = ORIENTED_EDGE('',*,*,#767,.T.);
#1562 = ORIENTED_EDGE('',*,*,#1563,.F.);
#1563 = EDGE_CURVE('',#275,#768,#1564,.T.);
#1564 = LINE('',#1565,#1566);
#1565 = CARTESIAN_POINT('',(-1.27,-11.176,0.));
#1566 = VECTOR('',#1567,1.);
#1567 = DIRECTION('',(0.,0.,1.));
#1568 = ORIENTED_EDGE('',*,*,#274,.F.);
#1569 = PLANE('',#1570);
#1570 = AXIS2_PLACEMENT_3D('',#1571,#1572,#1573);
#1571 = CARTESIAN_POINT('',(-1.27,-9.144,0.));
#1572 = DIRECTION('',(1.,0.,0.));
#1573 = DIRECTION('',(0.,-1.,0.));
#1574 = ADVANCED_FACE('',(#1575),#1586,.F.);
#1575 = FACE_BOUND('',#1576,.F.);
#1576 = EDGE_LOOP('',(#1577,#1583,#1584,#1585));
#1577 = ORIENTED_EDGE('',*,*,#1578,.T.);
#1578 = EDGE_CURVE('',#355,#848,#1579,.T.);
#1579 = LINE('',#1580,#1581);
#1580 = CARTESIAN_POINT('',(1.27,-9.144,0.));
#1581 = VECTOR('',#1582,1.);
#1582 = DIRECTION('',(0.,0.,1.));
#1583 = ORIENTED_EDGE('',*,*,#855,.T.);
#1584 = ORIENTED_EDGE('',*,*,#1544,.F.);
#1585 = ORIENTED_EDGE('',*,*,#362,.F.);
#1586 = PLANE('',#1587);
#1587 = AXIS2_PLACEMENT_3D('',#1588,#1589,#1590);
#1588 = CARTESIAN_POINT('',(1.27,-9.144,0.));
#1589 = DIRECTION('',(-0.707106781187,-0.707106781187,0.));
#1590 = DIRECTION('',(-0.707106781187,0.707106781187,0.));
#1591 = ADVANCED_FACE('',(#1592),#1603,.F.);
#1592 = FACE_BOUND('',#1593,.F.);
#1593 = EDGE_LOOP('',(#1594,#1595,#1596,#1602));
#1594 = ORIENTED_EDGE('',*,*,#1563,.T.);
#1595 = ORIENTED_EDGE('',*,*,#775,.T.);
#1596 = ORIENTED_EDGE('',*,*,#1597,.F.);
#1597 = EDGE_CURVE('',#283,#776,#1598,.T.);
#1598 = LINE('',#1599,#1600);
#1599 = CARTESIAN_POINT('',(-1.016,-11.43,0.));
#1600 = VECTOR('',#1601,1.);
#1601 = DIRECTION('',(0.,0.,1.));
#1602 = ORIENTED_EDGE('',*,*,#282,.F.);
#1603 = PLANE('',#1604);
#1604 = AXIS2_PLACEMENT_3D('',#1605,#1606,#1607);
#1605 = CARTESIAN_POINT('',(-1.27,-11.176,0.));
#1606 = DIRECTION('',(0.707106781187,0.707106781187,0.));
#1607 = DIRECTION('',(0.707106781187,-0.707106781187,0.));
#1608 = ADVANCED_FACE('',(#1609),#1620,.F.);
#1609 = FACE_BOUND('',#1610,.F.);
#1610 = EDGE_LOOP('',(#1611,#1617,#1618,#1619));
#1611 = ORIENTED_EDGE('',*,*,#1612,.T.);
#1612 = EDGE_CURVE('',#347,#840,#1613,.T.);
#1613 = LINE('',#1614,#1615);
#1614 = CARTESIAN_POINT('',(1.27,-11.176,0.));
#1615 = VECTOR('',#1616,1.);
#1616 = DIRECTION('',(0.,0.,1.));
#1617 = ORIENTED_EDGE('',*,*,#847,.T.);
#1618 = ORIENTED_EDGE('',*,*,#1578,.F.);
#1619 = ORIENTED_EDGE('',*,*,#354,.F.);
#1620 = PLANE('',#1621);
#1621 = AXIS2_PLACEMENT_3D('',#1622,#1623,#1624);
#1622 = CARTESIAN_POINT('',(1.27,-11.176,0.));
#1623 = DIRECTION('',(-1.,0.,0.));
#1624 = DIRECTION('',(0.,1.,0.));
#1625 = ADVANCED_FACE('',(#1626),#1637,.F.);
#1626 = FACE_BOUND('',#1627,.F.);
#1627 = EDGE_LOOP('',(#1628,#1629,#1630,#1636));
#1628 = ORIENTED_EDGE('',*,*,#1597,.T.);
#1629 = ORIENTED_EDGE('',*,*,#783,.T.);
#1630 = ORIENTED_EDGE('',*,*,#1631,.F.);
#1631 = EDGE_CURVE('',#291,#784,#1632,.T.);
#1632 = LINE('',#1633,#1634);
#1633 = CARTESIAN_POINT('',(-1.27,-11.684,0.));
#1634 = VECTOR('',#1635,1.);
#1635 = DIRECTION('',(0.,0.,1.));
#1636 = ORIENTED_EDGE('',*,*,#290,.F.);
#1637 = PLANE('',#1638);
#1638 = AXIS2_PLACEMENT_3D('',#1639,#1640,#1641);
#1639 = CARTESIAN_POINT('',(-1.016,-11.43,0.));
#1640 = DIRECTION('',(0.707106781187,-0.707106781187,0.));
#1641 = DIRECTION('',(-0.707106781187,-0.707106781187,0.));
#1642 = ADVANCED_FACE('',(#1643),#1654,.F.);
#1643 = FACE_BOUND('',#1644,.F.);
#1644 = EDGE_LOOP('',(#1645,#1651,#1652,#1653));
#1645 = ORIENTED_EDGE('',*,*,#1646,.T.);
#1646 = EDGE_CURVE('',#339,#832,#1647,.T.);
#1647 = LINE('',#1648,#1649);
#1648 = CARTESIAN_POINT('',(1.016,-11.43,0.));
#1649 = VECTOR('',#1650,1.);
#1650 = DIRECTION('',(0.,0.,1.));
#1651 = ORIENTED_EDGE('',*,*,#839,.T.);
#1652 = ORIENTED_EDGE('',*,*,#1612,.F.);
#1653 = ORIENTED_EDGE('',*,*,#346,.F.);
#1654 = PLANE('',#1655);
#1655 = AXIS2_PLACEMENT_3D('',#1656,#1657,#1658);
#1656 = CARTESIAN_POINT('',(1.016,-11.43,0.));
#1657 = DIRECTION('',(-0.707106781187,0.707106781187,0.));
#1658 = DIRECTION('',(0.707106781187,0.707106781187,0.));
#1659 = ADVANCED_FACE('',(#1660),#1671,.F.);
#1660 = FACE_BOUND('',#1661,.F.);
#1661 = EDGE_LOOP('',(#1662,#1663,#1664,#1670));
#1662 = ORIENTED_EDGE('',*,*,#1631,.T.);
#1663 = ORIENTED_EDGE('',*,*,#791,.T.);
#1664 = ORIENTED_EDGE('',*,*,#1665,.F.);
#1665 = EDGE_CURVE('',#299,#792,#1666,.T.);
#1666 = LINE('',#1667,#1668);
#1667 = CARTESIAN_POINT('',(-1.27,-13.716,0.));
#1668 = VECTOR('',#1669,1.);
#1669 = DIRECTION('',(0.,0.,1.));
#1670 = ORIENTED_EDGE('',*,*,#298,.F.);
#1671 = PLANE('',#1672);
#1672 = AXIS2_PLACEMENT_3D('',#1673,#1674,#1675);
#1673 = CARTESIAN_POINT('',(-1.27,-11.684,0.));
#1674 = DIRECTION('',(1.,0.,0.));
#1675 = DIRECTION('',(0.,-1.,0.));
#1676 = ADVANCED_FACE('',(#1677),#1688,.F.);
#1677 = FACE_BOUND('',#1678,.F.);
#1678 = EDGE_LOOP('',(#1679,#1685,#1686,#1687));
#1679 = ORIENTED_EDGE('',*,*,#1680,.T.);
#1680 = EDGE_CURVE('',#331,#824,#1681,.T.);
#1681 = LINE('',#1682,#1683);
#1682 = CARTESIAN_POINT('',(1.27,-11.684,0.));
#1683 = VECTOR('',#1684,1.);
#1684 = DIRECTION('',(0.,0.,1.));
#1685 = ORIENTED_EDGE('',*,*,#831,.T.);
#1686 = ORIENTED_EDGE('',*,*,#1646,.F.);
#1687 = ORIENTED_EDGE('',*,*,#338,.F.);
#1688 = PLANE('',#1689);
#1689 = AXIS2_PLACEMENT_3D('',#1690,#1691,#1692);
#1690 = CARTESIAN_POINT('',(1.27,-11.684,0.));
#1691 = DIRECTION('',(-0.707106781187,-0.707106781187,0.));
#1692 = DIRECTION('',(-0.707106781187,0.707106781187,0.));
#1693 = ADVANCED_FACE('',(#1694),#1705,.F.);
#1694 = FACE_BOUND('',#1695,.F.);
#1695 = EDGE_LOOP('',(#1696,#1697,#1698,#1704));
#1696 = ORIENTED_EDGE('',*,*,#1665,.T.);
#1697 = ORIENTED_EDGE('',*,*,#799,.T.);
#1698 = ORIENTED_EDGE('',*,*,#1699,.F.);
#1699 = EDGE_CURVE('',#307,#800,#1700,.T.);
#1700 = LINE('',#1701,#1702);
#1701 = CARTESIAN_POINT('',(-1.016,-13.97,0.));
#1702 = VECTOR('',#1703,1.);
#1703 = DIRECTION('',(0.,0.,1.));
#1704 = ORIENTED_EDGE('',*,*,#306,.F.);
#1705 = PLANE('',#1706);
#1706 = AXIS2_PLACEMENT_3D('',#1707,#1708,#1709);
#1707 = CARTESIAN_POINT('',(-1.27,-13.716,0.));
#1708 = DIRECTION('',(0.707106781187,0.707106781187,0.));
#1709 = DIRECTION('',(0.707106781187,-0.707106781187,0.));
#1710 = ADVANCED_FACE('',(#1711),#1722,.F.);
#1711 = FACE_BOUND('',#1712,.F.);
#1712 = EDGE_LOOP('',(#1713,#1719,#1720,#1721));
#1713 = ORIENTED_EDGE('',*,*,#1714,.T.);
#1714 = EDGE_CURVE('',#323,#816,#1715,.T.);
#1715 = LINE('',#1716,#1717);
#1716 = CARTESIAN_POINT('',(1.27,-13.716,0.));
#1717 = VECTOR('',#1718,1.);
#1718 = DIRECTION('',(0.,0.,1.));
#1719 = ORIENTED_EDGE('',*,*,#823,.T.);
#1720 = ORIENTED_EDGE('',*,*,#1680,.F.);
#1721 = ORIENTED_EDGE('',*,*,#330,.F.);
#1722 = PLANE('',#1723);
#1723 = AXIS2_PLACEMENT_3D('',#1724,#1725,#1726);
#1724 = CARTESIAN_POINT('',(1.27,-13.716,0.));
#1725 = DIRECTION('',(-1.,0.,0.));
#1726 = DIRECTION('',(0.,1.,0.));
#1727 = ADVANCED_FACE('',(#1728),#1739,.F.);
#1728 = FACE_BOUND('',#1729,.F.);
#1729 = EDGE_LOOP('',(#1730,#1731,#1732,#1738));
#1730 = ORIENTED_EDGE('',*,*,#1699,.T.);
#1731 = ORIENTED_EDGE('',*,*,#807,.T.);
#1732 = ORIENTED_EDGE('',*,*,#1733,.F.);
#1733 = EDGE_CURVE('',#315,#808,#1734,.T.);
#1734 = LINE('',#1735,#1736);
#1735 = CARTESIAN_POINT('',(1.016,-13.97,0.));
#1736 = VECTOR('',#1737,1.);
#1737 = DIRECTION('',(0.,0.,1.));
#1738 = ORIENTED_EDGE('',*,*,#314,.F.);
#1739 = PLANE('',#1740);
#1740 = AXIS2_PLACEMENT_3D('',#1741,#1742,#1743);
#1741 = CARTESIAN_POINT('',(-1.016,-13.97,0.));
#1742 = DIRECTION('',(0.,1.,0.));
#1743 = DIRECTION('',(1.,0.,0.));
#1744 = ADVANCED_FACE('',(#1745),#1751,.F.);
#1745 = FACE_BOUND('',#1746,.F.);
#1746 = EDGE_LOOP('',(#1747,#1748,#1749,#1750));
#1747 = ORIENTED_EDGE('',*,*,#1733,.T.);
#1748 = ORIENTED_EDGE('',*,*,#815,.T.);
#1749 = ORIENTED_EDGE('',*,*,#1714,.F.);
#1750 = ORIENTED_EDGE('',*,*,#322,.F.);
#1751 = PLANE('',#1752);
#1752 = AXIS2_PLACEMENT_3D('',#1753,#1754,#1755);
#1753 = CARTESIAN_POINT('',(1.016,-13.97,0.));
#1754 = DIRECTION('',(-0.707106781187,0.707106781187,0.));
#1755 = DIRECTION('',(0.707106781187,0.707106781187,0.));
#1756 = ADVANCED_FACE('',(#1757),#1782,.T.);
#1757 = FACE_BOUND('',#1758,.T.);
#1758 = EDGE_LOOP('',(#1759,#1767,#1775,#1781));
#1759 = ORIENTED_EDGE('',*,*,#1760,.F.);
#1760 = EDGE_CURVE('',#1761,#468,#1763,.T.);
#1761 = VERTEX_POINT('',#1762);
#1762 = CARTESIAN_POINT('',(0.32,-0.32,-2.84));
#1763 = LINE('',#1764,#1765);
#1764 = CARTESIAN_POINT('',(0.32,-0.32,-3.));
#1765 = VECTOR('',#1766,1.);
#1766 = DIRECTION('',(0.,0.,1.));
#1767 = ORIENTED_EDGE('',*,*,#1768,.T.);
#1768 = EDGE_CURVE('',#1761,#1769,#1771,.T.);
#1769 = VERTEX_POINT('',#1770);
#1770 = CARTESIAN_POINT('',(0.32,0.32,-2.84));
#1771 = LINE('',#1772,#1773);
#1772 = CARTESIAN_POINT('',(0.32,-0.32,-2.84));
#1773 = VECTOR('',#1774,1.);
#1774 = DIRECTION('',(0.,1.,0.));
#1775 = ORIENTED_EDGE('',*,*,#1776,.T.);
#1776 = EDGE_CURVE('',#1769,#470,#1777,.T.);
#1777 = LINE('',#1778,#1779);
#1778 = CARTESIAN_POINT('',(0.32,0.32,-3.));
#1779 = VECTOR('',#1780,1.);
#1780 = DIRECTION('',(0.,0.,1.));
#1781 = ORIENTED_EDGE('',*,*,#467,.F.);
#1782 = PLANE('',#1783);
#1783 = AXIS2_PLACEMENT_3D('',#1784,#1785,#1786);
#1784 = CARTESIAN_POINT('',(0.32,-0.32,-3.));
#1785 = DIRECTION('',(1.,0.,0.));
#1786 = DIRECTION('',(0.,0.,1.));
#1787 = ADVANCED_FACE('',(#1788),#1806,.T.);
#1788 = FACE_BOUND('',#1789,.T.);
#1789 = EDGE_LOOP('',(#1790,#1791,#1799,#1805));
#1790 = ORIENTED_EDGE('',*,*,#1776,.F.);
#1791 = ORIENTED_EDGE('',*,*,#1792,.F.);
#1792 = EDGE_CURVE('',#1793,#1769,#1795,.T.);
#1793 = VERTEX_POINT('',#1794);
#1794 = CARTESIAN_POINT('',(-0.32,0.32,-2.84));
#1795 = LINE('',#1796,#1797);
#1796 = CARTESIAN_POINT('',(-0.32,0.32,-2.84));
#1797 = VECTOR('',#1798,1.);
#1798 = DIRECTION('',(1.,0.,0.));
#1799 = ORIENTED_EDGE('',*,*,#1800,.T.);
#1800 = EDGE_CURVE('',#1793,#486,#1801,.T.);
#1801 = LINE('',#1802,#1803);
#1802 = CARTESIAN_POINT('',(-0.32,0.32,-3.));
#1803 = VECTOR('',#1804,1.);
#1804 = DIRECTION('',(0.,0.,1.));
#1805 = ORIENTED_EDGE('',*,*,#493,.F.);
#1806 = PLANE('',#1807);
#1807 = AXIS2_PLACEMENT_3D('',#1808,#1809,#1810);
#1808 = CARTESIAN_POINT('',(-0.32,0.32,-3.));
#1809 = DIRECTION('',(0.,1.,0.));
#1810 = DIRECTION('',(0.,-0.,1.));
#1811 = ADVANCED_FACE('',(#1812),#1830,.F.);
#1812 = FACE_BOUND('',#1813,.F.);
#1813 = EDGE_LOOP('',(#1814,#1822,#1828,#1829));
#1814 = ORIENTED_EDGE('',*,*,#1815,.F.);
#1815 = EDGE_CURVE('',#1816,#478,#1818,.T.);
#1816 = VERTEX_POINT('',#1817);
#1817 = CARTESIAN_POINT('',(-0.32,-0.32,-2.84));
#1818 = LINE('',#1819,#1820);
#1819 = CARTESIAN_POINT('',(-0.32,-0.32,-3.));
#1820 = VECTOR('',#1821,1.);
#1821 = DIRECTION('',(0.,0.,1.));
#1822 = ORIENTED_EDGE('',*,*,#1823,.T.);
#1823 = EDGE_CURVE('',#1816,#1793,#1824,.T.);
#1824 = LINE('',#1825,#1826);
#1825 = CARTESIAN_POINT('',(-0.32,-0.32,-2.84));
#1826 = VECTOR('',#1827,1.);
#1827 = DIRECTION('',(0.,1.,0.));
#1828 = ORIENTED_EDGE('',*,*,#1800,.T.);
#1829 = ORIENTED_EDGE('',*,*,#485,.F.);
#1830 = PLANE('',#1831);
#1831 = AXIS2_PLACEMENT_3D('',#1832,#1833,#1834);
#1832 = CARTESIAN_POINT('',(-0.32,-0.32,-3.));
#1833 = DIRECTION('',(1.,0.,0.));
#1834 = DIRECTION('',(0.,0.,1.));
#1835 = ADVANCED_FACE('',(#1836),#1847,.F.);
#1836 = FACE_BOUND('',#1837,.F.);
#1837 = EDGE_LOOP('',(#1838,#1839,#1845,#1846));
#1838 = ORIENTED_EDGE('',*,*,#1760,.F.);
#1839 = ORIENTED_EDGE('',*,*,#1840,.F.);
#1840 = EDGE_CURVE('',#1816,#1761,#1841,.T.);
#1841 = LINE('',#1842,#1843);
#1842 = CARTESIAN_POINT('',(-0.32,-0.32,-2.84));
#1843 = VECTOR('',#1844,1.);
#1844 = DIRECTION('',(1.,0.,0.));
#1845 = ORIENTED_EDGE('',*,*,#1815,.T.);
#1846 = ORIENTED_EDGE('',*,*,#477,.F.);
#1847 = PLANE('',#1848);
#1848 = AXIS2_PLACEMENT_3D('',#1849,#1850,#1851);
#1849 = CARTESIAN_POINT('',(-0.32,-0.32,-3.));
#1850 = DIRECTION('',(0.,1.,0.));
#1851 = DIRECTION('',(0.,-0.,1.));
#1852 = ADVANCED_FACE('',(#1853),#1878,.T.);
#1853 = FACE_BOUND('',#1854,.T.);
#1854 = EDGE_LOOP('',(#1855,#1863,#1871,#1877));
#1855 = ORIENTED_EDGE('',*,*,#1856,.F.);
#1856 = EDGE_CURVE('',#1857,#502,#1859,.T.);
#1857 = VERTEX_POINT('',#1858);
#1858 = CARTESIAN_POINT('',(0.32,-5.4,-2.84));
#1859 = LINE('',#1860,#1861);
#1860 = CARTESIAN_POINT('',(0.32,-5.4,-3.));
#1861 = VECTOR('',#1862,1.);
#1862 = DIRECTION('',(0.,0.,1.));
#1863 = ORIENTED_EDGE('',*,*,#1864,.T.);
#1864 = EDGE_CURVE('',#1857,#1865,#1867,.T.);
#1865 = VERTEX_POINT('',#1866);
#1866 = CARTESIAN_POINT('',(0.32,-4.76,-2.84));
#1867 = LINE('',#1868,#1869);
#1868 = CARTESIAN_POINT('',(0.32,-5.4,-2.84));
#1869 = VECTOR('',#1870,1.);
#1870 = DIRECTION('',(0.,1.,0.));
#1871 = ORIENTED_EDGE('',*,*,#1872,.T.);
#1872 = EDGE_CURVE('',#1865,#504,#1873,.T.);
#1873 = LINE('',#1874,#1875);
#1874 = CARTESIAN_POINT('',(0.32,-4.76,-3.));
#1875 = VECTOR('',#1876,1.);
#1876 = DIRECTION('',(0.,0.,1.));
#1877 = ORIENTED_EDGE('',*,*,#501,.F.);
#1878 = PLANE('',#1879);
#1879 = AXIS2_PLACEMENT_3D('',#1880,#1881,#1882);
#1880 = CARTESIAN_POINT('',(0.32,-5.4,-3.));
#1881 = DIRECTION('',(1.,0.,0.));
#1882 = DIRECTION('',(0.,0.,1.));
#1883 = ADVANCED_FACE('',(#1884),#1902,.T.);
#1884 = FACE_BOUND('',#1885,.T.);
#1885 = EDGE_LOOP('',(#1886,#1887,#1895,#1901));
#1886 = ORIENTED_EDGE('',*,*,#1872,.F.);
#1887 = ORIENTED_EDGE('',*,*,#1888,.F.);
#1888 = EDGE_CURVE('',#1889,#1865,#1891,.T.);
#1889 = VERTEX_POINT('',#1890);
#1890 = CARTESIAN_POINT('',(-0.32,-4.76,-2.84));
#1891 = LINE('',#1892,#1893);
#1892 = CARTESIAN_POINT('',(-0.32,-4.76,-2.84));
#1893 = VECTOR('',#1894,1.);
#1894 = DIRECTION('',(1.,0.,0.));
#1895 = ORIENTED_EDGE('',*,*,#1896,.T.);
#1896 = EDGE_CURVE('',#1889,#520,#1897,.T.);
#1897 = LINE('',#1898,#1899);
#1898 = CARTESIAN_POINT('',(-0.32,-4.76,-3.));
#1899 = VECTOR('',#1900,1.);
#1900 = DIRECTION('',(0.,0.,1.));
#1901 = ORIENTED_EDGE('',*,*,#527,.F.);
#1902 = PLANE('',#1903);
#1903 = AXIS2_PLACEMENT_3D('',#1904,#1905,#1906);
#1904 = CARTESIAN_POINT('',(-0.32,-4.76,-3.));
#1905 = DIRECTION('',(0.,1.,0.));
#1906 = DIRECTION('',(0.,-0.,1.));
#1907 = ADVANCED_FACE('',(#1908),#1926,.F.);
#1908 = FACE_BOUND('',#1909,.F.);
#1909 = EDGE_LOOP('',(#1910,#1918,#1924,#1925));
#1910 = ORIENTED_EDGE('',*,*,#1911,.F.);
#1911 = EDGE_CURVE('',#1912,#512,#1914,.T.);
#1912 = VERTEX_POINT('',#1913);
#1913 = CARTESIAN_POINT('',(-0.32,-5.4,-2.84));
#1914 = LINE('',#1915,#1916);
#1915 = CARTESIAN_POINT('',(-0.32,-5.4,-3.));
#1916 = VECTOR('',#1917,1.);
#1917 = DIRECTION('',(0.,0.,1.));
#1918 = ORIENTED_EDGE('',*,*,#1919,.T.);
#1919 = EDGE_CURVE('',#1912,#1889,#1920,.T.);
#1920 = LINE('',#1921,#1922);
#1921 = CARTESIAN_POINT('',(-0.32,-5.4,-2.84));
#1922 = VECTOR('',#1923,1.);
#1923 = DIRECTION('',(0.,1.,0.));
#1924 = ORIENTED_EDGE('',*,*,#1896,.T.);
#1925 = ORIENTED_EDGE('',*,*,#519,.F.);
#1926 = PLANE('',#1927);
#1927 = AXIS2_PLACEMENT_3D('',#1928,#1929,#1930);
#1928 = CARTESIAN_POINT('',(-0.32,-5.4,-3.));
#1929 = DIRECTION('',(1.,0.,0.));
#1930 = DIRECTION('',(0.,0.,1.));
#1931 = ADVANCED_FACE('',(#1932),#1943,.F.);
#1932 = FACE_BOUND('',#1933,.F.);
#1933 = EDGE_LOOP('',(#1934,#1935,#1941,#1942));
#1934 = ORIENTED_EDGE('',*,*,#1856,.F.);
#1935 = ORIENTED_EDGE('',*,*,#1936,.F.);
#1936 = EDGE_CURVE('',#1912,#1857,#1937,.T.);
#1937 = LINE('',#1938,#1939);
#1938 = CARTESIAN_POINT('',(-0.32,-5.4,-2.84));
#1939 = VECTOR('',#1940,1.);
#1940 = DIRECTION('',(1.,0.,0.));
#1941 = ORIENTED_EDGE('',*,*,#1911,.T.);
#1942 = ORIENTED_EDGE('',*,*,#511,.F.);
#1943 = PLANE('',#1944);
#1944 = AXIS2_PLACEMENT_3D('',#1945,#1946,#1947);
#1945 = CARTESIAN_POINT('',(-0.32,-5.4,-3.));
#1946 = DIRECTION('',(0.,1.,0.));
#1947 = DIRECTION('',(0.,-0.,1.));
#1948 = ADVANCED_FACE('',(#1949),#1974,.T.);
#1949 = FACE_BOUND('',#1950,.T.);
#1950 = EDGE_LOOP('',(#1951,#1959,#1967,#1973));
#1951 = ORIENTED_EDGE('',*,*,#1952,.F.);
#1952 = EDGE_CURVE('',#1953,#536,#1955,.T.);
#1953 = VERTEX_POINT('',#1954);
#1954 = CARTESIAN_POINT('',(0.32,-2.86,-2.84));
#1955 = LINE('',#1956,#1957);
#1956 = CARTESIAN_POINT('',(0.32,-2.86,-3.));
#1957 = VECTOR('',#1958,1.);
#1958 = DIRECTION('',(0.,0.,1.));
#1959 = ORIENTED_EDGE('',*,*,#1960,.T.);
#1960 = EDGE_CURVE('',#1953,#1961,#1963,.T.);
#1961 = VERTEX_POINT('',#1962);
#1962 = CARTESIAN_POINT('',(0.32,-2.22,-2.84));
#1963 = LINE('',#1964,#1965);
#1964 = CARTESIAN_POINT('',(0.32,-2.86,-2.84));
#1965 = VECTOR('',#1966,1.);
#1966 = DIRECTION('',(0.,1.,0.));
#1967 = ORIENTED_EDGE('',*,*,#1968,.T.);
#1968 = EDGE_CURVE('',#1961,#538,#1969,.T.);
#1969 = LINE('',#1970,#1971);
#1970 = CARTESIAN_POINT('',(0.32,-2.22,-3.));
#1971 = VECTOR('',#1972,1.);
#1972 = DIRECTION('',(0.,0.,1.));
#1973 = ORIENTED_EDGE('',*,*,#535,.F.);
#1974 = PLANE('',#1975);
#1975 = AXIS2_PLACEMENT_3D('',#1976,#1977,#1978);
#1976 = CARTESIAN_POINT('',(0.32,-2.86,-3.));
#1977 = DIRECTION('',(1.,0.,0.));
#1978 = DIRECTION('',(0.,0.,1.));
#1979 = ADVANCED_FACE('',(#1980),#1998,.T.);
#1980 = FACE_BOUND('',#1981,.T.);
#1981 = EDGE_LOOP('',(#1982,#1983,#1991,#1997));
#1982 = ORIENTED_EDGE('',*,*,#1968,.F.);
#1983 = ORIENTED_EDGE('',*,*,#1984,.F.);
#1984 = EDGE_CURVE('',#1985,#1961,#1987,.T.);
#1985 = VERTEX_POINT('',#1986);
#1986 = CARTESIAN_POINT('',(-0.32,-2.22,-2.84));
#1987 = LINE('',#1988,#1989);
#1988 = CARTESIAN_POINT('',(-0.32,-2.22,-2.84));
#1989 = VECTOR('',#1990,1.);
#1990 = DIRECTION('',(1.,0.,0.));
#1991 = ORIENTED_EDGE('',*,*,#1992,.T.);
#1992 = EDGE_CURVE('',#1985,#554,#1993,.T.);
#1993 = LINE('',#1994,#1995);
#1994 = CARTESIAN_POINT('',(-0.32,-2.22,-3.));
#1995 = VECTOR('',#1996,1.);
#1996 = DIRECTION('',(0.,0.,1.));
#1997 = ORIENTED_EDGE('',*,*,#561,.F.);
#1998 = PLANE('',#1999);
#1999 = AXIS2_PLACEMENT_3D('',#2000,#2001,#2002);
#2000 = CARTESIAN_POINT('',(-0.32,-2.22,-3.));
#2001 = DIRECTION('',(0.,1.,0.));
#2002 = DIRECTION('',(0.,-0.,1.));
#2003 = ADVANCED_FACE('',(#2004),#2022,.F.);
#2004 = FACE_BOUND('',#2005,.F.);
#2005 = EDGE_LOOP('',(#2006,#2014,#2020,#2021));
#2006 = ORIENTED_EDGE('',*,*,#2007,.F.);
#2007 = EDGE_CURVE('',#2008,#546,#2010,.T.);
#2008 = VERTEX_POINT('',#2009);
#2009 = CARTESIAN_POINT('',(-0.32,-2.86,-2.84));
#2010 = LINE('',#2011,#2012);
#2011 = CARTESIAN_POINT('',(-0.32,-2.86,-3.));
#2012 = VECTOR('',#2013,1.);
#2013 = DIRECTION('',(0.,0.,1.));
#2014 = ORIENTED_EDGE('',*,*,#2015,.T.);
#2015 = EDGE_CURVE('',#2008,#1985,#2016,.T.);
#2016 = LINE('',#2017,#2018);
#2017 = CARTESIAN_POINT('',(-0.32,-2.86,-2.84));
#2018 = VECTOR('',#2019,1.);
#2019 = DIRECTION('',(0.,1.,0.));
#2020 = ORIENTED_EDGE('',*,*,#1992,.T.);
#2021 = ORIENTED_EDGE('',*,*,#553,.F.);
#2022 = PLANE('',#2023);
#2023 = AXIS2_PLACEMENT_3D('',#2024,#2025,#2026);
#2024 = CARTESIAN_POINT('',(-0.32,-2.86,-3.));
#2025 = DIRECTION('',(1.,0.,0.));
#2026 = DIRECTION('',(0.,0.,1.));
#2027 = ADVANCED_FACE('',(#2028),#2039,.F.);
#2028 = FACE_BOUND('',#2029,.F.);
#2029 = EDGE_LOOP('',(#2030,#2031,#2037,#2038));
#2030 = ORIENTED_EDGE('',*,*,#1952,.F.);
#2031 = ORIENTED_EDGE('',*,*,#2032,.F.);
#2032 = EDGE_CURVE('',#2008,#1953,#2033,.T.);
#2033 = LINE('',#2034,#2035);
#2034 = CARTESIAN_POINT('',(-0.32,-2.86,-2.84));
#2035 = VECTOR('',#2036,1.);
#2036 = DIRECTION('',(1.,0.,0.));
#2037 = ORIENTED_EDGE('',*,*,#2007,.T.);
#2038 = ORIENTED_EDGE('',*,*,#545,.F.);
#2039 = PLANE('',#2040);
#2040 = AXIS2_PLACEMENT_3D('',#2041,#2042,#2043);
#2041 = CARTESIAN_POINT('',(-0.32,-2.86,-3.));
#2042 = DIRECTION('',(0.,1.,0.));
#2043 = DIRECTION('',(0.,-0.,1.));
#2044 = ADVANCED_FACE('',(#2045),#2070,.F.);
#2045 = FACE_BOUND('',#2046,.F.);
#2046 = EDGE_LOOP('',(#2047,#2055,#2063,#2069));
#2047 = ORIENTED_EDGE('',*,*,#2048,.F.);
#2048 = EDGE_CURVE('',#2049,#570,#2051,.T.);
#2049 = VERTEX_POINT('',#2050);
#2050 = CARTESIAN_POINT('',(0.32,-13.02,-2.84));
#2051 = LINE('',#2052,#2053);
#2052 = CARTESIAN_POINT('',(0.32,-13.02,-3.));
#2053 = VECTOR('',#2054,1.);
#2054 = DIRECTION('',(0.,0.,1.));
#2055 = ORIENTED_EDGE('',*,*,#2056,.F.);
#2056 = EDGE_CURVE('',#2057,#2049,#2059,.T.);
#2057 = VERTEX_POINT('',#2058);
#2058 = CARTESIAN_POINT('',(-0.32,-13.02,-2.84));
#2059 = LINE('',#2060,#2061);
#2060 = CARTESIAN_POINT('',(-0.32,-13.02,-2.84));
#2061 = VECTOR('',#2062,1.);
#2062 = DIRECTION('',(1.,0.,0.));
#2063 = ORIENTED_EDGE('',*,*,#2064,.T.);
#2064 = EDGE_CURVE('',#2057,#572,#2065,.T.);
#2065 = LINE('',#2066,#2067);
#2066 = CARTESIAN_POINT('',(-0.32,-13.02,-3.));
#2067 = VECTOR('',#2068,1.);
#2068 = DIRECTION('',(0.,0.,1.));
#2069 = ORIENTED_EDGE('',*,*,#569,.F.);
#2070 = PLANE('',#2071);
#2071 = AXIS2_PLACEMENT_3D('',#2072,#2073,#2074);
#2072 = CARTESIAN_POINT('',(-0.32,-13.02,-3.));
#2073 = DIRECTION('',(0.,1.,0.));
#2074 = DIRECTION('',(0.,-0.,1.));
#2075 = ADVANCED_FACE('',(#2076),#2094,.T.);
#2076 = FACE_BOUND('',#2077,.T.);
#2077 = EDGE_LOOP('',(#2078,#2079,#2087,#2093));
#2078 = ORIENTED_EDGE('',*,*,#2048,.F.);
#2079 = ORIENTED_EDGE('',*,*,#2080,.T.);
#2080 = EDGE_CURVE('',#2049,#2081,#2083,.T.);
#2081 = VERTEX_POINT('',#2082);
#2082 = CARTESIAN_POINT('',(0.32,-12.38,-2.84));
#2083 = LINE('',#2084,#2085);
#2084 = CARTESIAN_POINT('',(0.32,-13.02,-2.84));
#2085 = VECTOR('',#2086,1.);
#2086 = DIRECTION('',(0.,1.,0.));
#2087 = ORIENTED_EDGE('',*,*,#2088,.T.);
#2088 = EDGE_CURVE('',#2081,#588,#2089,.T.);
#2089 = LINE('',#2090,#2091);
#2090 = CARTESIAN_POINT('',(0.32,-12.38,-3.));
#2091 = VECTOR('',#2092,1.);
#2092 = DIRECTION('',(0.,0.,1.));
#2093 = ORIENTED_EDGE('',*,*,#595,.F.);
#2094 = PLANE('',#2095);
#2095 = AXIS2_PLACEMENT_3D('',#2096,#2097,#2098);
#2096 = CARTESIAN_POINT('',(0.32,-13.02,-3.));
#2097 = DIRECTION('',(1.,0.,0.));
#2098 = DIRECTION('',(0.,0.,1.));
#2099 = ADVANCED_FACE('',(#2100),#2118,.T.);
#2100 = FACE_BOUND('',#2101,.T.);
#2101 = EDGE_LOOP('',(#2102,#2103,#2111,#2117));
#2102 = ORIENTED_EDGE('',*,*,#2088,.F.);
#2103 = ORIENTED_EDGE('',*,*,#2104,.F.);
#2104 = EDGE_CURVE('',#2105,#2081,#2107,.T.);
#2105 = VERTEX_POINT('',#2106);
#2106 = CARTESIAN_POINT('',(-0.32,-12.38,-2.84));
#2107 = LINE('',#2108,#2109);
#2108 = CARTESIAN_POINT('',(-0.32,-12.38,-2.84));
#2109 = VECTOR('',#2110,1.);
#2110 = DIRECTION('',(1.,0.,0.));
#2111 = ORIENTED_EDGE('',*,*,#2112,.T.);
#2112 = EDGE_CURVE('',#2105,#580,#2113,.T.);
#2113 = LINE('',#2114,#2115);
#2114 = CARTESIAN_POINT('',(-0.32,-12.38,-3.));
#2115 = VECTOR('',#2116,1.);
#2116 = DIRECTION('',(0.,0.,1.));
#2117 = ORIENTED_EDGE('',*,*,#587,.F.);
#2118 = PLANE('',#2119);
#2119 = AXIS2_PLACEMENT_3D('',#2120,#2121,#2122);
#2120 = CARTESIAN_POINT('',(-0.32,-12.38,-3.));
#2121 = DIRECTION('',(0.,1.,0.));
#2122 = DIRECTION('',(0.,-0.,1.));
#2123 = ADVANCED_FACE('',(#2124),#2135,.F.);
#2124 = FACE_BOUND('',#2125,.F.);
#2125 = EDGE_LOOP('',(#2126,#2127,#2133,#2134));
#2126 = ORIENTED_EDGE('',*,*,#2064,.F.);
#2127 = ORIENTED_EDGE('',*,*,#2128,.T.);
#2128 = EDGE_CURVE('',#2057,#2105,#2129,.T.);
#2129 = LINE('',#2130,#2131);
#2130 = CARTESIAN_POINT('',(-0.32,-13.02,-2.84));
#2131 = VECTOR('',#2132,1.);
#2132 = DIRECTION('',(0.,1.,0.));
#2133 = ORIENTED_EDGE('',*,*,#2112,.T.);
#2134 = ORIENTED_EDGE('',*,*,#579,.F.);
#2135 = PLANE('',#2136);
#2136 = AXIS2_PLACEMENT_3D('',#2137,#2138,#2139);
#2137 = CARTESIAN_POINT('',(-0.32,-13.02,-3.));
#2138 = DIRECTION('',(1.,0.,0.));
#2139 = DIRECTION('',(0.,0.,1.));
#2140 = ADVANCED_FACE('',(#2141),#2166,.T.);
#2141 = FACE_BOUND('',#2142,.T.);
#2142 = EDGE_LOOP('',(#2143,#2151,#2159,#2165));
#2143 = ORIENTED_EDGE('',*,*,#2144,.F.);
#2144 = EDGE_CURVE('',#2145,#604,#2147,.T.);
#2145 = VERTEX_POINT('',#2146);
#2146 = CARTESIAN_POINT('',(0.32,-9.84,-2.84));
#2147 = LINE('',#2148,#2149);
#2148 = CARTESIAN_POINT('',(0.32,-9.84,-3.));
#2149 = VECTOR('',#2150,1.);
#2150 = DIRECTION('',(0.,0.,1.));
#2151 = ORIENTED_EDGE('',*,*,#2152,.F.);
#2152 = EDGE_CURVE('',#2153,#2145,#2155,.T.);
#2153 = VERTEX_POINT('',#2154);
#2154 = CARTESIAN_POINT('',(-0.32,-9.84,-2.84));
#2155 = LINE('',#2156,#2157);
#2156 = CARTESIAN_POINT('',(-0.32,-9.84,-2.84));
#2157 = VECTOR('',#2158,1.);
#2158 = DIRECTION('',(1.,0.,0.));
#2159 = ORIENTED_EDGE('',*,*,#2160,.T.);
#2160 = EDGE_CURVE('',#2153,#606,#2161,.T.);
#2161 = LINE('',#2162,#2163);
#2162 = CARTESIAN_POINT('',(-0.32,-9.84,-3.));
#2163 = VECTOR('',#2164,1.);
#2164 = DIRECTION('',(0.,0.,1.));
#2165 = ORIENTED_EDGE('',*,*,#603,.F.);
#2166 = PLANE('',#2167);
#2167 = AXIS2_PLACEMENT_3D('',#2168,#2169,#2170);
#2168 = CARTESIAN_POINT('',(-0.32,-9.84,-3.));
#2169 = DIRECTION('',(0.,1.,0.));
#2170 = DIRECTION('',(0.,-0.,1.));
#2171 = ADVANCED_FACE('',(#2172),#2190,.F.);
#2172 = FACE_BOUND('',#2173,.F.);
#2173 = EDGE_LOOP('',(#2174,#2182,#2188,#2189));
#2174 = ORIENTED_EDGE('',*,*,#2175,.F.);
#2175 = EDGE_CURVE('',#2176,#622,#2178,.T.);
#2176 = VERTEX_POINT('',#2177);
#2177 = CARTESIAN_POINT('',(-0.32,-10.48,-2.84));
#2178 = LINE('',#2179,#2180);
#2179 = CARTESIAN_POINT('',(-0.32,-10.48,-3.));
#2180 = VECTOR('',#2181,1.);
#2181 = DIRECTION('',(0.,0.,1.));
#2182 = ORIENTED_EDGE('',*,*,#2183,.T.);
#2183 = EDGE_CURVE('',#2176,#2153,#2184,.T.);
#2184 = LINE('',#2185,#2186);
#2185 = CARTESIAN_POINT('',(-0.32,-10.48,-2.84));
#2186 = VECTOR('',#2187,1.);
#2187 = DIRECTION('',(0.,1.,0.));
#2188 = ORIENTED_EDGE('',*,*,#2160,.T.);
#2189 = ORIENTED_EDGE('',*,*,#629,.F.);
#2190 = PLANE('',#2191);
#2191 = AXIS2_PLACEMENT_3D('',#2192,#2193,#2194);
#2192 = CARTESIAN_POINT('',(-0.32,-10.48,-3.));
#2193 = DIRECTION('',(1.,0.,0.));
#2194 = DIRECTION('',(0.,0.,1.));
#2195 = ADVANCED_FACE('',(#2196),#2214,.F.);
#2196 = FACE_BOUND('',#2197,.F.);
#2197 = EDGE_LOOP('',(#2198,#2206,#2212,#2213));
#2198 = ORIENTED_EDGE('',*,*,#2199,.F.);
#2199 = EDGE_CURVE('',#2200,#614,#2202,.T.);
#2200 = VERTEX_POINT('',#2201);
#2201 = CARTESIAN_POINT('',(0.32,-10.48,-2.84));
#2202 = LINE('',#2203,#2204);
#2203 = CARTESIAN_POINT('',(0.32,-10.48,-3.));
#2204 = VECTOR('',#2205,1.);
#2205 = DIRECTION('',(0.,0.,1.));
#2206 = ORIENTED_EDGE('',*,*,#2207,.F.);
#2207 = EDGE_CURVE('',#2176,#2200,#2208,.T.);
#2208 = LINE('',#2209,#2210);
#2209 = CARTESIAN_POINT('',(-0.32,-10.48,-2.84));
#2210 = VECTOR('',#2211,1.);
#2211 = DIRECTION('',(1.,0.,0.));
#2212 = ORIENTED_EDGE('',*,*,#2175,.T.);
#2213 = ORIENTED_EDGE('',*,*,#621,.F.);
#2214 = PLANE('',#2215);
#2215 = AXIS2_PLACEMENT_3D('',#2216,#2217,#2218);
#2216 = CARTESIAN_POINT('',(-0.32,-10.48,-3.));
#2217 = DIRECTION('',(0.,1.,0.));
#2218 = DIRECTION('',(0.,-0.,1.));
#2219 = ADVANCED_FACE('',(#2220),#2231,.T.);
#2220 = FACE_BOUND('',#2221,.T.);
#2221 = EDGE_LOOP('',(#2222,#2223,#2229,#2230));
#2222 = ORIENTED_EDGE('',*,*,#2199,.F.);
#2223 = ORIENTED_EDGE('',*,*,#2224,.T.);
#2224 = EDGE_CURVE('',#2200,#2145,#2225,.T.);
#2225 = LINE('',#2226,#2227);
#2226 = CARTESIAN_POINT('',(0.32,-10.48,-2.84));
#2227 = VECTOR('',#2228,1.);
#2228 = DIRECTION('',(0.,1.,0.));
#2229 = ORIENTED_EDGE('',*,*,#2144,.T.);
#2230 = ORIENTED_EDGE('',*,*,#613,.F.);
#2231 = PLANE('',#2232);
#2232 = AXIS2_PLACEMENT_3D('',#2233,#2234,#2235);
#2233 = CARTESIAN_POINT('',(0.32,-10.48,-3.));
#2234 = DIRECTION('',(1.,0.,0.));
#2235 = DIRECTION('',(0.,0.,1.));
#2236 = ADVANCED_FACE('',(#2237),#2262,.F.);
#2237 = FACE_BOUND('',#2238,.F.);
#2238 = EDGE_LOOP('',(#2239,#2247,#2255,#2261));
#2239 = ORIENTED_EDGE('',*,*,#2240,.F.);
#2240 = EDGE_CURVE('',#2241,#638,#2243,.T.);
#2241 = VERTEX_POINT('',#2242);
#2242 = CARTESIAN_POINT('',(0.32,-7.94,-2.84));
#2243 = LINE('',#2244,#2245);
#2244 = CARTESIAN_POINT('',(0.32,-7.94,-3.));
#2245 = VECTOR('',#2246,1.);
#2246 = DIRECTION('',(0.,0.,1.));
#2247 = ORIENTED_EDGE('',*,*,#2248,.F.);
#2248 = EDGE_CURVE('',#2249,#2241,#2251,.T.);
#2249 = VERTEX_POINT('',#2250);
#2250 = CARTESIAN_POINT('',(-0.32,-7.94,-2.84));
#2251 = LINE('',#2252,#2253);
#2252 = CARTESIAN_POINT('',(-0.32,-7.94,-2.84));
#2253 = VECTOR('',#2254,1.);
#2254 = DIRECTION('',(1.,0.,0.));
#2255 = ORIENTED_EDGE('',*,*,#2256,.T.);
#2256 = EDGE_CURVE('',#2249,#640,#2257,.T.);
#2257 = LINE('',#2258,#2259);
#2258 = CARTESIAN_POINT('',(-0.32,-7.94,-3.));
#2259 = VECTOR('',#2260,1.);
#2260 = DIRECTION('',(0.,0.,1.));
#2261 = ORIENTED_EDGE('',*,*,#637,.F.);
#2262 = PLANE('',#2263);
#2263 = AXIS2_PLACEMENT_3D('',#2264,#2265,#2266);
#2264 = CARTESIAN_POINT('',(-0.32,-7.94,-3.));
#2265 = DIRECTION('',(0.,1.,0.));
#2266 = DIRECTION('',(0.,-0.,1.));
#2267 = ADVANCED_FACE('',(#2268),#2286,.T.);
#2268 = FACE_BOUND('',#2269,.T.);
#2269 = EDGE_LOOP('',(#2270,#2271,#2279,#2285));
#2270 = ORIENTED_EDGE('',*,*,#2240,.F.);
#2271 = ORIENTED_EDGE('',*,*,#2272,.T.);
#2272 = EDGE_CURVE('',#2241,#2273,#2275,.T.);
#2273 = VERTEX_POINT('',#2274);
#2274 = CARTESIAN_POINT('',(0.32,-7.3,-2.84));
#2275 = LINE('',#2276,#2277);
#2276 = CARTESIAN_POINT('',(0.32,-7.94,-2.84));
#2277 = VECTOR('',#2278,1.);
#2278 = DIRECTION('',(0.,1.,0.));
#2279 = ORIENTED_EDGE('',*,*,#2280,.T.);
#2280 = EDGE_CURVE('',#2273,#656,#2281,.T.);
#2281 = LINE('',#2282,#2283);
#2282 = CARTESIAN_POINT('',(0.32,-7.3,-3.));
#2283 = VECTOR('',#2284,1.);
#2284 = DIRECTION('',(0.,0.,1.));
#2285 = ORIENTED_EDGE('',*,*,#663,.F.);
#2286 = PLANE('',#2287);
#2287 = AXIS2_PLACEMENT_3D('',#2288,#2289,#2290);
#2288 = CARTESIAN_POINT('',(0.32,-7.94,-3.));
#2289 = DIRECTION('',(1.,0.,0.));
#2290 = DIRECTION('',(0.,0.,1.));
#2291 = ADVANCED_FACE('',(#2292),#2310,.T.);
#2292 = FACE_BOUND('',#2293,.T.);
#2293 = EDGE_LOOP('',(#2294,#2295,#2303,#2309));
#2294 = ORIENTED_EDGE('',*,*,#2280,.F.);
#2295 = ORIENTED_EDGE('',*,*,#2296,.F.);
#2296 = EDGE_CURVE('',#2297,#2273,#2299,.T.);
#2297 = VERTEX_POINT('',#2298);
#2298 = CARTESIAN_POINT('',(-0.32,-7.3,-2.84));
#2299 = LINE('',#2300,#2301);
#2300 = CARTESIAN_POINT('',(-0.32,-7.3,-2.84));
#2301 = VECTOR('',#2302,1.);
#2302 = DIRECTION('',(1.,0.,0.));
#2303 = ORIENTED_EDGE('',*,*,#2304,.T.);
#2304 = EDGE_CURVE('',#2297,#648,#2305,.T.);
#2305 = LINE('',#2306,#2307);
#2306 = CARTESIAN_POINT('',(-0.32,-7.3,-3.));
#2307 = VECTOR('',#2308,1.);
#2308 = DIRECTION('',(0.,0.,1.));
#2309 = ORIENTED_EDGE('',*,*,#655,.F.);
#2310 = PLANE('',#2311);
#2311 = AXIS2_PLACEMENT_3D('',#2312,#2313,#2314);
#2312 = CARTESIAN_POINT('',(-0.32,-7.3,-3.));
#2313 = DIRECTION('',(0.,1.,0.));
#2314 = DIRECTION('',(0.,-0.,1.));
#2315 = ADVANCED_FACE('',(#2316),#2327,.F.);
#2316 = FACE_BOUND('',#2317,.F.);
#2317 = EDGE_LOOP('',(#2318,#2319,#2325,#2326));
#2318 = ORIENTED_EDGE('',*,*,#2256,.F.);
#2319 = ORIENTED_EDGE('',*,*,#2320,.T.);
#2320 = EDGE_CURVE('',#2249,#2297,#2321,.T.);
#2321 = LINE('',#2322,#2323);
#2322 = CARTESIAN_POINT('',(-0.32,-7.94,-2.84));
#2323 = VECTOR('',#2324,1.);
#2324 = DIRECTION('',(0.,1.,0.));
#2325 = ORIENTED_EDGE('',*,*,#2304,.T.);
#2326 = ORIENTED_EDGE('',*,*,#647,.F.);
#2327 = PLANE('',#2328);
#2328 = AXIS2_PLACEMENT_3D('',#2329,#2330,#2331);
#2329 = CARTESIAN_POINT('',(-0.32,-7.94,-3.));
#2330 = DIRECTION('',(1.,0.,0.));
#2331 = DIRECTION('',(0.,0.,1.));
#2332 = ADVANCED_FACE('',(#2333),#2358,.T.);
#2333 = FACE_BOUND('',#2334,.T.);
#2334 = EDGE_LOOP('',(#2335,#2343,#2344,#2352));
#2335 = ORIENTED_EDGE('',*,*,#2336,.F.);
#2336 = EDGE_CURVE('',#961,#2337,#2339,.T.);
#2337 = VERTEX_POINT('',#2338);
#2338 = CARTESIAN_POINT('',(0.32,-0.32,8.38));
#2339 = LINE('',#2340,#2341);
#2340 = CARTESIAN_POINT('',(0.32,-0.32,-3.));
#2341 = VECTOR('',#2342,1.);
#2342 = DIRECTION('',(0.,0.,1.));
#2343 = ORIENTED_EDGE('',*,*,#960,.T.);
#2344 = ORIENTED_EDGE('',*,*,#2345,.T.);
#2345 = EDGE_CURVE('',#963,#2346,#2348,.T.);
#2346 = VERTEX_POINT('',#2347);
#2347 = CARTESIAN_POINT('',(0.32,0.32,8.38));
#2348 = LINE('',#2349,#2350);
#2349 = CARTESIAN_POINT('',(0.32,0.32,-3.));
#2350 = VECTOR('',#2351,1.);
#2351 = DIRECTION('',(0.,0.,1.));
#2352 = ORIENTED_EDGE('',*,*,#2353,.F.);
#2353 = EDGE_CURVE('',#2337,#2346,#2354,.T.);
#2354 = LINE('',#2355,#2356);
#2355 = CARTESIAN_POINT('',(0.32,-0.32,8.38));
#2356 = VECTOR('',#2357,1.);
#2357 = DIRECTION('',(0.,1.,0.));
#2358 = PLANE('',#2359);
#2359 = AXIS2_PLACEMENT_3D('',#2360,#2361,#2362);
#2360 = CARTESIAN_POINT('',(0.32,-0.32,-3.));
#2361 = DIRECTION('',(1.,0.,0.));
#2362 = DIRECTION('',(0.,0.,1.));
#2363 = ADVANCED_FACE('',(#2364),#2382,.T.);
#2364 = FACE_BOUND('',#2365,.T.);
#2365 = EDGE_LOOP('',(#2366,#2367,#2368,#2376));
#2366 = ORIENTED_EDGE('',*,*,#2345,.F.);
#2367 = ORIENTED_EDGE('',*,*,#986,.T.);
#2368 = ORIENTED_EDGE('',*,*,#2369,.T.);
#2369 = EDGE_CURVE('',#979,#2370,#2372,.T.);
#2370 = VERTEX_POINT('',#2371);
#2371 = CARTESIAN_POINT('',(-0.32,0.32,8.38));
#2372 = LINE('',#2373,#2374);
#2373 = CARTESIAN_POINT('',(-0.32,0.32,-3.));
#2374 = VECTOR('',#2375,1.);
#2375 = DIRECTION('',(0.,0.,1.));
#2376 = ORIENTED_EDGE('',*,*,#2377,.T.);
#2377 = EDGE_CURVE('',#2370,#2346,#2378,.T.);
#2378 = LINE('',#2379,#2380);
#2379 = CARTESIAN_POINT('',(-0.32,0.32,8.38));
#2380 = VECTOR('',#2381,1.);
#2381 = DIRECTION('',(1.,0.,0.));
#2382 = PLANE('',#2383);
#2383 = AXIS2_PLACEMENT_3D('',#2384,#2385,#2386);
#2384 = CARTESIAN_POINT('',(-0.32,0.32,-3.));
#2385 = DIRECTION('',(0.,1.,0.));
#2386 = DIRECTION('',(0.,-0.,1.));
#2387 = ADVANCED_FACE('',(#2388),#2406,.F.);
#2388 = FACE_BOUND('',#2389,.F.);
#2389 = EDGE_LOOP('',(#2390,#2398,#2399,#2400));
#2390 = ORIENTED_EDGE('',*,*,#2391,.F.);
#2391 = EDGE_CURVE('',#971,#2392,#2394,.T.);
#2392 = VERTEX_POINT('',#2393);
#2393 = CARTESIAN_POINT('',(-0.32,-0.32,8.38));
#2394 = LINE('',#2395,#2396);
#2395 = CARTESIAN_POINT('',(-0.32,-0.32,-3.));
#2396 = VECTOR('',#2397,1.);
#2397 = DIRECTION('',(0.,0.,1.));
#2398 = ORIENTED_EDGE('',*,*,#978,.T.);
#2399 = ORIENTED_EDGE('',*,*,#2369,.T.);
#2400 = ORIENTED_EDGE('',*,*,#2401,.F.);
#2401 = EDGE_CURVE('',#2392,#2370,#2402,.T.);
#2402 = LINE('',#2403,#2404);
#2403 = CARTESIAN_POINT('',(-0.32,-0.32,8.38));
#2404 = VECTOR('',#2405,1.);
#2405 = DIRECTION('',(0.,1.,0.));
#2406 = PLANE('',#2407);
#2407 = AXIS2_PLACEMENT_3D('',#2408,#2409,#2410);
#2408 = CARTESIAN_POINT('',(-0.32,-0.32,-3.));
#2409 = DIRECTION('',(1.,0.,0.));
#2410 = DIRECTION('',(0.,0.,1.));
#2411 = ADVANCED_FACE('',(#2412),#2423,.F.);
#2412 = FACE_BOUND('',#2413,.F.);
#2413 = EDGE_LOOP('',(#2414,#2415,#2416,#2417));
#2414 = ORIENTED_EDGE('',*,*,#2336,.F.);
#2415 = ORIENTED_EDGE('',*,*,#970,.T.);
#2416 = ORIENTED_EDGE('',*,*,#2391,.T.);
#2417 = ORIENTED_EDGE('',*,*,#2418,.T.);
#2418 = EDGE_CURVE('',#2392,#2337,#2419,.T.);
#2419 = LINE('',#2420,#2421);
#2420 = CARTESIAN_POINT('',(-0.32,-0.32,8.38));
#2421 = VECTOR('',#2422,1.);
#2422 = DIRECTION('',(1.,0.,0.));
#2423 = PLANE('',#2424);
#2424 = AXIS2_PLACEMENT_3D('',#2425,#2426,#2427);
#2425 = CARTESIAN_POINT('',(-0.32,-0.32,-3.));
#2426 = DIRECTION('',(0.,1.,0.));
#2427 = DIRECTION('',(0.,-0.,1.));
#2428 = ADVANCED_FACE('',(#2429),#2454,.T.);
#2429 = FACE_BOUND('',#2430,.T.);
#2430 = EDGE_LOOP('',(#2431,#2439,#2440,#2448));
#2431 = ORIENTED_EDGE('',*,*,#2432,.F.);
#2432 = EDGE_CURVE('',#995,#2433,#2435,.T.);
#2433 = VERTEX_POINT('',#2434);
#2434 = CARTESIAN_POINT('',(0.32,-5.4,8.38));
#2435 = LINE('',#2436,#2437);
#2436 = CARTESIAN_POINT('',(0.32,-5.4,-3.));
#2437 = VECTOR('',#2438,1.);
#2438 = DIRECTION('',(0.,0.,1.));
#2439 = ORIENTED_EDGE('',*,*,#994,.T.);
#2440 = ORIENTED_EDGE('',*,*,#2441,.T.);
#2441 = EDGE_CURVE('',#997,#2442,#2444,.T.);
#2442 = VERTEX_POINT('',#2443);
#2443 = CARTESIAN_POINT('',(0.32,-4.76,8.38));
#2444 = LINE('',#2445,#2446);
#2445 = CARTESIAN_POINT('',(0.32,-4.76,-3.));
#2446 = VECTOR('',#2447,1.);
#2447 = DIRECTION('',(0.,0.,1.));
#2448 = ORIENTED_EDGE('',*,*,#2449,.F.);
#2449 = EDGE_CURVE('',#2433,#2442,#2450,.T.);
#2450 = LINE('',#2451,#2452);
#2451 = CARTESIAN_POINT('',(0.32,-5.4,8.38));
#2452 = VECTOR('',#2453,1.);
#2453 = DIRECTION('',(0.,1.,0.));
#2454 = PLANE('',#2455);
#2455 = AXIS2_PLACEMENT_3D('',#2456,#2457,#2458);
#2456 = CARTESIAN_POINT('',(0.32,-5.4,-3.));
#2457 = DIRECTION('',(1.,0.,0.));
#2458 = DIRECTION('',(0.,0.,1.));
#2459 = ADVANCED_FACE('',(#2460),#2478,.T.);
#2460 = FACE_BOUND('',#2461,.T.);
#2461 = EDGE_LOOP('',(#2462,#2463,#2464,#2472));
#2462 = ORIENTED_EDGE('',*,*,#2441,.F.);
#2463 = ORIENTED_EDGE('',*,*,#1020,.T.);
#2464 = ORIENTED_EDGE('',*,*,#2465,.T.);
#2465 = EDGE_CURVE('',#1013,#2466,#2468,.T.);
#2466 = VERTEX_POINT('',#2467);
#2467 = CARTESIAN_POINT('',(-0.32,-4.76,8.38));
#2468 = LINE('',#2469,#2470);
#2469 = CARTESIAN_POINT('',(-0.32,-4.76,-3.));
#2470 = VECTOR('',#2471,1.);
#2471 = DIRECTION('',(0.,0.,1.));
#2472 = ORIENTED_EDGE('',*,*,#2473,.T.);
#2473 = EDGE_CURVE('',#2466,#2442,#2474,.T.);
#2474 = LINE('',#2475,#2476);
#2475 = CARTESIAN_POINT('',(-0.32,-4.76,8.38));
#2476 = VECTOR('',#2477,1.);
#2477 = DIRECTION('',(1.,0.,0.));
#2478 = PLANE('',#2479);
#2479 = AXIS2_PLACEMENT_3D('',#2480,#2481,#2482);
#2480 = CARTESIAN_POINT('',(-0.32,-4.76,-3.));
#2481 = DIRECTION('',(0.,1.,0.));
#2482 = DIRECTION('',(0.,-0.,1.));
#2483 = ADVANCED_FACE('',(#2484),#2502,.F.);
#2484 = FACE_BOUND('',#2485,.F.);
#2485 = EDGE_LOOP('',(#2486,#2494,#2495,#2496));
#2486 = ORIENTED_EDGE('',*,*,#2487,.F.);
#2487 = EDGE_CURVE('',#1005,#2488,#2490,.T.);
#2488 = VERTEX_POINT('',#2489);
#2489 = CARTESIAN_POINT('',(-0.32,-5.4,8.38));
#2490 = LINE('',#2491,#2492);
#2491 = CARTESIAN_POINT('',(-0.32,-5.4,-3.));
#2492 = VECTOR('',#2493,1.);
#2493 = DIRECTION('',(0.,0.,1.));
#2494 = ORIENTED_EDGE('',*,*,#1012,.T.);
#2495 = ORIENTED_EDGE('',*,*,#2465,.T.);
#2496 = ORIENTED_EDGE('',*,*,#2497,.F.);
#2497 = EDGE_CURVE('',#2488,#2466,#2498,.T.);
#2498 = LINE('',#2499,#2500);
#2499 = CARTESIAN_POINT('',(-0.32,-5.4,8.38));
#2500 = VECTOR('',#2501,1.);
#2501 = DIRECTION('',(0.,1.,0.));
#2502 = PLANE('',#2503);
#2503 = AXIS2_PLACEMENT_3D('',#2504,#2505,#2506);
#2504 = CARTESIAN_POINT('',(-0.32,-5.4,-3.));
#2505 = DIRECTION('',(1.,0.,0.));
#2506 = DIRECTION('',(0.,0.,1.));
#2507 = ADVANCED_FACE('',(#2508),#2519,.F.);
#2508 = FACE_BOUND('',#2509,.F.);
#2509 = EDGE_LOOP('',(#2510,#2511,#2512,#2513));
#2510 = ORIENTED_EDGE('',*,*,#2432,.F.);
#2511 = ORIENTED_EDGE('',*,*,#1004,.T.);
#2512 = ORIENTED_EDGE('',*,*,#2487,.T.);
#2513 = ORIENTED_EDGE('',*,*,#2514,.T.);
#2514 = EDGE_CURVE('',#2488,#2433,#2515,.T.);
#2515 = LINE('',#2516,#2517);
#2516 = CARTESIAN_POINT('',(-0.32,-5.4,8.38));
#2517 = VECTOR('',#2518,1.);
#2518 = DIRECTION('',(1.,0.,0.));
#2519 = PLANE('',#2520);
#2520 = AXIS2_PLACEMENT_3D('',#2521,#2522,#2523);
#2521 = CARTESIAN_POINT('',(-0.32,-5.4,-3.));
#2522 = DIRECTION('',(0.,1.,0.));
#2523 = DIRECTION('',(0.,-0.,1.));
#2524 = ADVANCED_FACE('',(#2525),#2550,.T.);
#2525 = FACE_BOUND('',#2526,.T.);
#2526 = EDGE_LOOP('',(#2527,#2535,#2536,#2544));
#2527 = ORIENTED_EDGE('',*,*,#2528,.F.);
#2528 = EDGE_CURVE('',#1029,#2529,#2531,.T.);
#2529 = VERTEX_POINT('',#2530);
#2530 = CARTESIAN_POINT('',(0.32,-2.86,8.38));
#2531 = LINE('',#2532,#2533);
#2532 = CARTESIAN_POINT('',(0.32,-2.86,-3.));
#2533 = VECTOR('',#2534,1.);
#2534 = DIRECTION('',(0.,0.,1.));
#2535 = ORIENTED_EDGE('',*,*,#1028,.T.);
#2536 = ORIENTED_EDGE('',*,*,#2537,.T.);
#2537 = EDGE_CURVE('',#1031,#2538,#2540,.T.);
#2538 = VERTEX_POINT('',#2539);
#2539 = CARTESIAN_POINT('',(0.32,-2.22,8.38));
#2540 = LINE('',#2541,#2542);
#2541 = CARTESIAN_POINT('',(0.32,-2.22,-3.));
#2542 = VECTOR('',#2543,1.);
#2543 = DIRECTION('',(0.,0.,1.));
#2544 = ORIENTED_EDGE('',*,*,#2545,.F.);
#2545 = EDGE_CURVE('',#2529,#2538,#2546,.T.);
#2546 = LINE('',#2547,#2548);
#2547 = CARTESIAN_POINT('',(0.32,-2.86,8.38));
#2548 = VECTOR('',#2549,1.);
#2549 = DIRECTION('',(0.,1.,0.));
#2550 = PLANE('',#2551);
#2551 = AXIS2_PLACEMENT_3D('',#2552,#2553,#2554);
#2552 = CARTESIAN_POINT('',(0.32,-2.86,-3.));
#2553 = DIRECTION('',(1.,0.,0.));
#2554 = DIRECTION('',(0.,0.,1.));
#2555 = ADVANCED_FACE('',(#2556),#2574,.T.);
#2556 = FACE_BOUND('',#2557,.T.);
#2557 = EDGE_LOOP('',(#2558,#2559,#2560,#2568));
#2558 = ORIENTED_EDGE('',*,*,#2537,.F.);
#2559 = ORIENTED_EDGE('',*,*,#1054,.T.);
#2560 = ORIENTED_EDGE('',*,*,#2561,.T.);
#2561 = EDGE_CURVE('',#1047,#2562,#2564,.T.);
#2562 = VERTEX_POINT('',#2563);
#2563 = CARTESIAN_POINT('',(-0.32,-2.22,8.38));
#2564 = LINE('',#2565,#2566);
#2565 = CARTESIAN_POINT('',(-0.32,-2.22,-3.));
#2566 = VECTOR('',#2567,1.);
#2567 = DIRECTION('',(0.,0.,1.));
#2568 = ORIENTED_EDGE('',*,*,#2569,.T.);
#2569 = EDGE_CURVE('',#2562,#2538,#2570,.T.);
#2570 = LINE('',#2571,#2572);
#2571 = CARTESIAN_POINT('',(-0.32,-2.22,8.38));
#2572 = VECTOR('',#2573,1.);
#2573 = DIRECTION('',(1.,0.,0.));
#2574 = PLANE('',#2575);
#2575 = AXIS2_PLACEMENT_3D('',#2576,#2577,#2578);
#2576 = CARTESIAN_POINT('',(-0.32,-2.22,-3.));
#2577 = DIRECTION('',(0.,1.,0.));
#2578 = DIRECTION('',(0.,-0.,1.));
#2579 = ADVANCED_FACE('',(#2580),#2598,.F.);
#2580 = FACE_BOUND('',#2581,.F.);
#2581 = EDGE_LOOP('',(#2582,#2590,#2591,#2592));
#2582 = ORIENTED_EDGE('',*,*,#2583,.F.);
#2583 = EDGE_CURVE('',#1039,#2584,#2586,.T.);
#2584 = VERTEX_POINT('',#2585);
#2585 = CARTESIAN_POINT('',(-0.32,-2.86,8.38));
#2586 = LINE('',#2587,#2588);
#2587 = CARTESIAN_POINT('',(-0.32,-2.86,-3.));
#2588 = VECTOR('',#2589,1.);
#2589 = DIRECTION('',(0.,0.,1.));
#2590 = ORIENTED_EDGE('',*,*,#1046,.T.);
#2591 = ORIENTED_EDGE('',*,*,#2561,.T.);
#2592 = ORIENTED_EDGE('',*,*,#2593,.F.);
#2593 = EDGE_CURVE('',#2584,#2562,#2594,.T.);
#2594 = LINE('',#2595,#2596);
#2595 = CARTESIAN_POINT('',(-0.32,-2.86,8.38));
#2596 = VECTOR('',#2597,1.);
#2597 = DIRECTION('',(0.,1.,0.));
#2598 = PLANE('',#2599);
#2599 = AXIS2_PLACEMENT_3D('',#2600,#2601,#2602);
#2600 = CARTESIAN_POINT('',(-0.32,-2.86,-3.));
#2601 = DIRECTION('',(1.,0.,0.));
#2602 = DIRECTION('',(0.,0.,1.));
#2603 = ADVANCED_FACE('',(#2604),#2615,.F.);
#2604 = FACE_BOUND('',#2605,.F.);
#2605 = EDGE_LOOP('',(#2606,#2607,#2608,#2609));
#2606 = ORIENTED_EDGE('',*,*,#2528,.F.);
#2607 = ORIENTED_EDGE('',*,*,#1038,.T.);
#2608 = ORIENTED_EDGE('',*,*,#2583,.T.);
#2609 = ORIENTED_EDGE('',*,*,#2610,.T.);
#2610 = EDGE_CURVE('',#2584,#2529,#2611,.T.);
#2611 = LINE('',#2612,#2613);
#2612 = CARTESIAN_POINT('',(-0.32,-2.86,8.38));
#2613 = VECTOR('',#2614,1.);
#2614 = DIRECTION('',(1.,0.,0.));
#2615 = PLANE('',#2616);
#2616 = AXIS2_PLACEMENT_3D('',#2617,#2618,#2619);
#2617 = CARTESIAN_POINT('',(-0.32,-2.86,-3.));
#2618 = DIRECTION('',(0.,1.,0.));
#2619 = DIRECTION('',(0.,-0.,1.));
#2620 = ADVANCED_FACE('',(#2621),#2646,.F.);
#2621 = FACE_BOUND('',#2622,.F.);
#2622 = EDGE_LOOP('',(#2623,#2631,#2632,#2640));
#2623 = ORIENTED_EDGE('',*,*,#2624,.F.);
#2624 = EDGE_CURVE('',#1063,#2625,#2627,.T.);
#2625 = VERTEX_POINT('',#2626);
#2626 = CARTESIAN_POINT('',(0.32,-13.02,8.38));
#2627 = LINE('',#2628,#2629);
#2628 = CARTESIAN_POINT('',(0.32,-13.02,-3.));
#2629 = VECTOR('',#2630,1.);
#2630 = DIRECTION('',(0.,0.,1.));
#2631 = ORIENTED_EDGE('',*,*,#1062,.T.);
#2632 = ORIENTED_EDGE('',*,*,#2633,.T.);
#2633 = EDGE_CURVE('',#1065,#2634,#2636,.T.);
#2634 = VERTEX_POINT('',#2635);
#2635 = CARTESIAN_POINT('',(-0.32,-13.02,8.38));
#2636 = LINE('',#2637,#2638);
#2637 = CARTESIAN_POINT('',(-0.32,-13.02,-3.));
#2638 = VECTOR('',#2639,1.);
#2639 = DIRECTION('',(0.,0.,1.));
#2640 = ORIENTED_EDGE('',*,*,#2641,.T.);
#2641 = EDGE_CURVE('',#2634,#2625,#2642,.T.);
#2642 = LINE('',#2643,#2644);
#2643 = CARTESIAN_POINT('',(-0.32,-13.02,8.38));
#2644 = VECTOR('',#2645,1.);
#2645 = DIRECTION('',(1.,0.,0.));
#2646 = PLANE('',#2647);
#2647 = AXIS2_PLACEMENT_3D('',#2648,#2649,#2650);
#2648 = CARTESIAN_POINT('',(-0.32,-13.02,-3.));
#2649 = DIRECTION('',(0.,1.,0.));
#2650 = DIRECTION('',(0.,-0.,1.));
#2651 = ADVANCED_FACE('',(#2652),#2670,.T.);
#2652 = FACE_BOUND('',#2653,.T.);
#2653 = EDGE_LOOP('',(#2654,#2655,#2656,#2664));
#2654 = ORIENTED_EDGE('',*,*,#2624,.F.);
#2655 = ORIENTED_EDGE('',*,*,#1088,.T.);
#2656 = ORIENTED_EDGE('',*,*,#2657,.T.);
#2657 = EDGE_CURVE('',#1081,#2658,#2660,.T.);
#2658 = VERTEX_POINT('',#2659);
#2659 = CARTESIAN_POINT('',(0.32,-12.38,8.38));
#2660 = LINE('',#2661,#2662);
#2661 = CARTESIAN_POINT('',(0.32,-12.38,-3.));
#2662 = VECTOR('',#2663,1.);
#2663 = DIRECTION('',(0.,0.,1.));
#2664 = ORIENTED_EDGE('',*,*,#2665,.F.);
#2665 = EDGE_CURVE('',#2625,#2658,#2666,.T.);
#2666 = LINE('',#2667,#2668);
#2667 = CARTESIAN_POINT('',(0.32,-13.02,8.38));
#2668 = VECTOR('',#2669,1.);
#2669 = DIRECTION('',(0.,1.,0.));
#2670 = PLANE('',#2671);
#2671 = AXIS2_PLACEMENT_3D('',#2672,#2673,#2674);
#2672 = CARTESIAN_POINT('',(0.32,-13.02,-3.));
#2673 = DIRECTION('',(1.,0.,0.));
#2674 = DIRECTION('',(0.,0.,1.));
#2675 = ADVANCED_FACE('',(#2676),#2694,.T.);
#2676 = FACE_BOUND('',#2677,.T.);
#2677 = EDGE_LOOP('',(#2678,#2679,#2680,#2688));
#2678 = ORIENTED_EDGE('',*,*,#2657,.F.);
#2679 = ORIENTED_EDGE('',*,*,#1080,.T.);
#2680 = ORIENTED_EDGE('',*,*,#2681,.T.);
#2681 = EDGE_CURVE('',#1073,#2682,#2684,.T.);
#2682 = VERTEX_POINT('',#2683);
#2683 = CARTESIAN_POINT('',(-0.32,-12.38,8.38));
#2684 = LINE('',#2685,#2686);
#2685 = CARTESIAN_POINT('',(-0.32,-12.38,-3.));
#2686 = VECTOR('',#2687,1.);
#2687 = DIRECTION('',(0.,0.,1.));
#2688 = ORIENTED_EDGE('',*,*,#2689,.T.);
#2689 = EDGE_CURVE('',#2682,#2658,#2690,.T.);
#2690 = LINE('',#2691,#2692);
#2691 = CARTESIAN_POINT('',(-0.32,-12.38,8.38));
#2692 = VECTOR('',#2693,1.);
#2693 = DIRECTION('',(1.,0.,0.));
#2694 = PLANE('',#2695);
#2695 = AXIS2_PLACEMENT_3D('',#2696,#2697,#2698);
#2696 = CARTESIAN_POINT('',(-0.32,-12.38,-3.));
#2697 = DIRECTION('',(0.,1.,0.));
#2698 = DIRECTION('',(0.,-0.,1.));
#2699 = ADVANCED_FACE('',(#2700),#2711,.F.);
#2700 = FACE_BOUND('',#2701,.F.);
#2701 = EDGE_LOOP('',(#2702,#2703,#2704,#2705));
#2702 = ORIENTED_EDGE('',*,*,#2633,.F.);
#2703 = ORIENTED_EDGE('',*,*,#1072,.T.);
#2704 = ORIENTED_EDGE('',*,*,#2681,.T.);
#2705 = ORIENTED_EDGE('',*,*,#2706,.F.);
#2706 = EDGE_CURVE('',#2634,#2682,#2707,.T.);
#2707 = LINE('',#2708,#2709);
#2708 = CARTESIAN_POINT('',(-0.32,-13.02,8.38));
#2709 = VECTOR('',#2710,1.);
#2710 = DIRECTION('',(0.,1.,0.));
#2711 = PLANE('',#2712);
#2712 = AXIS2_PLACEMENT_3D('',#2713,#2714,#2715);
#2713 = CARTESIAN_POINT('',(-0.32,-13.02,-3.));
#2714 = DIRECTION('',(1.,0.,0.));
#2715 = DIRECTION('',(0.,0.,1.));
#2716 = ADVANCED_FACE('',(#2717),#2742,.T.);
#2717 = FACE_BOUND('',#2718,.T.);
#2718 = EDGE_LOOP('',(#2719,#2727,#2728,#2736));
#2719 = ORIENTED_EDGE('',*,*,#2720,.F.);
#2720 = EDGE_CURVE('',#1097,#2721,#2723,.T.);
#2721 = VERTEX_POINT('',#2722);
#2722 = CARTESIAN_POINT('',(0.32,-9.84,8.38));
#2723 = LINE('',#2724,#2725);
#2724 = CARTESIAN_POINT('',(0.32,-9.84,-3.));
#2725 = VECTOR('',#2726,1.);
#2726 = DIRECTION('',(0.,0.,1.));
#2727 = ORIENTED_EDGE('',*,*,#1096,.T.);
#2728 = ORIENTED_EDGE('',*,*,#2729,.T.);
#2729 = EDGE_CURVE('',#1099,#2730,#2732,.T.);
#2730 = VERTEX_POINT('',#2731);
#2731 = CARTESIAN_POINT('',(-0.32,-9.84,8.38));
#2732 = LINE('',#2733,#2734);
#2733 = CARTESIAN_POINT('',(-0.32,-9.84,-3.));
#2734 = VECTOR('',#2735,1.);
#2735 = DIRECTION('',(0.,0.,1.));
#2736 = ORIENTED_EDGE('',*,*,#2737,.T.);
#2737 = EDGE_CURVE('',#2730,#2721,#2738,.T.);
#2738 = LINE('',#2739,#2740);
#2739 = CARTESIAN_POINT('',(-0.32,-9.84,8.38));
#2740 = VECTOR('',#2741,1.);
#2741 = DIRECTION('',(1.,0.,0.));
#2742 = PLANE('',#2743);
#2743 = AXIS2_PLACEMENT_3D('',#2744,#2745,#2746);
#2744 = CARTESIAN_POINT('',(-0.32,-9.84,-3.));
#2745 = DIRECTION('',(0.,1.,0.));
#2746 = DIRECTION('',(0.,-0.,1.));
#2747 = ADVANCED_FACE('',(#2748),#2766,.F.);
#2748 = FACE_BOUND('',#2749,.F.);
#2749 = EDGE_LOOP('',(#2750,#2758,#2759,#2760));
#2750 = ORIENTED_EDGE('',*,*,#2751,.F.);
#2751 = EDGE_CURVE('',#1115,#2752,#2754,.T.);
#2752 = VERTEX_POINT('',#2753);
#2753 = CARTESIAN_POINT('',(-0.32,-10.48,8.38));
#2754 = LINE('',#2755,#2756);
#2755 = CARTESIAN_POINT('',(-0.32,-10.48,-3.));
#2756 = VECTOR('',#2757,1.);
#2757 = DIRECTION('',(0.,0.,1.));
#2758 = ORIENTED_EDGE('',*,*,#1122,.T.);
#2759 = ORIENTED_EDGE('',*,*,#2729,.T.);
#2760 = ORIENTED_EDGE('',*,*,#2761,.F.);
#2761 = EDGE_CURVE('',#2752,#2730,#2762,.T.);
#2762 = LINE('',#2763,#2764);
#2763 = CARTESIAN_POINT('',(-0.32,-10.48,8.38));
#2764 = VECTOR('',#2765,1.);
#2765 = DIRECTION('',(0.,1.,0.));
#2766 = PLANE('',#2767);
#2767 = AXIS2_PLACEMENT_3D('',#2768,#2769,#2770);
#2768 = CARTESIAN_POINT('',(-0.32,-10.48,-3.));
#2769 = DIRECTION('',(1.,0.,0.));
#2770 = DIRECTION('',(0.,0.,1.));
#2771 = ADVANCED_FACE('',(#2772),#2790,.F.);
#2772 = FACE_BOUND('',#2773,.F.);
#2773 = EDGE_LOOP('',(#2774,#2782,#2783,#2784));
#2774 = ORIENTED_EDGE('',*,*,#2775,.F.);
#2775 = EDGE_CURVE('',#1107,#2776,#2778,.T.);
#2776 = VERTEX_POINT('',#2777);
#2777 = CARTESIAN_POINT('',(0.32,-10.48,8.38));
#2778 = LINE('',#2779,#2780);
#2779 = CARTESIAN_POINT('',(0.32,-10.48,-3.));
#2780 = VECTOR('',#2781,1.);
#2781 = DIRECTION('',(0.,0.,1.));
#2782 = ORIENTED_EDGE('',*,*,#1114,.T.);
#2783 = ORIENTED_EDGE('',*,*,#2751,.T.);
#2784 = ORIENTED_EDGE('',*,*,#2785,.T.);
#2785 = EDGE_CURVE('',#2752,#2776,#2786,.T.);
#2786 = LINE('',#2787,#2788);
#2787 = CARTESIAN_POINT('',(-0.32,-10.48,8.38));
#2788 = VECTOR('',#2789,1.);
#2789 = DIRECTION('',(1.,0.,0.));
#2790 = PLANE('',#2791);
#2791 = AXIS2_PLACEMENT_3D('',#2792,#2793,#2794);
#2792 = CARTESIAN_POINT('',(-0.32,-10.48,-3.));
#2793 = DIRECTION('',(0.,1.,0.));
#2794 = DIRECTION('',(0.,-0.,1.));
#2795 = ADVANCED_FACE('',(#2796),#2807,.T.);
#2796 = FACE_BOUND('',#2797,.T.);
#2797 = EDGE_LOOP('',(#2798,#2799,#2800,#2801));
#2798 = ORIENTED_EDGE('',*,*,#2775,.F.);
#2799 = ORIENTED_EDGE('',*,*,#1106,.T.);
#2800 = ORIENTED_EDGE('',*,*,#2720,.T.);
#2801 = ORIENTED_EDGE('',*,*,#2802,.F.);
#2802 = EDGE_CURVE('',#2776,#2721,#2803,.T.);
#2803 = LINE('',#2804,#2805);
#2804 = CARTESIAN_POINT('',(0.32,-10.48,8.38));
#2805 = VECTOR('',#2806,1.);
#2806 = DIRECTION('',(0.,1.,0.));
#2807 = PLANE('',#2808);
#2808 = AXIS2_PLACEMENT_3D('',#2809,#2810,#2811);
#2809 = CARTESIAN_POINT('',(0.32,-10.48,-3.));
#2810 = DIRECTION('',(1.,0.,0.));
#2811 = DIRECTION('',(0.,0.,1.));
#2812 = ADVANCED_FACE('',(#2813),#2838,.F.);
#2813 = FACE_BOUND('',#2814,.F.);
#2814 = EDGE_LOOP('',(#2815,#2823,#2824,#2832));
#2815 = ORIENTED_EDGE('',*,*,#2816,.F.);
#2816 = EDGE_CURVE('',#1131,#2817,#2819,.T.);
#2817 = VERTEX_POINT('',#2818);
#2818 = CARTESIAN_POINT('',(0.32,-7.94,8.38));
#2819 = LINE('',#2820,#2821);
#2820 = CARTESIAN_POINT('',(0.32,-7.94,-3.));
#2821 = VECTOR('',#2822,1.);
#2822 = DIRECTION('',(0.,0.,1.));
#2823 = ORIENTED_EDGE('',*,*,#1130,.T.);
#2824 = ORIENTED_EDGE('',*,*,#2825,.T.);
#2825 = EDGE_CURVE('',#1133,#2826,#2828,.T.);
#2826 = VERTEX_POINT('',#2827);
#2827 = CARTESIAN_POINT('',(-0.32,-7.94,8.38));
#2828 = LINE('',#2829,#2830);
#2829 = CARTESIAN_POINT('',(-0.32,-7.94,-3.));
#2830 = VECTOR('',#2831,1.);
#2831 = DIRECTION('',(0.,0.,1.));
#2832 = ORIENTED_EDGE('',*,*,#2833,.T.);
#2833 = EDGE_CURVE('',#2826,#2817,#2834,.T.);
#2834 = LINE('',#2835,#2836);
#2835 = CARTESIAN_POINT('',(-0.32,-7.94,8.38));
#2836 = VECTOR('',#2837,1.);
#2837 = DIRECTION('',(1.,0.,0.));
#2838 = PLANE('',#2839);
#2839 = AXIS2_PLACEMENT_3D('',#2840,#2841,#2842);
#2840 = CARTESIAN_POINT('',(-0.32,-7.94,-3.));
#2841 = DIRECTION('',(0.,1.,0.));
#2842 = DIRECTION('',(0.,-0.,1.));
#2843 = ADVANCED_FACE('',(#2844),#2862,.T.);
#2844 = FACE_BOUND('',#2845,.T.);
#2845 = EDGE_LOOP('',(#2846,#2847,#2848,#2856));
#2846 = ORIENTED_EDGE('',*,*,#2816,.F.);
#2847 = ORIENTED_EDGE('',*,*,#1156,.T.);
#2848 = ORIENTED_EDGE('',*,*,#2849,.T.);
#2849 = EDGE_CURVE('',#1149,#2850,#2852,.T.);
#2850 = VERTEX_POINT('',#2851);
#2851 = CARTESIAN_POINT('',(0.32,-7.3,8.38));
#2852 = LINE('',#2853,#2854);
#2853 = CARTESIAN_POINT('',(0.32,-7.3,-3.));
#2854 = VECTOR('',#2855,1.);
#2855 = DIRECTION('',(0.,0.,1.));
#2856 = ORIENTED_EDGE('',*,*,#2857,.F.);
#2857 = EDGE_CURVE('',#2817,#2850,#2858,.T.);
#2858 = LINE('',#2859,#2860);
#2859 = CARTESIAN_POINT('',(0.32,-7.94,8.38));
#2860 = VECTOR('',#2861,1.);
#2861 = DIRECTION('',(0.,1.,0.));
#2862 = PLANE('',#2863);
#2863 = AXIS2_PLACEMENT_3D('',#2864,#2865,#2866);
#2864 = CARTESIAN_POINT('',(0.32,-7.94,-3.));
#2865 = DIRECTION('',(1.,0.,0.));
#2866 = DIRECTION('',(0.,0.,1.));
#2867 = ADVANCED_FACE('',(#2868),#2886,.T.);
#2868 = FACE_BOUND('',#2869,.T.);
#2869 = EDGE_LOOP('',(#2870,#2871,#2872,#2880));
#2870 = ORIENTED_EDGE('',*,*,#2849,.F.);
#2871 = ORIENTED_EDGE('',*,*,#1148,.T.);
#2872 = ORIENTED_EDGE('',*,*,#2873,.T.);
#2873 = EDGE_CURVE('',#1141,#2874,#2876,.T.);
#2874 = VERTEX_POINT('',#2875);
#2875 = CARTESIAN_POINT('',(-0.32,-7.3,8.38));
#2876 = LINE('',#2877,#2878);
#2877 = CARTESIAN_POINT('',(-0.32,-7.3,-3.));
#2878 = VECTOR('',#2879,1.);
#2879 = DIRECTION('',(0.,0.,1.));
#2880 = ORIENTED_EDGE('',*,*,#2881,.T.);
#2881 = EDGE_CURVE('',#2874,#2850,#2882,.T.);
#2882 = LINE('',#2883,#2884);
#2883 = CARTESIAN_POINT('',(-0.32,-7.3,8.38));
#2884 = VECTOR('',#2885,1.);
#2885 = DIRECTION('',(1.,0.,0.));
#2886 = PLANE('',#2887);
#2887 = AXIS2_PLACEMENT_3D('',#2888,#2889,#2890);
#2888 = CARTESIAN_POINT('',(-0.32,-7.3,-3.));
#2889 = DIRECTION('',(0.,1.,0.));
#2890 = DIRECTION('',(0.,-0.,1.));
#2891 = ADVANCED_FACE('',(#2892),#2903,.F.);
#2892 = FACE_BOUND('',#2893,.F.);
#2893 = EDGE_LOOP('',(#2894,#2895,#2896,#2897));
#2894 = ORIENTED_EDGE('',*,*,#2825,.F.);
#2895 = ORIENTED_EDGE('',*,*,#1140,.T.);
#2896 = ORIENTED_EDGE('',*,*,#2873,.T.);
#2897 = ORIENTED_EDGE('',*,*,#2898,.F.);
#2898 = EDGE_CURVE('',#2826,#2874,#2899,.T.);
#2899 = LINE('',#2900,#2901);
#2900 = CARTESIAN_POINT('',(-0.32,-7.94,8.38));
#2901 = VECTOR('',#2902,1.);
#2902 = DIRECTION('',(0.,1.,0.));
#2903 = PLANE('',#2904);
#2904 = AXIS2_PLACEMENT_3D('',#2905,#2906,#2907);
#2905 = CARTESIAN_POINT('',(-0.32,-7.94,-3.));
#2906 = DIRECTION('',(1.,0.,0.));
#2907 = DIRECTION('',(0.,0.,1.));
#2908 = ADVANCED_FACE('',(#2909),#2934,.F.);
#2909 = FACE_BOUND('',#2910,.F.);
#2910 = EDGE_LOOP('',(#2911,#2919,#2920,#2928));
#2911 = ORIENTED_EDGE('',*,*,#2912,.F.);
#2912 = EDGE_CURVE('',#1761,#2913,#2915,.T.);
#2913 = VERTEX_POINT('',#2914);
#2914 = CARTESIAN_POINT('',(0.16,-0.16,-3.));
#2915 = LINE('',#2916,#2917);
#2916 = CARTESIAN_POINT('',(0.16,-0.16,-3.));
#2917 = VECTOR('',#2918,1.);
#2918 = DIRECTION('',(-0.57735026919,0.57735026919,-0.57735026919));
#2919 = ORIENTED_EDGE('',*,*,#1768,.T.);
#2920 = ORIENTED_EDGE('',*,*,#2921,.T.);
#2921 = EDGE_CURVE('',#1769,#2922,#2924,.T.);
#2922 = VERTEX_POINT('',#2923);
#2923 = CARTESIAN_POINT('',(0.16,0.16,-3.));
#2924 = LINE('',#2925,#2926);
#2925 = CARTESIAN_POINT('',(5.333333333333E-02,5.333333333333E-02,
    -3.106666666667));
#2926 = VECTOR('',#2927,1.);
#2927 = DIRECTION('',(-0.57735026919,-0.57735026919,-0.57735026919));
#2928 = ORIENTED_EDGE('',*,*,#2929,.F.);
#2929 = EDGE_CURVE('',#2913,#2922,#2930,.T.);
#2930 = LINE('',#2931,#2932);
#2931 = CARTESIAN_POINT('',(0.16,-0.32,-3.));
#2932 = VECTOR('',#2933,1.);
#2933 = DIRECTION('',(0.,1.,0.));
#2934 = PLANE('',#2935);
#2935 = AXIS2_PLACEMENT_3D('',#2936,#2937,#2938);
#2936 = CARTESIAN_POINT('',(0.24,-0.32,-2.92));
#2937 = DIRECTION('',(-0.707106781187,1.735167508357E-18,0.707106781187)
  );
#2938 = DIRECTION('',(1.226948711654E-18,1.,-1.226948711654E-18));
#2939 = ADVANCED_FACE('',(#2940),#2958,.F.);
#2940 = FACE_BOUND('',#2941,.T.);
#2941 = EDGE_LOOP('',(#2942,#2950,#2951,#2952));
#2942 = ORIENTED_EDGE('',*,*,#2943,.F.);
#2943 = EDGE_CURVE('',#1793,#2944,#2946,.T.);
#2944 = VERTEX_POINT('',#2945);
#2945 = CARTESIAN_POINT('',(-0.16,0.16,-3.));
#2946 = LINE('',#2947,#2948);
#2947 = CARTESIAN_POINT('',(-0.16,0.16,-3.));
#2948 = VECTOR('',#2949,1.);
#2949 = DIRECTION('',(0.57735026919,-0.57735026919,-0.57735026919));
#2950 = ORIENTED_EDGE('',*,*,#1792,.T.);
#2951 = ORIENTED_EDGE('',*,*,#2921,.T.);
#2952 = ORIENTED_EDGE('',*,*,#2953,.F.);
#2953 = EDGE_CURVE('',#2944,#2922,#2954,.T.);
#2954 = LINE('',#2955,#2956);
#2955 = CARTESIAN_POINT('',(-0.32,0.16,-3.));
#2956 = VECTOR('',#2957,1.);
#2957 = DIRECTION('',(1.,0.,0.));
#2958 = PLANE('',#2959);
#2959 = AXIS2_PLACEMENT_3D('',#2960,#2961,#2962);
#2960 = CARTESIAN_POINT('',(-0.32,0.24,-2.92));
#2961 = DIRECTION('',(-1.735167508357E-18,-0.707106781187,0.707106781187
    ));
#2962 = DIRECTION('',(-1.,1.226948711654E-18,-1.226948711654E-18));
#2963 = ADVANCED_FACE('',(#2964),#2982,.T.);
#2964 = FACE_BOUND('',#2965,.T.);
#2965 = EDGE_LOOP('',(#2966,#2974,#2975,#2976));
#2966 = ORIENTED_EDGE('',*,*,#2967,.F.);
#2967 = EDGE_CURVE('',#1816,#2968,#2970,.T.);
#2968 = VERTEX_POINT('',#2969);
#2969 = CARTESIAN_POINT('',(-0.16,-0.16,-3.));
#2970 = LINE('',#2971,#2972);
#2971 = CARTESIAN_POINT('',(-0.266666666667,-0.266666666667,
    -2.893333333333));
#2972 = VECTOR('',#2973,1.);
#2973 = DIRECTION('',(0.57735026919,0.57735026919,-0.57735026919));
#2974 = ORIENTED_EDGE('',*,*,#1823,.T.);
#2975 = ORIENTED_EDGE('',*,*,#2943,.T.);
#2976 = ORIENTED_EDGE('',*,*,#2977,.F.);
#2977 = EDGE_CURVE('',#2968,#2944,#2978,.T.);
#2978 = LINE('',#2979,#2980);
#2979 = CARTESIAN_POINT('',(-0.16,-0.32,-3.));
#2980 = VECTOR('',#2981,1.);
#2981 = DIRECTION('',(0.,1.,0.));
#2982 = PLANE('',#2983);
#2983 = AXIS2_PLACEMENT_3D('',#2984,#2985,#2986);
#2984 = CARTESIAN_POINT('',(-0.24,-0.32,-2.92));
#2985 = DIRECTION('',(-0.707106781187,-1.735167508357E-18,
    -0.707106781187));
#2986 = DIRECTION('',(-1.226948711654E-18,1.,-1.226948711654E-18));
#2987 = ADVANCED_FACE('',(#2988),#2999,.T.);
#2988 = FACE_BOUND('',#2989,.F.);
#2989 = EDGE_LOOP('',(#2990,#2991,#2992,#2993));
#2990 = ORIENTED_EDGE('',*,*,#2967,.F.);
#2991 = ORIENTED_EDGE('',*,*,#1840,.T.);
#2992 = ORIENTED_EDGE('',*,*,#2912,.T.);
#2993 = ORIENTED_EDGE('',*,*,#2994,.F.);
#2994 = EDGE_CURVE('',#2968,#2913,#2995,.T.);
#2995 = LINE('',#2996,#2997);
#2996 = CARTESIAN_POINT('',(-0.32,-0.16,-3.));
#2997 = VECTOR('',#2998,1.);
#2998 = DIRECTION('',(1.,0.,0.));
#2999 = PLANE('',#3000);
#3000 = AXIS2_PLACEMENT_3D('',#3001,#3002,#3003);
#3001 = CARTESIAN_POINT('',(-0.32,-0.24,-2.92));
#3002 = DIRECTION('',(1.735167508357E-18,-0.707106781187,-0.707106781187
    ));
#3003 = DIRECTION('',(-1.,-1.226948711654E-18,-1.226948711654E-18));
#3004 = ADVANCED_FACE('',(#3005),#3030,.F.);
#3005 = FACE_BOUND('',#3006,.F.);
#3006 = EDGE_LOOP('',(#3007,#3015,#3016,#3024));
#3007 = ORIENTED_EDGE('',*,*,#3008,.F.);
#3008 = EDGE_CURVE('',#1857,#3009,#3011,.T.);
#3009 = VERTEX_POINT('',#3010);
#3010 = CARTESIAN_POINT('',(0.16,-5.24,-3.));
#3011 = LINE('',#3012,#3013);
#3012 = CARTESIAN_POINT('',(0.16,-5.24,-3.));
#3013 = VECTOR('',#3014,1.);
#3014 = DIRECTION('',(-0.57735026919,0.57735026919,-0.57735026919));
#3015 = ORIENTED_EDGE('',*,*,#1864,.T.);
#3016 = ORIENTED_EDGE('',*,*,#3017,.T.);
#3017 = EDGE_CURVE('',#1865,#3018,#3020,.T.);
#3018 = VERTEX_POINT('',#3019);
#3019 = CARTESIAN_POINT('',(0.16,-4.92,-3.));
#3020 = LINE('',#3021,#3022);
#3021 = CARTESIAN_POINT('',(5.333333333333E-02,-5.026666666667,
    -3.106666666667));
#3022 = VECTOR('',#3023,1.);
#3023 = DIRECTION('',(-0.57735026919,-0.57735026919,-0.57735026919));
#3024 = ORIENTED_EDGE('',*,*,#3025,.F.);
#3025 = EDGE_CURVE('',#3009,#3018,#3026,.T.);
#3026 = LINE('',#3027,#3028);
#3027 = CARTESIAN_POINT('',(0.16,-5.4,-3.));
#3028 = VECTOR('',#3029,1.);
#3029 = DIRECTION('',(0.,1.,0.));
#3030 = PLANE('',#3031);
#3031 = AXIS2_PLACEMENT_3D('',#3032,#3033,#3034);
#3032 = CARTESIAN_POINT('',(0.24,-5.4,-2.92));
#3033 = DIRECTION('',(-0.707106781187,1.735167508357E-18,0.707106781187)
  );
#3034 = DIRECTION('',(1.226948711654E-18,1.,-1.226948711654E-18));
#3035 = ADVANCED_FACE('',(#3036),#3054,.F.);
#3036 = FACE_BOUND('',#3037,.T.);
#3037 = EDGE_LOOP('',(#3038,#3046,#3047,#3048));
#3038 = ORIENTED_EDGE('',*,*,#3039,.F.);
#3039 = EDGE_CURVE('',#1889,#3040,#3042,.T.);
#3040 = VERTEX_POINT('',#3041);
#3041 = CARTESIAN_POINT('',(-0.16,-4.92,-3.));
#3042 = LINE('',#3043,#3044);
#3043 = CARTESIAN_POINT('',(-0.16,-4.92,-3.));
#3044 = VECTOR('',#3045,1.);
#3045 = DIRECTION('',(0.57735026919,-0.57735026919,-0.57735026919));
#3046 = ORIENTED_EDGE('',*,*,#1888,.T.);
#3047 = ORIENTED_EDGE('',*,*,#3017,.T.);
#3048 = ORIENTED_EDGE('',*,*,#3049,.F.);
#3049 = EDGE_CURVE('',#3040,#3018,#3050,.T.);
#3050 = LINE('',#3051,#3052);
#3051 = CARTESIAN_POINT('',(-0.32,-4.92,-3.));
#3052 = VECTOR('',#3053,1.);
#3053 = DIRECTION('',(1.,0.,0.));
#3054 = PLANE('',#3055);
#3055 = AXIS2_PLACEMENT_3D('',#3056,#3057,#3058);
#3056 = CARTESIAN_POINT('',(-0.32,-4.84,-2.92));
#3057 = DIRECTION('',(-1.735167508357E-18,-0.707106781187,0.707106781187
    ));
#3058 = DIRECTION('',(-1.,1.226948711654E-18,-1.226948711654E-18));
#3059 = ADVANCED_FACE('',(#3060),#3078,.T.);
#3060 = FACE_BOUND('',#3061,.T.);
#3061 = EDGE_LOOP('',(#3062,#3070,#3071,#3072));
#3062 = ORIENTED_EDGE('',*,*,#3063,.F.);
#3063 = EDGE_CURVE('',#1912,#3064,#3066,.T.);
#3064 = VERTEX_POINT('',#3065);
#3065 = CARTESIAN_POINT('',(-0.16,-5.24,-3.));
#3066 = LINE('',#3067,#3068);
#3067 = CARTESIAN_POINT('',(-0.266666666667,-5.346666666667,
    -2.893333333333));
#3068 = VECTOR('',#3069,1.);
#3069 = DIRECTION('',(0.57735026919,0.57735026919,-0.57735026919));
#3070 = ORIENTED_EDGE('',*,*,#1919,.T.);
#3071 = ORIENTED_EDGE('',*,*,#3039,.T.);
#3072 = ORIENTED_EDGE('',*,*,#3073,.F.);
#3073 = EDGE_CURVE('',#3064,#3040,#3074,.T.);
#3074 = LINE('',#3075,#3076);
#3075 = CARTESIAN_POINT('',(-0.16,-5.4,-3.));
#3076 = VECTOR('',#3077,1.);
#3077 = DIRECTION('',(0.,1.,0.));
#3078 = PLANE('',#3079);
#3079 = AXIS2_PLACEMENT_3D('',#3080,#3081,#3082);
#3080 = CARTESIAN_POINT('',(-0.24,-5.4,-2.92));
#3081 = DIRECTION('',(-0.707106781187,-1.735167508357E-18,
    -0.707106781187));
#3082 = DIRECTION('',(-1.226948711654E-18,1.,-1.226948711654E-18));
#3083 = ADVANCED_FACE('',(#3084),#3095,.T.);
#3084 = FACE_BOUND('',#3085,.F.);
#3085 = EDGE_LOOP('',(#3086,#3087,#3088,#3089));
#3086 = ORIENTED_EDGE('',*,*,#3063,.F.);
#3087 = ORIENTED_EDGE('',*,*,#1936,.T.);
#3088 = ORIENTED_EDGE('',*,*,#3008,.T.);
#3089 = ORIENTED_EDGE('',*,*,#3090,.F.);
#3090 = EDGE_CURVE('',#3064,#3009,#3091,.T.);
#3091 = LINE('',#3092,#3093);
#3092 = CARTESIAN_POINT('',(-0.32,-5.24,-3.));
#3093 = VECTOR('',#3094,1.);
#3094 = DIRECTION('',(1.,0.,0.));
#3095 = PLANE('',#3096);
#3096 = AXIS2_PLACEMENT_3D('',#3097,#3098,#3099);
#3097 = CARTESIAN_POINT('',(-0.32,-5.32,-2.92));
#3098 = DIRECTION('',(1.735167508357E-18,-0.707106781187,-0.707106781187
    ));
#3099 = DIRECTION('',(-1.,-1.226948711654E-18,-1.226948711654E-18));
#3100 = ADVANCED_FACE('',(#3101),#3126,.F.);
#3101 = FACE_BOUND('',#3102,.F.);
#3102 = EDGE_LOOP('',(#3103,#3111,#3112,#3120));
#3103 = ORIENTED_EDGE('',*,*,#3104,.F.);
#3104 = EDGE_CURVE('',#1953,#3105,#3107,.T.);
#3105 = VERTEX_POINT('',#3106);
#3106 = CARTESIAN_POINT('',(0.16,-2.7,-3.));
#3107 = LINE('',#3108,#3109);
#3108 = CARTESIAN_POINT('',(0.16,-2.7,-3.));
#3109 = VECTOR('',#3110,1.);
#3110 = DIRECTION('',(-0.57735026919,0.57735026919,-0.57735026919));
#3111 = ORIENTED_EDGE('',*,*,#1960,.T.);
#3112 = ORIENTED_EDGE('',*,*,#3113,.T.);
#3113 = EDGE_CURVE('',#1961,#3114,#3116,.T.);
#3114 = VERTEX_POINT('',#3115);
#3115 = CARTESIAN_POINT('',(0.16,-2.38,-3.));
#3116 = LINE('',#3117,#3118);
#3117 = CARTESIAN_POINT('',(5.333333333333E-02,-2.486666666667,
    -3.106666666667));
#3118 = VECTOR('',#3119,1.);
#3119 = DIRECTION('',(-0.57735026919,-0.57735026919,-0.57735026919));
#3120 = ORIENTED_EDGE('',*,*,#3121,.F.);
#3121 = EDGE_CURVE('',#3105,#3114,#3122,.T.);
#3122 = LINE('',#3123,#3124);
#3123 = CARTESIAN_POINT('',(0.16,-2.86,-3.));
#3124 = VECTOR('',#3125,1.);
#3125 = DIRECTION('',(0.,1.,0.));
#3126 = PLANE('',#3127);
#3127 = AXIS2_PLACEMENT_3D('',#3128,#3129,#3130);
#3128 = CARTESIAN_POINT('',(0.24,-2.86,-2.92));
#3129 = DIRECTION('',(-0.707106781187,1.735167508357E-18,0.707106781187)
  );
#3130 = DIRECTION('',(1.226948711654E-18,1.,-1.226948711654E-18));
#3131 = ADVANCED_FACE('',(#3132),#3150,.F.);
#3132 = FACE_BOUND('',#3133,.T.);
#3133 = EDGE_LOOP('',(#3134,#3142,#3143,#3144));
#3134 = ORIENTED_EDGE('',*,*,#3135,.F.);
#3135 = EDGE_CURVE('',#1985,#3136,#3138,.T.);
#3136 = VERTEX_POINT('',#3137);
#3137 = CARTESIAN_POINT('',(-0.16,-2.38,-3.));
#3138 = LINE('',#3139,#3140);
#3139 = CARTESIAN_POINT('',(-0.16,-2.38,-3.));
#3140 = VECTOR('',#3141,1.);
#3141 = DIRECTION('',(0.57735026919,-0.57735026919,-0.57735026919));
#3142 = ORIENTED_EDGE('',*,*,#1984,.T.);
#3143 = ORIENTED_EDGE('',*,*,#3113,.T.);
#3144 = ORIENTED_EDGE('',*,*,#3145,.F.);
#3145 = EDGE_CURVE('',#3136,#3114,#3146,.T.);
#3146 = LINE('',#3147,#3148);
#3147 = CARTESIAN_POINT('',(-0.32,-2.38,-3.));
#3148 = VECTOR('',#3149,1.);
#3149 = DIRECTION('',(1.,0.,0.));
#3150 = PLANE('',#3151);
#3151 = AXIS2_PLACEMENT_3D('',#3152,#3153,#3154);
#3152 = CARTESIAN_POINT('',(-0.32,-2.3,-2.92));
#3153 = DIRECTION('',(-1.735167508357E-18,-0.707106781187,0.707106781187
    ));
#3154 = DIRECTION('',(-1.,1.226948711654E-18,-1.226948711654E-18));
#3155 = ADVANCED_FACE('',(#3156),#3174,.T.);
#3156 = FACE_BOUND('',#3157,.T.);
#3157 = EDGE_LOOP('',(#3158,#3166,#3167,#3168));
#3158 = ORIENTED_EDGE('',*,*,#3159,.F.);
#3159 = EDGE_CURVE('',#2008,#3160,#3162,.T.);
#3160 = VERTEX_POINT('',#3161);
#3161 = CARTESIAN_POINT('',(-0.16,-2.7,-3.));
#3162 = LINE('',#3163,#3164);
#3163 = CARTESIAN_POINT('',(-0.266666666667,-2.806666666667,
    -2.893333333333));
#3164 = VECTOR('',#3165,1.);
#3165 = DIRECTION('',(0.57735026919,0.57735026919,-0.57735026919));
#3166 = ORIENTED_EDGE('',*,*,#2015,.T.);
#3167 = ORIENTED_EDGE('',*,*,#3135,.T.);
#3168 = ORIENTED_EDGE('',*,*,#3169,.F.);
#3169 = EDGE_CURVE('',#3160,#3136,#3170,.T.);
#3170 = LINE('',#3171,#3172);
#3171 = CARTESIAN_POINT('',(-0.16,-2.86,-3.));
#3172 = VECTOR('',#3173,1.);
#3173 = DIRECTION('',(0.,1.,0.));
#3174 = PLANE('',#3175);
#3175 = AXIS2_PLACEMENT_3D('',#3176,#3177,#3178);
#3176 = CARTESIAN_POINT('',(-0.24,-2.86,-2.92));
#3177 = DIRECTION('',(-0.707106781187,-1.735167508357E-18,
    -0.707106781187));
#3178 = DIRECTION('',(-1.226948711654E-18,1.,-1.226948711654E-18));
#3179 = ADVANCED_FACE('',(#3180),#3191,.T.);
#3180 = FACE_BOUND('',#3181,.F.);
#3181 = EDGE_LOOP('',(#3182,#3183,#3184,#3185));
#3182 = ORIENTED_EDGE('',*,*,#3159,.F.);
#3183 = ORIENTED_EDGE('',*,*,#2032,.T.);
#3184 = ORIENTED_EDGE('',*,*,#3104,.T.);
#3185 = ORIENTED_EDGE('',*,*,#3186,.F.);
#3186 = EDGE_CURVE('',#3160,#3105,#3187,.T.);
#3187 = LINE('',#3188,#3189);
#3188 = CARTESIAN_POINT('',(-0.32,-2.7,-3.));
#3189 = VECTOR('',#3190,1.);
#3190 = DIRECTION('',(1.,0.,0.));
#3191 = PLANE('',#3192);
#3192 = AXIS2_PLACEMENT_3D('',#3193,#3194,#3195);
#3193 = CARTESIAN_POINT('',(-0.32,-2.78,-2.92));
#3194 = DIRECTION('',(1.735167508357E-18,-0.707106781187,-0.707106781187
    ));
#3195 = DIRECTION('',(-1.,-1.226948711654E-18,-1.226948711654E-18));
#3196 = ADVANCED_FACE('',(#3197),#3222,.T.);
#3197 = FACE_BOUND('',#3198,.F.);
#3198 = EDGE_LOOP('',(#3199,#3207,#3208,#3216));
#3199 = ORIENTED_EDGE('',*,*,#3200,.F.);
#3200 = EDGE_CURVE('',#2057,#3201,#3203,.T.);
#3201 = VERTEX_POINT('',#3202);
#3202 = CARTESIAN_POINT('',(-0.16,-12.86,-3.));
#3203 = LINE('',#3204,#3205);
#3204 = CARTESIAN_POINT('',(-0.266666666667,-12.96666666666,
    -2.893333333333));
#3205 = VECTOR('',#3206,1.);
#3206 = DIRECTION('',(0.57735026919,0.57735026919,-0.57735026919));
#3207 = ORIENTED_EDGE('',*,*,#2056,.T.);
#3208 = ORIENTED_EDGE('',*,*,#3209,.T.);
#3209 = EDGE_CURVE('',#2049,#3210,#3212,.T.);
#3210 = VERTEX_POINT('',#3211);
#3211 = CARTESIAN_POINT('',(0.16,-12.86,-3.));
#3212 = LINE('',#3213,#3214);
#3213 = CARTESIAN_POINT('',(0.16,-12.86,-3.));
#3214 = VECTOR('',#3215,1.);
#3215 = DIRECTION('',(-0.57735026919,0.57735026919,-0.57735026919));
#3216 = ORIENTED_EDGE('',*,*,#3217,.F.);
#3217 = EDGE_CURVE('',#3201,#3210,#3218,.T.);
#3218 = LINE('',#3219,#3220);
#3219 = CARTESIAN_POINT('',(-0.32,-12.86,-3.));
#3220 = VECTOR('',#3221,1.);
#3221 = DIRECTION('',(1.,0.,0.));
#3222 = PLANE('',#3223);
#3223 = AXIS2_PLACEMENT_3D('',#3224,#3225,#3226);
#3224 = CARTESIAN_POINT('',(-0.32,-12.94,-2.92));
#3225 = DIRECTION('',(1.735167508357E-18,-0.707106781187,-0.707106781187
    ));
#3226 = DIRECTION('',(-1.,-1.226948711654E-18,-1.226948711654E-18));
#3227 = ADVANCED_FACE('',(#3228),#3246,.F.);
#3228 = FACE_BOUND('',#3229,.F.);
#3229 = EDGE_LOOP('',(#3230,#3231,#3232,#3240));
#3230 = ORIENTED_EDGE('',*,*,#3209,.F.);
#3231 = ORIENTED_EDGE('',*,*,#2080,.T.);
#3232 = ORIENTED_EDGE('',*,*,#3233,.T.);
#3233 = EDGE_CURVE('',#2081,#3234,#3236,.T.);
#3234 = VERTEX_POINT('',#3235);
#3235 = CARTESIAN_POINT('',(0.16,-12.54,-3.));
#3236 = LINE('',#3237,#3238);
#3237 = CARTESIAN_POINT('',(5.333333333333E-02,-12.64666666666,
    -3.106666666667));
#3238 = VECTOR('',#3239,1.);
#3239 = DIRECTION('',(-0.57735026919,-0.57735026919,-0.57735026919));
#3240 = ORIENTED_EDGE('',*,*,#3241,.F.);
#3241 = EDGE_CURVE('',#3210,#3234,#3242,.T.);
#3242 = LINE('',#3243,#3244);
#3243 = CARTESIAN_POINT('',(0.16,-13.02,-3.));
#3244 = VECTOR('',#3245,1.);
#3245 = DIRECTION('',(0.,1.,0.));
#3246 = PLANE('',#3247);
#3247 = AXIS2_PLACEMENT_3D('',#3248,#3249,#3250);
#3248 = CARTESIAN_POINT('',(0.24,-13.02,-2.92));
#3249 = DIRECTION('',(-0.707106781187,1.735167508357E-18,0.707106781187)
  );
#3250 = DIRECTION('',(1.226948711654E-18,1.,-1.226948711654E-18));
#3251 = ADVANCED_FACE('',(#3252),#3270,.F.);
#3252 = FACE_BOUND('',#3253,.T.);
#3253 = EDGE_LOOP('',(#3254,#3262,#3263,#3264));
#3254 = ORIENTED_EDGE('',*,*,#3255,.F.);
#3255 = EDGE_CURVE('',#2105,#3256,#3258,.T.);
#3256 = VERTEX_POINT('',#3257);
#3257 = CARTESIAN_POINT('',(-0.16,-12.54,-3.));
#3258 = LINE('',#3259,#3260);
#3259 = CARTESIAN_POINT('',(-0.16,-12.54,-3.));
#3260 = VECTOR('',#3261,1.);
#3261 = DIRECTION('',(0.57735026919,-0.57735026919,-0.57735026919));
#3262 = ORIENTED_EDGE('',*,*,#2104,.T.);
#3263 = ORIENTED_EDGE('',*,*,#3233,.T.);
#3264 = ORIENTED_EDGE('',*,*,#3265,.F.);
#3265 = EDGE_CURVE('',#3256,#3234,#3266,.T.);
#3266 = LINE('',#3267,#3268);
#3267 = CARTESIAN_POINT('',(-0.32,-12.54,-3.));
#3268 = VECTOR('',#3269,1.);
#3269 = DIRECTION('',(1.,0.,0.));
#3270 = PLANE('',#3271);
#3271 = AXIS2_PLACEMENT_3D('',#3272,#3273,#3274);
#3272 = CARTESIAN_POINT('',(-0.32,-12.46,-2.92));
#3273 = DIRECTION('',(-1.735167508357E-18,-0.707106781187,0.707106781187
    ));
#3274 = DIRECTION('',(-1.,1.226948711654E-18,-1.226948711654E-18));
#3275 = ADVANCED_FACE('',(#3276),#3287,.T.);
#3276 = FACE_BOUND('',#3277,.T.);
#3277 = EDGE_LOOP('',(#3278,#3279,#3280,#3281));
#3278 = ORIENTED_EDGE('',*,*,#3200,.F.);
#3279 = ORIENTED_EDGE('',*,*,#2128,.T.);
#3280 = ORIENTED_EDGE('',*,*,#3255,.T.);
#3281 = ORIENTED_EDGE('',*,*,#3282,.F.);
#3282 = EDGE_CURVE('',#3201,#3256,#3283,.T.);
#3283 = LINE('',#3284,#3285);
#3284 = CARTESIAN_POINT('',(-0.16,-13.02,-3.));
#3285 = VECTOR('',#3286,1.);
#3286 = DIRECTION('',(0.,1.,0.));
#3287 = PLANE('',#3288);
#3288 = AXIS2_PLACEMENT_3D('',#3289,#3290,#3291);
#3289 = CARTESIAN_POINT('',(-0.24,-13.02,-2.92));
#3290 = DIRECTION('',(-0.707106781187,-1.735167508357E-18,
    -0.707106781187));
#3291 = DIRECTION('',(-1.226948711654E-18,1.,-1.226948711654E-18));
#3292 = ADVANCED_FACE('',(#3293),#3318,.F.);
#3293 = FACE_BOUND('',#3294,.T.);
#3294 = EDGE_LOOP('',(#3295,#3303,#3304,#3312));
#3295 = ORIENTED_EDGE('',*,*,#3296,.F.);
#3296 = EDGE_CURVE('',#2153,#3297,#3299,.T.);
#3297 = VERTEX_POINT('',#3298);
#3298 = CARTESIAN_POINT('',(-0.16,-10.,-3.));
#3299 = LINE('',#3300,#3301);
#3300 = CARTESIAN_POINT('',(-0.16,-10.,-3.));
#3301 = VECTOR('',#3302,1.);
#3302 = DIRECTION('',(0.57735026919,-0.57735026919,-0.57735026919));
#3303 = ORIENTED_EDGE('',*,*,#2152,.T.);
#3304 = ORIENTED_EDGE('',*,*,#3305,.T.);
#3305 = EDGE_CURVE('',#2145,#3306,#3308,.T.);
#3306 = VERTEX_POINT('',#3307);
#3307 = CARTESIAN_POINT('',(0.16,-10.,-3.));
#3308 = LINE('',#3309,#3310);
#3309 = CARTESIAN_POINT('',(5.333333333333E-02,-10.10666666666,
    -3.106666666667));
#3310 = VECTOR('',#3311,1.);
#3311 = DIRECTION('',(-0.57735026919,-0.57735026919,-0.57735026919));
#3312 = ORIENTED_EDGE('',*,*,#3313,.F.);
#3313 = EDGE_CURVE('',#3297,#3306,#3314,.T.);
#3314 = LINE('',#3315,#3316);
#3315 = CARTESIAN_POINT('',(-0.32,-10.,-3.));
#3316 = VECTOR('',#3317,1.);
#3317 = DIRECTION('',(1.,0.,0.));
#3318 = PLANE('',#3319);
#3319 = AXIS2_PLACEMENT_3D('',#3320,#3321,#3322);
#3320 = CARTESIAN_POINT('',(-0.32,-9.92,-2.92));
#3321 = DIRECTION('',(-1.735167508357E-18,-0.707106781187,0.707106781187
    ));
#3322 = DIRECTION('',(-1.,1.226948711654E-18,-1.226948711654E-18));
#3323 = ADVANCED_FACE('',(#3324),#3342,.T.);
#3324 = FACE_BOUND('',#3325,.T.);
#3325 = EDGE_LOOP('',(#3326,#3334,#3335,#3336));
#3326 = ORIENTED_EDGE('',*,*,#3327,.F.);
#3327 = EDGE_CURVE('',#2176,#3328,#3330,.T.);
#3328 = VERTEX_POINT('',#3329);
#3329 = CARTESIAN_POINT('',(-0.16,-10.32,-3.));
#3330 = LINE('',#3331,#3332);
#3331 = CARTESIAN_POINT('',(-0.266666666667,-10.42666666666,
    -2.893333333333));
#3332 = VECTOR('',#3333,1.);
#3333 = DIRECTION('',(0.57735026919,0.57735026919,-0.57735026919));
#3334 = ORIENTED_EDGE('',*,*,#2183,.T.);
#3335 = ORIENTED_EDGE('',*,*,#3296,.T.);
#3336 = ORIENTED_EDGE('',*,*,#3337,.F.);
#3337 = EDGE_CURVE('',#3328,#3297,#3338,.T.);
#3338 = LINE('',#3339,#3340);
#3339 = CARTESIAN_POINT('',(-0.16,-10.48,-3.));
#3340 = VECTOR('',#3341,1.);
#3341 = DIRECTION('',(0.,1.,0.));
#3342 = PLANE('',#3343);
#3343 = AXIS2_PLACEMENT_3D('',#3344,#3345,#3346);
#3344 = CARTESIAN_POINT('',(-0.24,-10.48,-2.92));
#3345 = DIRECTION('',(-0.707106781187,-1.735167508357E-18,
    -0.707106781187));
#3346 = DIRECTION('',(-1.226948711654E-18,1.,-1.226948711654E-18));
#3347 = ADVANCED_FACE('',(#3348),#3366,.T.);
#3348 = FACE_BOUND('',#3349,.F.);
#3349 = EDGE_LOOP('',(#3350,#3351,#3352,#3360));
#3350 = ORIENTED_EDGE('',*,*,#3327,.F.);
#3351 = ORIENTED_EDGE('',*,*,#2207,.T.);
#3352 = ORIENTED_EDGE('',*,*,#3353,.T.);
#3353 = EDGE_CURVE('',#2200,#3354,#3356,.T.);
#3354 = VERTEX_POINT('',#3355);
#3355 = CARTESIAN_POINT('',(0.16,-10.32,-3.));
#3356 = LINE('',#3357,#3358);
#3357 = CARTESIAN_POINT('',(0.16,-10.32,-3.));
#3358 = VECTOR('',#3359,1.);
#3359 = DIRECTION('',(-0.57735026919,0.57735026919,-0.57735026919));
#3360 = ORIENTED_EDGE('',*,*,#3361,.F.);
#3361 = EDGE_CURVE('',#3328,#3354,#3362,.T.);
#3362 = LINE('',#3363,#3364);
#3363 = CARTESIAN_POINT('',(-0.32,-10.32,-3.));
#3364 = VECTOR('',#3365,1.);
#3365 = DIRECTION('',(1.,0.,0.));
#3366 = PLANE('',#3367);
#3367 = AXIS2_PLACEMENT_3D('',#3368,#3369,#3370);
#3368 = CARTESIAN_POINT('',(-0.32,-10.4,-2.92));
#3369 = DIRECTION('',(1.735167508357E-18,-0.707106781187,-0.707106781187
    ));
#3370 = DIRECTION('',(-1.,-1.226948711654E-18,-1.226948711654E-18));
#3371 = ADVANCED_FACE('',(#3372),#3383,.F.);
#3372 = FACE_BOUND('',#3373,.F.);
#3373 = EDGE_LOOP('',(#3374,#3375,#3376,#3377));
#3374 = ORIENTED_EDGE('',*,*,#3353,.F.);
#3375 = ORIENTED_EDGE('',*,*,#2224,.T.);
#3376 = ORIENTED_EDGE('',*,*,#3305,.T.);
#3377 = ORIENTED_EDGE('',*,*,#3378,.F.);
#3378 = EDGE_CURVE('',#3354,#3306,#3379,.T.);
#3379 = LINE('',#3380,#3381);
#3380 = CARTESIAN_POINT('',(0.16,-10.48,-3.));
#3381 = VECTOR('',#3382,1.);
#3382 = DIRECTION('',(0.,1.,0.));
#3383 = PLANE('',#3384);
#3384 = AXIS2_PLACEMENT_3D('',#3385,#3386,#3387);
#3385 = CARTESIAN_POINT('',(0.24,-10.48,-2.92));
#3386 = DIRECTION('',(-0.707106781187,1.735167508357E-18,0.707106781187)
  );
#3387 = DIRECTION('',(1.226948711654E-18,1.,-1.226948711654E-18));
#3388 = ADVANCED_FACE('',(#3389),#3414,.T.);
#3389 = FACE_BOUND('',#3390,.F.);
#3390 = EDGE_LOOP('',(#3391,#3399,#3400,#3408));
#3391 = ORIENTED_EDGE('',*,*,#3392,.F.);
#3392 = EDGE_CURVE('',#2249,#3393,#3395,.T.);
#3393 = VERTEX_POINT('',#3394);
#3394 = CARTESIAN_POINT('',(-0.16,-7.78,-3.));
#3395 = LINE('',#3396,#3397);
#3396 = CARTESIAN_POINT('',(-0.266666666667,-7.886666666667,
    -2.893333333333));
#3397 = VECTOR('',#3398,1.);
#3398 = DIRECTION('',(0.57735026919,0.57735026919,-0.57735026919));
#3399 = ORIENTED_EDGE('',*,*,#2248,.T.);
#3400 = ORIENTED_EDGE('',*,*,#3401,.T.);
#3401 = EDGE_CURVE('',#2241,#3402,#3404,.T.);
#3402 = VERTEX_POINT('',#3403);
#3403 = CARTESIAN_POINT('',(0.16,-7.78,-3.));
#3404 = LINE('',#3405,#3406);
#3405 = CARTESIAN_POINT('',(0.16,-7.78,-3.));
#3406 = VECTOR('',#3407,1.);
#3407 = DIRECTION('',(-0.57735026919,0.57735026919,-0.57735026919));
#3408 = ORIENTED_EDGE('',*,*,#3409,.F.);
#3409 = EDGE_CURVE('',#3393,#3402,#3410,.T.);
#3410 = LINE('',#3411,#3412);
#3411 = CARTESIAN_POINT('',(-0.32,-7.78,-3.));
#3412 = VECTOR('',#3413,1.);
#3413 = DIRECTION('',(1.,0.,0.));
#3414 = PLANE('',#3415);
#3415 = AXIS2_PLACEMENT_3D('',#3416,#3417,#3418);
#3416 = CARTESIAN_POINT('',(-0.32,-7.86,-2.92));
#3417 = DIRECTION('',(1.735167508357E-18,-0.707106781187,-0.707106781187
    ));
#3418 = DIRECTION('',(-1.,-1.226948711654E-18,-1.226948711654E-18));
#3419 = ADVANCED_FACE('',(#3420),#3438,.F.);
#3420 = FACE_BOUND('',#3421,.F.);
#3421 = EDGE_LOOP('',(#3422,#3423,#3424,#3432));
#3422 = ORIENTED_EDGE('',*,*,#3401,.F.);
#3423 = ORIENTED_EDGE('',*,*,#2272,.T.);
#3424 = ORIENTED_EDGE('',*,*,#3425,.T.);
#3425 = EDGE_CURVE('',#2273,#3426,#3428,.T.);
#3426 = VERTEX_POINT('',#3427);
#3427 = CARTESIAN_POINT('',(0.16,-7.46,-3.));
#3428 = LINE('',#3429,#3430);
#3429 = CARTESIAN_POINT('',(5.333333333333E-02,-7.566666666667,
    -3.106666666667));
#3430 = VECTOR('',#3431,1.);
#3431 = DIRECTION('',(-0.57735026919,-0.57735026919,-0.57735026919));
#3432 = ORIENTED_EDGE('',*,*,#3433,.F.);
#3433 = EDGE_CURVE('',#3402,#3426,#3434,.T.);
#3434 = LINE('',#3435,#3436);
#3435 = CARTESIAN_POINT('',(0.16,-7.94,-3.));
#3436 = VECTOR('',#3437,1.);
#3437 = DIRECTION('',(0.,1.,0.));
#3438 = PLANE('',#3439);
#3439 = AXIS2_PLACEMENT_3D('',#3440,#3441,#3442);
#3440 = CARTESIAN_POINT('',(0.24,-7.94,-2.92));
#3441 = DIRECTION('',(-0.707106781187,1.735167508357E-18,0.707106781187)
  );
#3442 = DIRECTION('',(1.226948711654E-18,1.,-1.226948711654E-18));
#3443 = ADVANCED_FACE('',(#3444),#3462,.F.);
#3444 = FACE_BOUND('',#3445,.T.);
#3445 = EDGE_LOOP('',(#3446,#3454,#3455,#3456));
#3446 = ORIENTED_EDGE('',*,*,#3447,.F.);
#3447 = EDGE_CURVE('',#2297,#3448,#3450,.T.);
#3448 = VERTEX_POINT('',#3449);
#3449 = CARTESIAN_POINT('',(-0.16,-7.46,-3.));
#3450 = LINE('',#3451,#3452);
#3451 = CARTESIAN_POINT('',(-0.16,-7.46,-3.));
#3452 = VECTOR('',#3453,1.);
#3453 = DIRECTION('',(0.57735026919,-0.57735026919,-0.57735026919));
#3454 = ORIENTED_EDGE('',*,*,#2296,.T.);
#3455 = ORIENTED_EDGE('',*,*,#3425,.T.);
#3456 = ORIENTED_EDGE('',*,*,#3457,.F.);
#3457 = EDGE_CURVE('',#3448,#3426,#3458,.T.);
#3458 = LINE('',#3459,#3460);
#3459 = CARTESIAN_POINT('',(-0.32,-7.46,-3.));
#3460 = VECTOR('',#3461,1.);
#3461 = DIRECTION('',(1.,0.,0.));
#3462 = PLANE('',#3463);
#3463 = AXIS2_PLACEMENT_3D('',#3464,#3465,#3466);
#3464 = CARTESIAN_POINT('',(-0.32,-7.38,-2.92));
#3465 = DIRECTION('',(-1.735167508357E-18,-0.707106781187,0.707106781187
    ));
#3466 = DIRECTION('',(-1.,1.226948711654E-18,-1.226948711654E-18));
#3467 = ADVANCED_FACE('',(#3468),#3479,.T.);
#3468 = FACE_BOUND('',#3469,.T.);
#3469 = EDGE_LOOP('',(#3470,#3471,#3472,#3473));
#3470 = ORIENTED_EDGE('',*,*,#3392,.F.);
#3471 = ORIENTED_EDGE('',*,*,#2320,.T.);
#3472 = ORIENTED_EDGE('',*,*,#3447,.T.);
#3473 = ORIENTED_EDGE('',*,*,#3474,.F.);
#3474 = EDGE_CURVE('',#3393,#3448,#3475,.T.);
#3475 = LINE('',#3476,#3477);
#3476 = CARTESIAN_POINT('',(-0.16,-7.94,-3.));
#3477 = VECTOR('',#3478,1.);
#3478 = DIRECTION('',(0.,1.,0.));
#3479 = PLANE('',#3480);
#3480 = AXIS2_PLACEMENT_3D('',#3481,#3482,#3483);
#3481 = CARTESIAN_POINT('',(-0.24,-7.94,-2.92));
#3482 = DIRECTION('',(-0.707106781187,-1.735167508357E-18,
    -0.707106781187));
#3483 = DIRECTION('',(-1.226948711654E-18,1.,-1.226948711654E-18));
#3484 = ADVANCED_FACE('',(#3485),#3510,.T.);
#3485 = FACE_BOUND('',#3486,.T.);
#3486 = EDGE_LOOP('',(#3487,#3495,#3496,#3504));
#3487 = ORIENTED_EDGE('',*,*,#3488,.F.);
#3488 = EDGE_CURVE('',#2337,#3489,#3491,.T.);
#3489 = VERTEX_POINT('',#3490);
#3490 = CARTESIAN_POINT('',(0.16,-0.16,8.54));
#3491 = LINE('',#3492,#3493);
#3492 = CARTESIAN_POINT('',(0.16,-0.16,8.54));
#3493 = VECTOR('',#3494,1.);
#3494 = DIRECTION('',(-0.57735026919,0.57735026919,0.57735026919));
#3495 = ORIENTED_EDGE('',*,*,#2353,.T.);
#3496 = ORIENTED_EDGE('',*,*,#3497,.T.);
#3497 = EDGE_CURVE('',#2346,#3498,#3500,.T.);
#3498 = VERTEX_POINT('',#3499);
#3499 = CARTESIAN_POINT('',(0.16,0.16,8.54));
#3500 = LINE('',#3501,#3502);
#3501 = CARTESIAN_POINT('',(5.333333333333E-02,5.333333333333E-02,
    8.646666666667));
#3502 = VECTOR('',#3503,1.);
#3503 = DIRECTION('',(-0.57735026919,-0.57735026919,0.57735026919));
#3504 = ORIENTED_EDGE('',*,*,#3505,.F.);
#3505 = EDGE_CURVE('',#3489,#3498,#3506,.T.);
#3506 = LINE('',#3507,#3508);
#3507 = CARTESIAN_POINT('',(0.16,-0.32,8.54));
#3508 = VECTOR('',#3509,1.);
#3509 = DIRECTION('',(0.,1.,0.));
#3510 = PLANE('',#3511);
#3511 = AXIS2_PLACEMENT_3D('',#3512,#3513,#3514);
#3512 = CARTESIAN_POINT('',(0.24,-0.32,8.46));
#3513 = DIRECTION('',(0.707106781187,-1.735167508357E-18,0.707106781187)
  );
#3514 = DIRECTION('',(1.226948711654E-18,1.,1.226948711654E-18));
#3515 = ADVANCED_FACE('',(#3516),#3534,.T.);
#3516 = FACE_BOUND('',#3517,.F.);
#3517 = EDGE_LOOP('',(#3518,#3526,#3527,#3528));
#3518 = ORIENTED_EDGE('',*,*,#3519,.F.);
#3519 = EDGE_CURVE('',#2370,#3520,#3522,.T.);
#3520 = VERTEX_POINT('',#3521);
#3521 = CARTESIAN_POINT('',(-0.16,0.16,8.54));
#3522 = LINE('',#3523,#3524);
#3523 = CARTESIAN_POINT('',(-0.16,0.16,8.54));
#3524 = VECTOR('',#3525,1.);
#3525 = DIRECTION('',(0.57735026919,-0.57735026919,0.57735026919));
#3526 = ORIENTED_EDGE('',*,*,#2377,.T.);
#3527 = ORIENTED_EDGE('',*,*,#3497,.T.);
#3528 = ORIENTED_EDGE('',*,*,#3529,.F.);
#3529 = EDGE_CURVE('',#3520,#3498,#3530,.T.);
#3530 = LINE('',#3531,#3532);
#3531 = CARTESIAN_POINT('',(-0.32,0.16,8.54));
#3532 = VECTOR('',#3533,1.);
#3533 = DIRECTION('',(1.,0.,0.));
#3534 = PLANE('',#3535);
#3535 = AXIS2_PLACEMENT_3D('',#3536,#3537,#3538);
#3536 = CARTESIAN_POINT('',(-0.32,0.24,8.46));
#3537 = DIRECTION('',(1.735167508357E-18,0.707106781187,0.707106781187)
  );
#3538 = DIRECTION('',(-1.,1.226948711654E-18,1.226948711654E-18));
#3539 = ADVANCED_FACE('',(#3540),#3558,.F.);
#3540 = FACE_BOUND('',#3541,.F.);
#3541 = EDGE_LOOP('',(#3542,#3550,#3551,#3552));
#3542 = ORIENTED_EDGE('',*,*,#3543,.F.);
#3543 = EDGE_CURVE('',#2392,#3544,#3546,.T.);
#3544 = VERTEX_POINT('',#3545);
#3545 = CARTESIAN_POINT('',(-0.16,-0.16,8.54));
#3546 = LINE('',#3547,#3548);
#3547 = CARTESIAN_POINT('',(-0.266666666667,-0.266666666667,
    8.433333333333));
#3548 = VECTOR('',#3549,1.);
#3549 = DIRECTION('',(0.57735026919,0.57735026919,0.57735026919));
#3550 = ORIENTED_EDGE('',*,*,#2401,.T.);
#3551 = ORIENTED_EDGE('',*,*,#3519,.T.);
#3552 = ORIENTED_EDGE('',*,*,#3553,.F.);
#3553 = EDGE_CURVE('',#3544,#3520,#3554,.T.);
#3554 = LINE('',#3555,#3556);
#3555 = CARTESIAN_POINT('',(-0.16,-0.32,8.54));
#3556 = VECTOR('',#3557,1.);
#3557 = DIRECTION('',(0.,1.,0.));
#3558 = PLANE('',#3559);
#3559 = AXIS2_PLACEMENT_3D('',#3560,#3561,#3562);
#3560 = CARTESIAN_POINT('',(-0.24,-0.32,8.46));
#3561 = DIRECTION('',(0.707106781187,1.735167508357E-18,-0.707106781187)
  );
#3562 = DIRECTION('',(-1.226948711654E-18,1.,1.226948711654E-18));
#3563 = ADVANCED_FACE('',(#3564),#3575,.F.);
#3564 = FACE_BOUND('',#3565,.T.);
#3565 = EDGE_LOOP('',(#3566,#3567,#3568,#3569));
#3566 = ORIENTED_EDGE('',*,*,#3543,.F.);
#3567 = ORIENTED_EDGE('',*,*,#2418,.T.);
#3568 = ORIENTED_EDGE('',*,*,#3488,.T.);
#3569 = ORIENTED_EDGE('',*,*,#3570,.F.);
#3570 = EDGE_CURVE('',#3544,#3489,#3571,.T.);
#3571 = LINE('',#3572,#3573);
#3572 = CARTESIAN_POINT('',(-0.32,-0.16,8.54));
#3573 = VECTOR('',#3574,1.);
#3574 = DIRECTION('',(1.,0.,0.));
#3575 = PLANE('',#3576);
#3576 = AXIS2_PLACEMENT_3D('',#3577,#3578,#3579);
#3577 = CARTESIAN_POINT('',(-0.32,-0.24,8.46));
#3578 = DIRECTION('',(-1.735167508357E-18,0.707106781187,-0.707106781187
    ));
#3579 = DIRECTION('',(-1.,-1.226948711654E-18,1.226948711654E-18));
#3580 = ADVANCED_FACE('',(#3581),#3606,.T.);
#3581 = FACE_BOUND('',#3582,.T.);
#3582 = EDGE_LOOP('',(#3583,#3591,#3592,#3600));
#3583 = ORIENTED_EDGE('',*,*,#3584,.F.);
#3584 = EDGE_CURVE('',#2433,#3585,#3587,.T.);
#3585 = VERTEX_POINT('',#3586);
#3586 = CARTESIAN_POINT('',(0.16,-5.24,8.54));
#3587 = LINE('',#3588,#3589);
#3588 = CARTESIAN_POINT('',(0.16,-5.24,8.54));
#3589 = VECTOR('',#3590,1.);
#3590 = DIRECTION('',(-0.57735026919,0.57735026919,0.57735026919));
#3591 = ORIENTED_EDGE('',*,*,#2449,.T.);
#3592 = ORIENTED_EDGE('',*,*,#3593,.T.);
#3593 = EDGE_CURVE('',#2442,#3594,#3596,.T.);
#3594 = VERTEX_POINT('',#3595);
#3595 = CARTESIAN_POINT('',(0.16,-4.92,8.54));
#3596 = LINE('',#3597,#3598);
#3597 = CARTESIAN_POINT('',(5.333333333333E-02,-5.026666666667,
    8.646666666667));
#3598 = VECTOR('',#3599,1.);
#3599 = DIRECTION('',(-0.57735026919,-0.57735026919,0.57735026919));
#3600 = ORIENTED_EDGE('',*,*,#3601,.F.);
#3601 = EDGE_CURVE('',#3585,#3594,#3602,.T.);
#3602 = LINE('',#3603,#3604);
#3603 = CARTESIAN_POINT('',(0.16,-5.4,8.54));
#3604 = VECTOR('',#3605,1.);
#3605 = DIRECTION('',(0.,1.,0.));
#3606 = PLANE('',#3607);
#3607 = AXIS2_PLACEMENT_3D('',#3608,#3609,#3610);
#3608 = CARTESIAN_POINT('',(0.24,-5.4,8.46));
#3609 = DIRECTION('',(0.707106781187,-1.735167508357E-18,0.707106781187)
  );
#3610 = DIRECTION('',(1.226948711654E-18,1.,1.226948711654E-18));
#3611 = ADVANCED_FACE('',(#3612),#3630,.T.);
#3612 = FACE_BOUND('',#3613,.F.);
#3613 = EDGE_LOOP('',(#3614,#3622,#3623,#3624));
#3614 = ORIENTED_EDGE('',*,*,#3615,.F.);
#3615 = EDGE_CURVE('',#2466,#3616,#3618,.T.);
#3616 = VERTEX_POINT('',#3617);
#3617 = CARTESIAN_POINT('',(-0.16,-4.92,8.54));
#3618 = LINE('',#3619,#3620);
#3619 = CARTESIAN_POINT('',(-0.16,-4.92,8.54));
#3620 = VECTOR('',#3621,1.);
#3621 = DIRECTION('',(0.57735026919,-0.57735026919,0.57735026919));
#3622 = ORIENTED_EDGE('',*,*,#2473,.T.);
#3623 = ORIENTED_EDGE('',*,*,#3593,.T.);
#3624 = ORIENTED_EDGE('',*,*,#3625,.F.);
#3625 = EDGE_CURVE('',#3616,#3594,#3626,.T.);
#3626 = LINE('',#3627,#3628);
#3627 = CARTESIAN_POINT('',(-0.32,-4.92,8.54));
#3628 = VECTOR('',#3629,1.);
#3629 = DIRECTION('',(1.,0.,0.));
#3630 = PLANE('',#3631);
#3631 = AXIS2_PLACEMENT_3D('',#3632,#3633,#3634);
#3632 = CARTESIAN_POINT('',(-0.32,-4.84,8.46));
#3633 = DIRECTION('',(1.735167508357E-18,0.707106781187,0.707106781187)
  );
#3634 = DIRECTION('',(-1.,1.226948711654E-18,1.226948711654E-18));
#3635 = ADVANCED_FACE('',(#3636),#3654,.F.);
#3636 = FACE_BOUND('',#3637,.F.);
#3637 = EDGE_LOOP('',(#3638,#3646,#3647,#3648));
#3638 = ORIENTED_EDGE('',*,*,#3639,.F.);
#3639 = EDGE_CURVE('',#2488,#3640,#3642,.T.);
#3640 = VERTEX_POINT('',#3641);
#3641 = CARTESIAN_POINT('',(-0.16,-5.24,8.54));
#3642 = LINE('',#3643,#3644);
#3643 = CARTESIAN_POINT('',(-0.266666666667,-5.346666666667,
    8.433333333333));
#3644 = VECTOR('',#3645,1.);
#3645 = DIRECTION('',(0.57735026919,0.57735026919,0.57735026919));
#3646 = ORIENTED_EDGE('',*,*,#2497,.T.);
#3647 = ORIENTED_EDGE('',*,*,#3615,.T.);
#3648 = ORIENTED_EDGE('',*,*,#3649,.F.);
#3649 = EDGE_CURVE('',#3640,#3616,#3650,.T.);
#3650 = LINE('',#3651,#3652);
#3651 = CARTESIAN_POINT('',(-0.16,-5.4,8.54));
#3652 = VECTOR('',#3653,1.);
#3653 = DIRECTION('',(0.,1.,0.));
#3654 = PLANE('',#3655);
#3655 = AXIS2_PLACEMENT_3D('',#3656,#3657,#3658);
#3656 = CARTESIAN_POINT('',(-0.24,-5.4,8.46));
#3657 = DIRECTION('',(0.707106781187,1.735167508357E-18,-0.707106781187)
  );
#3658 = DIRECTION('',(-1.226948711654E-18,1.,1.226948711654E-18));
#3659 = ADVANCED_FACE('',(#3660),#3671,.F.);
#3660 = FACE_BOUND('',#3661,.T.);
#3661 = EDGE_LOOP('',(#3662,#3663,#3664,#3665));
#3662 = ORIENTED_EDGE('',*,*,#3639,.F.);
#3663 = ORIENTED_EDGE('',*,*,#2514,.T.);
#3664 = ORIENTED_EDGE('',*,*,#3584,.T.);
#3665 = ORIENTED_EDGE('',*,*,#3666,.F.);
#3666 = EDGE_CURVE('',#3640,#3585,#3667,.T.);
#3667 = LINE('',#3668,#3669);
#3668 = CARTESIAN_POINT('',(-0.32,-5.24,8.54));
#3669 = VECTOR('',#3670,1.);
#3670 = DIRECTION('',(1.,0.,0.));
#3671 = PLANE('',#3672);
#3672 = AXIS2_PLACEMENT_3D('',#3673,#3674,#3675);
#3673 = CARTESIAN_POINT('',(-0.32,-5.32,8.46));
#3674 = DIRECTION('',(-1.735167508357E-18,0.707106781187,-0.707106781187
    ));
#3675 = DIRECTION('',(-1.,-1.226948711654E-18,1.226948711654E-18));
#3676 = ADVANCED_FACE('',(#3677),#3702,.T.);
#3677 = FACE_BOUND('',#3678,.T.);
#3678 = EDGE_LOOP('',(#3679,#3687,#3688,#3696));
#3679 = ORIENTED_EDGE('',*,*,#3680,.F.);
#3680 = EDGE_CURVE('',#2529,#3681,#3683,.T.);
#3681 = VERTEX_POINT('',#3682);
#3682 = CARTESIAN_POINT('',(0.16,-2.7,8.54));
#3683 = LINE('',#3684,#3685);
#3684 = CARTESIAN_POINT('',(0.16,-2.7,8.54));
#3685 = VECTOR('',#3686,1.);
#3686 = DIRECTION('',(-0.57735026919,0.57735026919,0.57735026919));
#3687 = ORIENTED_EDGE('',*,*,#2545,.T.);
#3688 = ORIENTED_EDGE('',*,*,#3689,.T.);
#3689 = EDGE_CURVE('',#2538,#3690,#3692,.T.);
#3690 = VERTEX_POINT('',#3691);
#3691 = CARTESIAN_POINT('',(0.16,-2.38,8.54));
#3692 = LINE('',#3693,#3694);
#3693 = CARTESIAN_POINT('',(5.333333333333E-02,-2.486666666667,
    8.646666666667));
#3694 = VECTOR('',#3695,1.);
#3695 = DIRECTION('',(-0.57735026919,-0.57735026919,0.57735026919));
#3696 = ORIENTED_EDGE('',*,*,#3697,.F.);
#3697 = EDGE_CURVE('',#3681,#3690,#3698,.T.);
#3698 = LINE('',#3699,#3700);
#3699 = CARTESIAN_POINT('',(0.16,-2.86,8.54));
#3700 = VECTOR('',#3701,1.);
#3701 = DIRECTION('',(0.,1.,0.));
#3702 = PLANE('',#3703);
#3703 = AXIS2_PLACEMENT_3D('',#3704,#3705,#3706);
#3704 = CARTESIAN_POINT('',(0.24,-2.86,8.46));
#3705 = DIRECTION('',(0.707106781187,-1.735167508357E-18,0.707106781187)
  );
#3706 = DIRECTION('',(1.226948711654E-18,1.,1.226948711654E-18));
#3707 = ADVANCED_FACE('',(#3708),#3726,.T.);
#3708 = FACE_BOUND('',#3709,.F.);
#3709 = EDGE_LOOP('',(#3710,#3718,#3719,#3720));
#3710 = ORIENTED_EDGE('',*,*,#3711,.F.);
#3711 = EDGE_CURVE('',#2562,#3712,#3714,.T.);
#3712 = VERTEX_POINT('',#3713);
#3713 = CARTESIAN_POINT('',(-0.16,-2.38,8.54));
#3714 = LINE('',#3715,#3716);
#3715 = CARTESIAN_POINT('',(-0.16,-2.38,8.54));
#3716 = VECTOR('',#3717,1.);
#3717 = DIRECTION('',(0.57735026919,-0.57735026919,0.57735026919));
#3718 = ORIENTED_EDGE('',*,*,#2569,.T.);
#3719 = ORIENTED_EDGE('',*,*,#3689,.T.);
#3720 = ORIENTED_EDGE('',*,*,#3721,.F.);
#3721 = EDGE_CURVE('',#3712,#3690,#3722,.T.);
#3722 = LINE('',#3723,#3724);
#3723 = CARTESIAN_POINT('',(-0.32,-2.38,8.54));
#3724 = VECTOR('',#3725,1.);
#3725 = DIRECTION('',(1.,0.,0.));
#3726 = PLANE('',#3727);
#3727 = AXIS2_PLACEMENT_3D('',#3728,#3729,#3730);
#3728 = CARTESIAN_POINT('',(-0.32,-2.3,8.46));
#3729 = DIRECTION('',(1.735167508357E-18,0.707106781187,0.707106781187)
  );
#3730 = DIRECTION('',(-1.,1.226948711654E-18,1.226948711654E-18));
#3731 = ADVANCED_FACE('',(#3732),#3750,.F.);
#3732 = FACE_BOUND('',#3733,.F.);
#3733 = EDGE_LOOP('',(#3734,#3742,#3743,#3744));
#3734 = ORIENTED_EDGE('',*,*,#3735,.F.);
#3735 = EDGE_CURVE('',#2584,#3736,#3738,.T.);
#3736 = VERTEX_POINT('',#3737);
#3737 = CARTESIAN_POINT('',(-0.16,-2.7,8.54));
#3738 = LINE('',#3739,#3740);
#3739 = CARTESIAN_POINT('',(-0.266666666667,-2.806666666667,
    8.433333333333));
#3740 = VECTOR('',#3741,1.);
#3741 = DIRECTION('',(0.57735026919,0.57735026919,0.57735026919));
#3742 = ORIENTED_EDGE('',*,*,#2593,.T.);
#3743 = ORIENTED_EDGE('',*,*,#3711,.T.);
#3744 = ORIENTED_EDGE('',*,*,#3745,.F.);
#3745 = EDGE_CURVE('',#3736,#3712,#3746,.T.);
#3746 = LINE('',#3747,#3748);
#3747 = CARTESIAN_POINT('',(-0.16,-2.86,8.54));
#3748 = VECTOR('',#3749,1.);
#3749 = DIRECTION('',(0.,1.,0.));
#3750 = PLANE('',#3751);
#3751 = AXIS2_PLACEMENT_3D('',#3752,#3753,#3754);
#3752 = CARTESIAN_POINT('',(-0.24,-2.86,8.46));
#3753 = DIRECTION('',(0.707106781187,1.735167508357E-18,-0.707106781187)
  );
#3754 = DIRECTION('',(-1.226948711654E-18,1.,1.226948711654E-18));
#3755 = ADVANCED_FACE('',(#3756),#3767,.F.);
#3756 = FACE_BOUND('',#3757,.T.);
#3757 = EDGE_LOOP('',(#3758,#3759,#3760,#3761));
#3758 = ORIENTED_EDGE('',*,*,#3735,.F.);
#3759 = ORIENTED_EDGE('',*,*,#2610,.T.);
#3760 = ORIENTED_EDGE('',*,*,#3680,.T.);
#3761 = ORIENTED_EDGE('',*,*,#3762,.F.);
#3762 = EDGE_CURVE('',#3736,#3681,#3763,.T.);
#3763 = LINE('',#3764,#3765);
#3764 = CARTESIAN_POINT('',(-0.32,-2.7,8.54));
#3765 = VECTOR('',#3766,1.);
#3766 = DIRECTION('',(1.,0.,0.));
#3767 = PLANE('',#3768);
#3768 = AXIS2_PLACEMENT_3D('',#3769,#3770,#3771);
#3769 = CARTESIAN_POINT('',(-0.32,-2.78,8.46));
#3770 = DIRECTION('',(-1.735167508357E-18,0.707106781187,-0.707106781187
    ));
#3771 = DIRECTION('',(-1.,-1.226948711654E-18,1.226948711654E-18));
#3772 = ADVANCED_FACE('',(#3773),#3798,.F.);
#3773 = FACE_BOUND('',#3774,.T.);
#3774 = EDGE_LOOP('',(#3775,#3783,#3784,#3792));
#3775 = ORIENTED_EDGE('',*,*,#3776,.F.);
#3776 = EDGE_CURVE('',#2634,#3777,#3779,.T.);
#3777 = VERTEX_POINT('',#3778);
#3778 = CARTESIAN_POINT('',(-0.16,-12.86,8.54));
#3779 = LINE('',#3780,#3781);
#3780 = CARTESIAN_POINT('',(-0.266666666667,-12.96666666666,
    8.433333333333));
#3781 = VECTOR('',#3782,1.);
#3782 = DIRECTION('',(0.57735026919,0.57735026919,0.57735026919));
#3783 = ORIENTED_EDGE('',*,*,#2641,.T.);
#3784 = ORIENTED_EDGE('',*,*,#3785,.T.);
#3785 = EDGE_CURVE('',#2625,#3786,#3788,.T.);
#3786 = VERTEX_POINT('',#3787);
#3787 = CARTESIAN_POINT('',(0.16,-12.86,8.54));
#3788 = LINE('',#3789,#3790);
#3789 = CARTESIAN_POINT('',(0.16,-12.86,8.54));
#3790 = VECTOR('',#3791,1.);
#3791 = DIRECTION('',(-0.57735026919,0.57735026919,0.57735026919));
#3792 = ORIENTED_EDGE('',*,*,#3793,.F.);
#3793 = EDGE_CURVE('',#3777,#3786,#3794,.T.);
#3794 = LINE('',#3795,#3796);
#3795 = CARTESIAN_POINT('',(-0.32,-12.86,8.54));
#3796 = VECTOR('',#3797,1.);
#3797 = DIRECTION('',(1.,0.,0.));
#3798 = PLANE('',#3799);
#3799 = AXIS2_PLACEMENT_3D('',#3800,#3801,#3802);
#3800 = CARTESIAN_POINT('',(-0.32,-12.94,8.46));
#3801 = DIRECTION('',(-1.735167508357E-18,0.707106781187,-0.707106781187
    ));
#3802 = DIRECTION('',(-1.,-1.226948711654E-18,1.226948711654E-18));
#3803 = ADVANCED_FACE('',(#3804),#3822,.T.);
#3804 = FACE_BOUND('',#3805,.T.);
#3805 = EDGE_LOOP('',(#3806,#3807,#3808,#3816));
#3806 = ORIENTED_EDGE('',*,*,#3785,.F.);
#3807 = ORIENTED_EDGE('',*,*,#2665,.T.);
#3808 = ORIENTED_EDGE('',*,*,#3809,.T.);
#3809 = EDGE_CURVE('',#2658,#3810,#3812,.T.);
#3810 = VERTEX_POINT('',#3811);
#3811 = CARTESIAN_POINT('',(0.16,-12.54,8.54));
#3812 = LINE('',#3813,#3814);
#3813 = CARTESIAN_POINT('',(5.333333333333E-02,-12.64666666666,
    8.646666666667));
#3814 = VECTOR('',#3815,1.);
#3815 = DIRECTION('',(-0.57735026919,-0.57735026919,0.57735026919));
#3816 = ORIENTED_EDGE('',*,*,#3817,.F.);
#3817 = EDGE_CURVE('',#3786,#3810,#3818,.T.);
#3818 = LINE('',#3819,#3820);
#3819 = CARTESIAN_POINT('',(0.16,-13.02,8.54));
#3820 = VECTOR('',#3821,1.);
#3821 = DIRECTION('',(0.,1.,0.));
#3822 = PLANE('',#3823);
#3823 = AXIS2_PLACEMENT_3D('',#3824,#3825,#3826);
#3824 = CARTESIAN_POINT('',(0.24,-13.02,8.46));
#3825 = DIRECTION('',(0.707106781187,-1.735167508357E-18,0.707106781187)
  );
#3826 = DIRECTION('',(1.226948711654E-18,1.,1.226948711654E-18));
#3827 = ADVANCED_FACE('',(#3828),#3846,.T.);
#3828 = FACE_BOUND('',#3829,.F.);
#3829 = EDGE_LOOP('',(#3830,#3838,#3839,#3840));
#3830 = ORIENTED_EDGE('',*,*,#3831,.F.);
#3831 = EDGE_CURVE('',#2682,#3832,#3834,.T.);
#3832 = VERTEX_POINT('',#3833);
#3833 = CARTESIAN_POINT('',(-0.16,-12.54,8.54));
#3834 = LINE('',#3835,#3836);
#3835 = CARTESIAN_POINT('',(-0.16,-12.54,8.54));
#3836 = VECTOR('',#3837,1.);
#3837 = DIRECTION('',(0.57735026919,-0.57735026919,0.57735026919));
#3838 = ORIENTED_EDGE('',*,*,#2689,.T.);
#3839 = ORIENTED_EDGE('',*,*,#3809,.T.);
#3840 = ORIENTED_EDGE('',*,*,#3841,.F.);
#3841 = EDGE_CURVE('',#3832,#3810,#3842,.T.);
#3842 = LINE('',#3843,#3844);
#3843 = CARTESIAN_POINT('',(-0.32,-12.54,8.54));
#3844 = VECTOR('',#3845,1.);
#3845 = DIRECTION('',(1.,0.,0.));
#3846 = PLANE('',#3847);
#3847 = AXIS2_PLACEMENT_3D('',#3848,#3849,#3850);
#3848 = CARTESIAN_POINT('',(-0.32,-12.46,8.46));
#3849 = DIRECTION('',(1.735167508357E-18,0.707106781187,0.707106781187)
  );
#3850 = DIRECTION('',(-1.,1.226948711654E-18,1.226948711654E-18));
#3851 = ADVANCED_FACE('',(#3852),#3863,.F.);
#3852 = FACE_BOUND('',#3853,.F.);
#3853 = EDGE_LOOP('',(#3854,#3855,#3856,#3857));
#3854 = ORIENTED_EDGE('',*,*,#3776,.F.);
#3855 = ORIENTED_EDGE('',*,*,#2706,.T.);
#3856 = ORIENTED_EDGE('',*,*,#3831,.T.);
#3857 = ORIENTED_EDGE('',*,*,#3858,.F.);
#3858 = EDGE_CURVE('',#3777,#3832,#3859,.T.);
#3859 = LINE('',#3860,#3861);
#3860 = CARTESIAN_POINT('',(-0.16,-13.02,8.54));
#3861 = VECTOR('',#3862,1.);
#3862 = DIRECTION('',(0.,1.,0.));
#3863 = PLANE('',#3864);
#3864 = AXIS2_PLACEMENT_3D('',#3865,#3866,#3867);
#3865 = CARTESIAN_POINT('',(-0.24,-13.02,8.46));
#3866 = DIRECTION('',(0.707106781187,1.735167508357E-18,-0.707106781187)
  );
#3867 = DIRECTION('',(-1.226948711654E-18,1.,1.226948711654E-18));
#3868 = ADVANCED_FACE('',(#3869),#3894,.T.);
#3869 = FACE_BOUND('',#3870,.F.);
#3870 = EDGE_LOOP('',(#3871,#3879,#3880,#3888));
#3871 = ORIENTED_EDGE('',*,*,#3872,.F.);
#3872 = EDGE_CURVE('',#2730,#3873,#3875,.T.);
#3873 = VERTEX_POINT('',#3874);
#3874 = CARTESIAN_POINT('',(-0.16,-10.,8.54));
#3875 = LINE('',#3876,#3877);
#3876 = CARTESIAN_POINT('',(-0.16,-10.,8.54));
#3877 = VECTOR('',#3878,1.);
#3878 = DIRECTION('',(0.57735026919,-0.57735026919,0.57735026919));
#3879 = ORIENTED_EDGE('',*,*,#2737,.T.);
#3880 = ORIENTED_EDGE('',*,*,#3881,.T.);
#3881 = EDGE_CURVE('',#2721,#3882,#3884,.T.);
#3882 = VERTEX_POINT('',#3883);
#3883 = CARTESIAN_POINT('',(0.16,-10.,8.54));
#3884 = LINE('',#3885,#3886);
#3885 = CARTESIAN_POINT('',(5.333333333333E-02,-10.10666666666,
    8.646666666667));
#3886 = VECTOR('',#3887,1.);
#3887 = DIRECTION('',(-0.57735026919,-0.57735026919,0.57735026919));
#3888 = ORIENTED_EDGE('',*,*,#3889,.F.);
#3889 = EDGE_CURVE('',#3873,#3882,#3890,.T.);
#3890 = LINE('',#3891,#3892);
#3891 = CARTESIAN_POINT('',(-0.32,-10.,8.54));
#3892 = VECTOR('',#3893,1.);
#3893 = DIRECTION('',(1.,0.,0.));
#3894 = PLANE('',#3895);
#3895 = AXIS2_PLACEMENT_3D('',#3896,#3897,#3898);
#3896 = CARTESIAN_POINT('',(-0.32,-9.92,8.46));
#3897 = DIRECTION('',(1.735167508357E-18,0.707106781187,0.707106781187)
  );
#3898 = DIRECTION('',(-1.,1.226948711654E-18,1.226948711654E-18));
#3899 = ADVANCED_FACE('',(#3900),#3918,.F.);
#3900 = FACE_BOUND('',#3901,.F.);
#3901 = EDGE_LOOP('',(#3902,#3910,#3911,#3912));
#3902 = ORIENTED_EDGE('',*,*,#3903,.F.);
#3903 = EDGE_CURVE('',#2752,#3904,#3906,.T.);
#3904 = VERTEX_POINT('',#3905);
#3905 = CARTESIAN_POINT('',(-0.16,-10.32,8.54));
#3906 = LINE('',#3907,#3908);
#3907 = CARTESIAN_POINT('',(-0.266666666667,-10.42666666666,
    8.433333333333));
#3908 = VECTOR('',#3909,1.);
#3909 = DIRECTION('',(0.57735026919,0.57735026919,0.57735026919));
#3910 = ORIENTED_EDGE('',*,*,#2761,.T.);
#3911 = ORIENTED_EDGE('',*,*,#3872,.T.);
#3912 = ORIENTED_EDGE('',*,*,#3913,.F.);
#3913 = EDGE_CURVE('',#3904,#3873,#3914,.T.);
#3914 = LINE('',#3915,#3916);
#3915 = CARTESIAN_POINT('',(-0.16,-10.48,8.54));
#3916 = VECTOR('',#3917,1.);
#3917 = DIRECTION('',(0.,1.,0.));
#3918 = PLANE('',#3919);
#3919 = AXIS2_PLACEMENT_3D('',#3920,#3921,#3922);
#3920 = CARTESIAN_POINT('',(-0.24,-10.48,8.46));
#3921 = DIRECTION('',(0.707106781187,1.735167508357E-18,-0.707106781187)
  );
#3922 = DIRECTION('',(-1.226948711654E-18,1.,1.226948711654E-18));
#3923 = ADVANCED_FACE('',(#3924),#3942,.F.);
#3924 = FACE_BOUND('',#3925,.T.);
#3925 = EDGE_LOOP('',(#3926,#3927,#3928,#3936));
#3926 = ORIENTED_EDGE('',*,*,#3903,.F.);
#3927 = ORIENTED_EDGE('',*,*,#2785,.T.);
#3928 = ORIENTED_EDGE('',*,*,#3929,.T.);
#3929 = EDGE_CURVE('',#2776,#3930,#3932,.T.);
#3930 = VERTEX_POINT('',#3931);
#3931 = CARTESIAN_POINT('',(0.16,-10.32,8.54));
#3932 = LINE('',#3933,#3934);
#3933 = CARTESIAN_POINT('',(0.16,-10.32,8.54));
#3934 = VECTOR('',#3935,1.);
#3935 = DIRECTION('',(-0.57735026919,0.57735026919,0.57735026919));
#3936 = ORIENTED_EDGE('',*,*,#3937,.F.);
#3937 = EDGE_CURVE('',#3904,#3930,#3938,.T.);
#3938 = LINE('',#3939,#3940);
#3939 = CARTESIAN_POINT('',(-0.32,-10.32,8.54));
#3940 = VECTOR('',#3941,1.);
#3941 = DIRECTION('',(1.,0.,0.));
#3942 = PLANE('',#3943);
#3943 = AXIS2_PLACEMENT_3D('',#3944,#3945,#3946);
#3944 = CARTESIAN_POINT('',(-0.32,-10.4,8.46));
#3945 = DIRECTION('',(-1.735167508357E-18,0.707106781187,-0.707106781187
    ));
#3946 = DIRECTION('',(-1.,-1.226948711654E-18,1.226948711654E-18));
#3947 = ADVANCED_FACE('',(#3948),#3959,.T.);
#3948 = FACE_BOUND('',#3949,.T.);
#3949 = EDGE_LOOP('',(#3950,#3951,#3952,#3953));
#3950 = ORIENTED_EDGE('',*,*,#3929,.F.);
#3951 = ORIENTED_EDGE('',*,*,#2802,.T.);
#3952 = ORIENTED_EDGE('',*,*,#3881,.T.);
#3953 = ORIENTED_EDGE('',*,*,#3954,.F.);
#3954 = EDGE_CURVE('',#3930,#3882,#3955,.T.);
#3955 = LINE('',#3956,#3957);
#3956 = CARTESIAN_POINT('',(0.16,-10.48,8.54));
#3957 = VECTOR('',#3958,1.);
#3958 = DIRECTION('',(0.,1.,0.));
#3959 = PLANE('',#3960);
#3960 = AXIS2_PLACEMENT_3D('',#3961,#3962,#3963);
#3961 = CARTESIAN_POINT('',(0.24,-10.48,8.46));
#3962 = DIRECTION('',(0.707106781187,-1.735167508357E-18,0.707106781187)
  );
#3963 = DIRECTION('',(1.226948711654E-18,1.,1.226948711654E-18));
#3964 = ADVANCED_FACE('',(#3965),#3990,.F.);
#3965 = FACE_BOUND('',#3966,.T.);
#3966 = EDGE_LOOP('',(#3967,#3975,#3976,#3984));
#3967 = ORIENTED_EDGE('',*,*,#3968,.F.);
#3968 = EDGE_CURVE('',#2826,#3969,#3971,.T.);
#3969 = VERTEX_POINT('',#3970);
#3970 = CARTESIAN_POINT('',(-0.16,-7.78,8.54));
#3971 = LINE('',#3972,#3973);
#3972 = CARTESIAN_POINT('',(-0.266666666667,-7.886666666667,
    8.433333333333));
#3973 = VECTOR('',#3974,1.);
#3974 = DIRECTION('',(0.57735026919,0.57735026919,0.57735026919));
#3975 = ORIENTED_EDGE('',*,*,#2833,.T.);
#3976 = ORIENTED_EDGE('',*,*,#3977,.T.);
#3977 = EDGE_CURVE('',#2817,#3978,#3980,.T.);
#3978 = VERTEX_POINT('',#3979);
#3979 = CARTESIAN_POINT('',(0.16,-7.78,8.54));
#3980 = LINE('',#3981,#3982);
#3981 = CARTESIAN_POINT('',(0.16,-7.78,8.54));
#3982 = VECTOR('',#3983,1.);
#3983 = DIRECTION('',(-0.57735026919,0.57735026919,0.57735026919));
#3984 = ORIENTED_EDGE('',*,*,#3985,.F.);
#3985 = EDGE_CURVE('',#3969,#3978,#3986,.T.);
#3986 = LINE('',#3987,#3988);
#3987 = CARTESIAN_POINT('',(-0.32,-7.78,8.54));
#3988 = VECTOR('',#3989,1.);
#3989 = DIRECTION('',(1.,0.,0.));
#3990 = PLANE('',#3991);
#3991 = AXIS2_PLACEMENT_3D('',#3992,#3993,#3994);
#3992 = CARTESIAN_POINT('',(-0.32,-7.86,8.46));
#3993 = DIRECTION('',(-1.735167508357E-18,0.707106781187,-0.707106781187
    ));
#3994 = DIRECTION('',(-1.,-1.226948711654E-18,1.226948711654E-18));
#3995 = ADVANCED_FACE('',(#3996),#4014,.T.);
#3996 = FACE_BOUND('',#3997,.T.);
#3997 = EDGE_LOOP('',(#3998,#3999,#4000,#4008));
#3998 = ORIENTED_EDGE('',*,*,#3977,.F.);
#3999 = ORIENTED_EDGE('',*,*,#2857,.T.);
#4000 = ORIENTED_EDGE('',*,*,#4001,.T.);
#4001 = EDGE_CURVE('',#2850,#4002,#4004,.T.);
#4002 = VERTEX_POINT('',#4003);
#4003 = CARTESIAN_POINT('',(0.16,-7.46,8.54));
#4004 = LINE('',#4005,#4006);
#4005 = CARTESIAN_POINT('',(5.333333333333E-02,-7.566666666667,
    8.646666666667));
#4006 = VECTOR('',#4007,1.);
#4007 = DIRECTION('',(-0.57735026919,-0.57735026919,0.57735026919));
#4008 = ORIENTED_EDGE('',*,*,#4009,.F.);
#4009 = EDGE_CURVE('',#3978,#4002,#4010,.T.);
#4010 = LINE('',#4011,#4012);
#4011 = CARTESIAN_POINT('',(0.16,-7.94,8.54));
#4012 = VECTOR('',#4013,1.);
#4013 = DIRECTION('',(0.,1.,0.));
#4014 = PLANE('',#4015);
#4015 = AXIS2_PLACEMENT_3D('',#4016,#4017,#4018);
#4016 = CARTESIAN_POINT('',(0.24,-7.94,8.46));
#4017 = DIRECTION('',(0.707106781187,-1.735167508357E-18,0.707106781187)
  );
#4018 = DIRECTION('',(1.226948711654E-18,1.,1.226948711654E-18));
#4019 = ADVANCED_FACE('',(#4020),#4038,.T.);
#4020 = FACE_BOUND('',#4021,.F.);
#4021 = EDGE_LOOP('',(#4022,#4030,#4031,#4032));
#4022 = ORIENTED_EDGE('',*,*,#4023,.F.);
#4023 = EDGE_CURVE('',#2874,#4024,#4026,.T.);
#4024 = VERTEX_POINT('',#4025);
#4025 = CARTESIAN_POINT('',(-0.16,-7.46,8.54));
#4026 = LINE('',#4027,#4028);
#4027 = CARTESIAN_POINT('',(-0.16,-7.46,8.54));
#4028 = VECTOR('',#4029,1.);
#4029 = DIRECTION('',(0.57735026919,-0.57735026919,0.57735026919));
#4030 = ORIENTED_EDGE('',*,*,#2881,.T.);
#4031 = ORIENTED_EDGE('',*,*,#4001,.T.);
#4032 = ORIENTED_EDGE('',*,*,#4033,.F.);
#4033 = EDGE_CURVE('',#4024,#4002,#4034,.T.);
#4034 = LINE('',#4035,#4036);
#4035 = CARTESIAN_POINT('',(-0.32,-7.46,8.54));
#4036 = VECTOR('',#4037,1.);
#4037 = DIRECTION('',(1.,0.,0.));
#4038 = PLANE('',#4039);
#4039 = AXIS2_PLACEMENT_3D('',#4040,#4041,#4042);
#4040 = CARTESIAN_POINT('',(-0.32,-7.38,8.46));
#4041 = DIRECTION('',(1.735167508357E-18,0.707106781187,0.707106781187)
  );
#4042 = DIRECTION('',(-1.,1.226948711654E-18,1.226948711654E-18));
#4043 = ADVANCED_FACE('',(#4044),#4055,.F.);
#4044 = FACE_BOUND('',#4045,.F.);
#4045 = EDGE_LOOP('',(#4046,#4047,#4048,#4049));
#4046 = ORIENTED_EDGE('',*,*,#3968,.F.);
#4047 = ORIENTED_EDGE('',*,*,#2898,.T.);
#4048 = ORIENTED_EDGE('',*,*,#4023,.T.);
#4049 = ORIENTED_EDGE('',*,*,#4050,.F.);
#4050 = EDGE_CURVE('',#3969,#4024,#4051,.T.);
#4051 = LINE('',#4052,#4053);
#4052 = CARTESIAN_POINT('',(-0.16,-7.94,8.54));
#4053 = VECTOR('',#4054,1.);
#4054 = DIRECTION('',(0.,1.,0.));
#4055 = PLANE('',#4056);
#4056 = AXIS2_PLACEMENT_3D('',#4057,#4058,#4059);
#4057 = CARTESIAN_POINT('',(-0.24,-7.94,8.46));
#4058 = DIRECTION('',(0.707106781187,1.735167508357E-18,-0.707106781187)
  );
#4059 = DIRECTION('',(-1.226948711654E-18,1.,1.226948711654E-18));
#4060 = ADVANCED_FACE('',(#4061),#4067,.F.);
#4061 = FACE_BOUND('',#4062,.F.);
#4062 = EDGE_LOOP('',(#4063,#4064,#4065,#4066));
#4063 = ORIENTED_EDGE('',*,*,#2953,.F.);
#4064 = ORIENTED_EDGE('',*,*,#2977,.F.);
#4065 = ORIENTED_EDGE('',*,*,#2994,.T.);
#4066 = ORIENTED_EDGE('',*,*,#2929,.T.);
#4067 = PLANE('',#4068);
#4068 = AXIS2_PLACEMENT_3D('',#4069,#4070,#4071);
#4069 = CARTESIAN_POINT('',(-0.32,-0.32,-3.));
#4070 = DIRECTION('',(0.,0.,1.));
#4071 = DIRECTION('',(1.,0.,-0.));
#4072 = ADVANCED_FACE('',(#4073),#4079,.F.);
#4073 = FACE_BOUND('',#4074,.F.);
#4074 = EDGE_LOOP('',(#4075,#4076,#4077,#4078));
#4075 = ORIENTED_EDGE('',*,*,#3049,.F.);
#4076 = ORIENTED_EDGE('',*,*,#3073,.F.);
#4077 = ORIENTED_EDGE('',*,*,#3090,.T.);
#4078 = ORIENTED_EDGE('',*,*,#3025,.T.);
#4079 = PLANE('',#4080);
#4080 = AXIS2_PLACEMENT_3D('',#4081,#4082,#4083);
#4081 = CARTESIAN_POINT('',(-0.32,-5.4,-3.));
#4082 = DIRECTION('',(0.,0.,1.));
#4083 = DIRECTION('',(1.,0.,-0.));
#4084 = ADVANCED_FACE('',(#4085),#4091,.F.);
#4085 = FACE_BOUND('',#4086,.F.);
#4086 = EDGE_LOOP('',(#4087,#4088,#4089,#4090));
#4087 = ORIENTED_EDGE('',*,*,#3145,.F.);
#4088 = ORIENTED_EDGE('',*,*,#3169,.F.);
#4089 = ORIENTED_EDGE('',*,*,#3186,.T.);
#4090 = ORIENTED_EDGE('',*,*,#3121,.T.);
#4091 = PLANE('',#4092);
#4092 = AXIS2_PLACEMENT_3D('',#4093,#4094,#4095);
#4093 = CARTESIAN_POINT('',(-0.32,-2.86,-3.));
#4094 = DIRECTION('',(0.,0.,1.));
#4095 = DIRECTION('',(1.,0.,-0.));
#4096 = ADVANCED_FACE('',(#4097),#4103,.F.);
#4097 = FACE_BOUND('',#4098,.F.);
#4098 = EDGE_LOOP('',(#4099,#4100,#4101,#4102));
#4099 = ORIENTED_EDGE('',*,*,#3265,.F.);
#4100 = ORIENTED_EDGE('',*,*,#3282,.F.);
#4101 = ORIENTED_EDGE('',*,*,#3217,.T.);
#4102 = ORIENTED_EDGE('',*,*,#3241,.T.);
#4103 = PLANE('',#4104);
#4104 = AXIS2_PLACEMENT_3D('',#4105,#4106,#4107);
#4105 = CARTESIAN_POINT('',(-0.32,-13.02,-3.));
#4106 = DIRECTION('',(0.,0.,1.));
#4107 = DIRECTION('',(1.,0.,-0.));
#4108 = ADVANCED_FACE('',(#4109),#4115,.F.);
#4109 = FACE_BOUND('',#4110,.F.);
#4110 = EDGE_LOOP('',(#4111,#4112,#4113,#4114));
#4111 = ORIENTED_EDGE('',*,*,#3313,.F.);
#4112 = ORIENTED_EDGE('',*,*,#3337,.F.);
#4113 = ORIENTED_EDGE('',*,*,#3361,.T.);
#4114 = ORIENTED_EDGE('',*,*,#3378,.T.);
#4115 = PLANE('',#4116);
#4116 = AXIS2_PLACEMENT_3D('',#4117,#4118,#4119);
#4117 = CARTESIAN_POINT('',(-0.32,-10.48,-3.));
#4118 = DIRECTION('',(0.,0.,1.));
#4119 = DIRECTION('',(1.,0.,-0.));
#4120 = ADVANCED_FACE('',(#4121),#4127,.F.);
#4121 = FACE_BOUND('',#4122,.F.);
#4122 = EDGE_LOOP('',(#4123,#4124,#4125,#4126));
#4123 = ORIENTED_EDGE('',*,*,#3457,.F.);
#4124 = ORIENTED_EDGE('',*,*,#3474,.F.);
#4125 = ORIENTED_EDGE('',*,*,#3409,.T.);
#4126 = ORIENTED_EDGE('',*,*,#3433,.T.);
#4127 = PLANE('',#4128);
#4128 = AXIS2_PLACEMENT_3D('',#4129,#4130,#4131);
#4129 = CARTESIAN_POINT('',(-0.32,-7.94,-3.));
#4130 = DIRECTION('',(0.,0.,1.));
#4131 = DIRECTION('',(1.,0.,-0.));
#4132 = ADVANCED_FACE('',(#4133),#4139,.T.);
#4133 = FACE_BOUND('',#4134,.T.);
#4134 = EDGE_LOOP('',(#4135,#4136,#4137,#4138));
#4135 = ORIENTED_EDGE('',*,*,#3505,.T.);
#4136 = ORIENTED_EDGE('',*,*,#3529,.F.);
#4137 = ORIENTED_EDGE('',*,*,#3553,.F.);
#4138 = ORIENTED_EDGE('',*,*,#3570,.T.);
#4139 = PLANE('',#4140);
#4140 = AXIS2_PLACEMENT_3D('',#4141,#4142,#4143);
#4141 = CARTESIAN_POINT('',(-0.32,-0.32,8.54));
#4142 = DIRECTION('',(0.,0.,1.));
#4143 = DIRECTION('',(1.,0.,-0.));
#4144 = ADVANCED_FACE('',(#4145),#4151,.T.);
#4145 = FACE_BOUND('',#4146,.T.);
#4146 = EDGE_LOOP('',(#4147,#4148,#4149,#4150));
#4147 = ORIENTED_EDGE('',*,*,#3601,.T.);
#4148 = ORIENTED_EDGE('',*,*,#3625,.F.);
#4149 = ORIENTED_EDGE('',*,*,#3649,.F.);
#4150 = ORIENTED_EDGE('',*,*,#3666,.T.);
#4151 = PLANE('',#4152);
#4152 = AXIS2_PLACEMENT_3D('',#4153,#4154,#4155);
#4153 = CARTESIAN_POINT('',(-0.32,-5.4,8.54));
#4154 = DIRECTION('',(0.,0.,1.));
#4155 = DIRECTION('',(1.,0.,-0.));
#4156 = ADVANCED_FACE('',(#4157),#4163,.T.);
#4157 = FACE_BOUND('',#4158,.T.);
#4158 = EDGE_LOOP('',(#4159,#4160,#4161,#4162));
#4159 = ORIENTED_EDGE('',*,*,#3697,.T.);
#4160 = ORIENTED_EDGE('',*,*,#3721,.F.);
#4161 = ORIENTED_EDGE('',*,*,#3745,.F.);
#4162 = ORIENTED_EDGE('',*,*,#3762,.T.);
#4163 = PLANE('',#4164);
#4164 = AXIS2_PLACEMENT_3D('',#4165,#4166,#4167);
#4165 = CARTESIAN_POINT('',(-0.32,-2.86,8.54));
#4166 = DIRECTION('',(0.,0.,1.));
#4167 = DIRECTION('',(1.,0.,-0.));
#4168 = ADVANCED_FACE('',(#4169),#4175,.T.);
#4169 = FACE_BOUND('',#4170,.T.);
#4170 = EDGE_LOOP('',(#4171,#4172,#4173,#4174));
#4171 = ORIENTED_EDGE('',*,*,#3817,.T.);
#4172 = ORIENTED_EDGE('',*,*,#3841,.F.);
#4173 = ORIENTED_EDGE('',*,*,#3858,.F.);
#4174 = ORIENTED_EDGE('',*,*,#3793,.T.);
#4175 = PLANE('',#4176);
#4176 = AXIS2_PLACEMENT_3D('',#4177,#4178,#4179);
#4177 = CARTESIAN_POINT('',(-0.32,-13.02,8.54));
#4178 = DIRECTION('',(0.,0.,1.));
#4179 = DIRECTION('',(1.,0.,-0.));
#4180 = ADVANCED_FACE('',(#4181),#4187,.T.);
#4181 = FACE_BOUND('',#4182,.T.);
#4182 = EDGE_LOOP('',(#4183,#4184,#4185,#4186));
#4183 = ORIENTED_EDGE('',*,*,#3954,.T.);
#4184 = ORIENTED_EDGE('',*,*,#3889,.F.);
#4185 = ORIENTED_EDGE('',*,*,#3913,.F.);
#4186 = ORIENTED_EDGE('',*,*,#3937,.T.);
#4187 = PLANE('',#4188);
#4188 = AXIS2_PLACEMENT_3D('',#4189,#4190,#4191);
#4189 = CARTESIAN_POINT('',(-0.32,-10.48,8.54));
#4190 = DIRECTION('',(0.,0.,1.));
#4191 = DIRECTION('',(1.,0.,-0.));
#4192 = ADVANCED_FACE('',(#4193),#4199,.T.);
#4193 = FACE_BOUND('',#4194,.T.);
#4194 = EDGE_LOOP('',(#4195,#4196,#4197,#4198));
#4195 = ORIENTED_EDGE('',*,*,#4009,.T.);
#4196 = ORIENTED_EDGE('',*,*,#4033,.F.);
#4197 = ORIENTED_EDGE('',*,*,#4050,.F.);
#4198 = ORIENTED_EDGE('',*,*,#3985,.T.);
#4199 = PLANE('',#4200);
#4200 = AXIS2_PLACEMENT_3D('',#4201,#4202,#4203);
#4201 = CARTESIAN_POINT('',(-0.32,-7.94,8.54));
#4202 = DIRECTION('',(0.,0.,1.));
#4203 = DIRECTION('',(1.,0.,-0.));
#4204 = ( GEOMETRIC_REPRESENTATION_CONTEXT(3) 
GLOBAL_UNCERTAINTY_ASSIGNED_CONTEXT((#4208)) 
GLOBAL_UNIT_ASSIGNED_CONTEXT((#4205,#4206,#4207)) REPRESENTATION_CONTEXT
('Context #1','3D Context with UNIT and UNCERTAINTY') );
#4205 = ( LENGTH_UNIT() NAMED_UNIT(*) SI_UNIT(.MILLI.,.METRE.) );
#4206 = ( NAMED_UNIT(*) PLANE_ANGLE_UNIT() SI_UNIT($,.RADIAN.) );
#4207 = ( NAMED_UNIT(*) SI_UNIT($,.STERADIAN.) SOLID_ANGLE_UNIT() );
#4208 = UNCERTAINTY_MEASURE_WITH_UNIT(LENGTH_MEASURE(1.E-07),#4205,
  'distance_accuracy_value','confusion accuracy');
#4209 = CONTEXT_DEPENDENT_SHAPE_REPRESENTATION(#4210,#4212);
#4210 = ( REPRESENTATION_RELATIONSHIP('','',#75,#52) 
REPRESENTATION_RELATIONSHIP_WITH_TRANSFORMATION(#4211) 
SHAPE_REPRESENTATION_RELATIONSHIP() );
#4211 = ITEM_DEFINED_TRANSFORMATION('','',#11,#53);
#4212 = PRODUCT_DEFINITION_SHAPE('Placement','Placement of an item',
  #4213);
#4213 = NEXT_ASSEMBLY_USAGE_OCCURRENCE('1','=>[0:1:1:3]','',#47,#70,$);
#4214 = PRODUCT_RELATED_PRODUCT_CATEGORY('part',$,(#72));
#4215 = SHAPE_DEFINITION_REPRESENTATION(#4216,#4222);
#4216 = PRODUCT_DEFINITION_SHAPE('','',#4217);
#4217 = PRODUCT_DEFINITION('design','',#4218,#4221);
#4218 = PRODUCT_DEFINITION_FORMATION('','',#4219);
#4219 = PRODUCT('TO-92_Inline','TO-92_Inline','',(#4220));
#4220 = PRODUCT_CONTEXT('',#2,'mechanical');
#4221 = PRODUCT_DEFINITION_CONTEXT('part definition',#2,'design');
#4222 = SHAPE_REPRESENTATION('',(#11,#4223),#4227);
#4223 = AXIS2_PLACEMENT_3D('',#4224,#4225,#4226);
#4224 = CARTESIAN_POINT('',(0.,0.,0.));
#4225 = DIRECTION('',(0.,0.,1.));
#4226 = DIRECTION('',(1.,0.,-0.));
#4227 = ( GEOMETRIC_REPRESENTATION_CONTEXT(3) 
GLOBAL_UNCERTAINTY_ASSIGNED_CONTEXT((#4231)) 
GLOBAL_UNIT_ASSIGNED_CONTEXT((#4228,#4229,#4230)) REPRESENTATION_CONTEXT
('Context #1','3D Context with UNIT and UNCERTAINTY') );
#4228 = ( LENGTH_UNIT() NAMED_UNIT(*) SI_UNIT(.MILLI.,.METRE.) );
#4229 = ( NAMED_UNIT(*) PLANE_ANGLE_UNIT() SI_UNIT($,.RADIAN.) );
#4230 = ( NAMED_UNIT(*) SI_UNIT($,.STERADIAN.) SOLID_ANGLE_UNIT() );
#4231 = UNCERTAINTY_MEASURE_WITH_UNIT(LENGTH_MEASURE(1.E-07),#4228,
  'distance_accuracy_value','confusion accuracy');
#4232 = CONTEXT_DEPENDENT_SHAPE_REPRESENTATION(#4233,#4235);
#4233 = ( REPRESENTATION_RELATIONSHIP('','',#4222,#10) 
REPRESENTATION_RELATIONSHIP_WITH_TRANSFORMATION(#4234) 
SHAPE_REPRESENTATION_RELATIONSHIP() );
#4234 = ITEM_DEFINED_TRANSFORMATION('','',#11,#19);
#4235 = PRODUCT_DEFINITION_SHAPE('Placement','Placement of an item',
  #4236);
#4236 = NEXT_ASSEMBLY_USAGE_OCCURRENCE('4','U1','',#5,#4217,$);
#4237 = PRODUCT_RELATED_PRODUCT_CATEGORY('part',$,(#4219));
#4238 = SHAPE_DEFINITION_REPRESENTATION(#4239,#4245);
#4239 = PRODUCT_DEFINITION_SHAPE('','',#4240);
#4240 = PRODUCT_DEFINITION('design','',#4241,#4244);
#4241 = PRODUCT_DEFINITION_FORMATION('','',#4242);
#4242 = PRODUCT('TO-92_Inline_Narrow','TO-92_Inline_Narrow','',(#4243));
#4243 = PRODUCT_CONTEXT('',#2,'mechanical');
#4244 = PRODUCT_DEFINITION_CONTEXT('part definition',#2,'design');
#4245 = ADVANCED_BREP_SHAPE_REPRESENTATION('',(#11,#4246),#4758);
#4246 = MANIFOLD_SOLID_BREP('',#4247);
#4247 = CLOSED_SHELL('',(#4248,#4288,#4312,#4424,#4434,#4465,#4489,#4513
    ,#4530,#4561,#4585,#4609,#4626,#4657,#4681,#4705,#4722,#4734,#4746)
  );
#4248 = ADVANCED_FACE('',(#4249),#4283,.F.);
#4249 = FACE_BOUND('',#4250,.F.);
#4250 = EDGE_LOOP('',(#4251,#4261,#4269,#4277));
#4251 = ORIENTED_EDGE('',*,*,#4252,.T.);
#4252 = EDGE_CURVE('',#4253,#4255,#4257,.T.);
#4253 = VERTEX_POINT('',#4254);
#4254 = CARTESIAN_POINT('',(-0.745769083998,-1.33,2.5));
#4255 = VERTEX_POINT('',#4256);
#4256 = CARTESIAN_POINT('',(-0.745769083998,-1.33,7.3));
#4257 = LINE('',#4258,#4259);
#4258 = CARTESIAN_POINT('',(-0.745769083998,-1.33,2.5));
#4259 = VECTOR('',#4260,1.);
#4260 = DIRECTION('',(0.,0.,1.));
#4261 = ORIENTED_EDGE('',*,*,#4262,.T.);
#4262 = EDGE_CURVE('',#4255,#4263,#4265,.T.);
#4263 = VERTEX_POINT('',#4264);
#4264 = CARTESIAN_POINT('',(3.285769083998,-1.33,7.3));
#4265 = LINE('',#4266,#4267);
#4266 = CARTESIAN_POINT('',(-0.745769083998,-1.33,7.3));
#4267 = VECTOR('',#4268,1.);
#4268 = DIRECTION('',(1.,0.,0.));
#4269 = ORIENTED_EDGE('',*,*,#4270,.F.);
#4270 = EDGE_CURVE('',#4271,#4263,#4273,.T.);
#4271 = VERTEX_POINT('',#4272);
#4272 = CARTESIAN_POINT('',(3.285769083998,-1.33,2.5));
#4273 = LINE('',#4274,#4275);
#4274 = CARTESIAN_POINT('',(3.285769083998,-1.33,2.5));
#4275 = VECTOR('',#4276,1.);
#4276 = DIRECTION('',(0.,0.,1.));
#4277 = ORIENTED_EDGE('',*,*,#4278,.F.);
#4278 = EDGE_CURVE('',#4253,#4271,#4279,.T.);
#4279 = LINE('',#4280,#4281);
#4280 = CARTESIAN_POINT('',(-0.745769083998,-1.33,2.5));
#4281 = VECTOR('',#4282,1.);
#4282 = DIRECTION('',(1.,0.,0.));
#4283 = PLANE('',#4284);
#4284 = AXIS2_PLACEMENT_3D('',#4285,#4286,#4287);
#4285 = CARTESIAN_POINT('',(-0.745769083998,-1.33,2.5));
#4286 = DIRECTION('',(0.,1.,0.));
#4287 = DIRECTION('',(1.,0.,0.));
#4288 = ADVANCED_FACE('',(#4289),#4307,.T.);
#4289 = FACE_BOUND('',#4290,.T.);
#4290 = EDGE_LOOP('',(#4291,#4298,#4299,#4306));
#4291 = ORIENTED_EDGE('',*,*,#4292,.T.);
#4292 = EDGE_CURVE('',#4271,#4253,#4293,.T.);
#4293 = CIRCLE('',#4294,2.415);
#4294 = AXIS2_PLACEMENT_3D('',#4295,#4296,#4297);
#4295 = CARTESIAN_POINT('',(1.27,0.,2.5));
#4296 = DIRECTION('',(0.,0.,1.));
#4297 = DIRECTION('',(1.,0.,-0.));
#4298 = ORIENTED_EDGE('',*,*,#4252,.T.);
#4299 = ORIENTED_EDGE('',*,*,#4300,.F.);
#4300 = EDGE_CURVE('',#4263,#4255,#4301,.T.);
#4301 = CIRCLE('',#4302,2.415);
#4302 = AXIS2_PLACEMENT_3D('',#4303,#4304,#4305);
#4303 = CARTESIAN_POINT('',(1.27,0.,7.3));
#4304 = DIRECTION('',(0.,0.,1.));
#4305 = DIRECTION('',(1.,0.,-0.));
#4306 = ORIENTED_EDGE('',*,*,#4270,.F.);
#4307 = CYLINDRICAL_SURFACE('',#4308,2.415);
#4308 = AXIS2_PLACEMENT_3D('',#4309,#4310,#4311);
#4309 = CARTESIAN_POINT('',(1.27,0.,2.5));
#4310 = DIRECTION('',(-0.,-0.,-1.));
#4311 = DIRECTION('',(1.,0.,0.));
#4312 = ADVANCED_FACE('',(#4313,#4317,#4351,#4385),#4419,.T.);
#4313 = FACE_BOUND('',#4314,.T.);
#4314 = EDGE_LOOP('',(#4315,#4316));
#4315 = ORIENTED_EDGE('',*,*,#4278,.F.);
#4316 = ORIENTED_EDGE('',*,*,#4292,.F.);
#4317 = FACE_BOUND('',#4318,.T.);
#4318 = EDGE_LOOP('',(#4319,#4329,#4337,#4345));
#4319 = ORIENTED_EDGE('',*,*,#4320,.F.);
#4320 = EDGE_CURVE('',#4321,#4323,#4325,.T.);
#4321 = VERTEX_POINT('',#4322);
#4322 = CARTESIAN_POINT('',(1.51,-0.19,2.5));
#4323 = VERTEX_POINT('',#4324);
#4324 = CARTESIAN_POINT('',(1.03,-0.19,2.5));
#4325 = LINE('',#4326,#4327);
#4326 = CARTESIAN_POINT('',(1.51,-0.19,2.5));
#4327 = VECTOR('',#4328,1.);
#4328 = DIRECTION('',(-1.,0.,0.));
#4329 = ORIENTED_EDGE('',*,*,#4330,.F.);
#4330 = EDGE_CURVE('',#4331,#4321,#4333,.T.);
#4331 = VERTEX_POINT('',#4332);
#4332 = CARTESIAN_POINT('',(1.51,0.19,2.5));
#4333 = LINE('',#4334,#4335);
#4334 = CARTESIAN_POINT('',(1.51,0.19,2.5));
#4335 = VECTOR('',#4336,1.);
#4336 = DIRECTION('',(0.,-1.,0.));
#4337 = ORIENTED_EDGE('',*,*,#4338,.F.);
#4338 = EDGE_CURVE('',#4339,#4331,#4341,.T.);
#4339 = VERTEX_POINT('',#4340);
#4340 = CARTESIAN_POINT('',(1.03,0.19,2.5));
#4341 = LINE('',#4342,#4343);
#4342 = CARTESIAN_POINT('',(1.03,0.19,2.5));
#4343 = VECTOR('',#4344,1.);
#4344 = DIRECTION('',(1.,0.,0.));
#4345 = ORIENTED_EDGE('',*,*,#4346,.F.);
#4346 = EDGE_CURVE('',#4323,#4339,#4347,.T.);
#4347 = LINE('',#4348,#4349);
#4348 = CARTESIAN_POINT('',(1.03,-0.19,2.5));
#4349 = VECTOR('',#4350,1.);
#4350 = DIRECTION('',(0.,1.,0.));
#4351 = FACE_BOUND('',#4352,.T.);
#4352 = EDGE_LOOP('',(#4353,#4363,#4371,#4379));
#4353 = ORIENTED_EDGE('',*,*,#4354,.F.);
#4354 = EDGE_CURVE('',#4355,#4357,#4359,.T.);
#4355 = VERTEX_POINT('',#4356);
#4356 = CARTESIAN_POINT('',(0.24,-0.19,2.5));
#4357 = VERTEX_POINT('',#4358);
#4358 = CARTESIAN_POINT('',(-0.24,-0.19,2.5));
#4359 = LINE('',#4360,#4361);
#4360 = CARTESIAN_POINT('',(0.24,-0.19,2.5));
#4361 = VECTOR('',#4362,1.);
#4362 = DIRECTION('',(-1.,0.,0.));
#4363 = ORIENTED_EDGE('',*,*,#4364,.F.);
#4364 = EDGE_CURVE('',#4365,#4355,#4367,.T.);
#4365 = VERTEX_POINT('',#4366);
#4366 = CARTESIAN_POINT('',(0.24,0.19,2.5));
#4367 = LINE('',#4368,#4369);
#4368 = CARTESIAN_POINT('',(0.24,0.19,2.5));
#4369 = VECTOR('',#4370,1.);
#4370 = DIRECTION('',(0.,-1.,0.));
#4371 = ORIENTED_EDGE('',*,*,#4372,.F.);
#4372 = EDGE_CURVE('',#4373,#4365,#4375,.T.);
#4373 = VERTEX_POINT('',#4374);
#4374 = CARTESIAN_POINT('',(-0.24,0.19,2.5));
#4375 = LINE('',#4376,#4377);
#4376 = CARTESIAN_POINT('',(-0.24,0.19,2.5));
#4377 = VECTOR('',#4378,1.);
#4378 = DIRECTION('',(1.,0.,0.));
#4379 = ORIENTED_EDGE('',*,*,#4380,.F.);
#4380 = EDGE_CURVE('',#4357,#4373,#4381,.T.);
#4381 = LINE('',#4382,#4383);
#4382 = CARTESIAN_POINT('',(-0.24,-0.19,2.5));
#4383 = VECTOR('',#4384,1.);
#4384 = DIRECTION('',(0.,1.,0.));
#4385 = FACE_BOUND('',#4386,.T.);
#4386 = EDGE_LOOP('',(#4387,#4397,#4405,#4413));
#4387 = ORIENTED_EDGE('',*,*,#4388,.F.);
#4388 = EDGE_CURVE('',#4389,#4391,#4393,.T.);
#4389 = VERTEX_POINT('',#4390);
#4390 = CARTESIAN_POINT('',(2.78,0.19,2.5));
#4391 = VERTEX_POINT('',#4392);
#4392 = CARTESIAN_POINT('',(2.78,-0.19,2.5));
#4393 = LINE('',#4394,#4395);
#4394 = CARTESIAN_POINT('',(2.78,0.19,2.5));
#4395 = VECTOR('',#4396,1.);
#4396 = DIRECTION('',(0.,-1.,0.));
#4397 = ORIENTED_EDGE('',*,*,#4398,.F.);
#4398 = EDGE_CURVE('',#4399,#4389,#4401,.T.);
#4399 = VERTEX_POINT('',#4400);
#4400 = CARTESIAN_POINT('',(2.3,0.19,2.5));
#4401 = LINE('',#4402,#4403);
#4402 = CARTESIAN_POINT('',(2.3,0.19,2.5));
#4403 = VECTOR('',#4404,1.);
#4404 = DIRECTION('',(1.,0.,0.));
#4405 = ORIENTED_EDGE('',*,*,#4406,.F.);
#4406 = EDGE_CURVE('',#4407,#4399,#4409,.T.);
#4407 = VERTEX_POINT('',#4408);
#4408 = CARTESIAN_POINT('',(2.3,-0.19,2.5));
#4409 = LINE('',#4410,#4411);
#4410 = CARTESIAN_POINT('',(2.3,-0.19,2.5));
#4411 = VECTOR('',#4412,1.);
#4412 = DIRECTION('',(0.,1.,0.));
#4413 = ORIENTED_EDGE('',*,*,#4414,.F.);
#4414 = EDGE_CURVE('',#4391,#4407,#4415,.T.);
#4415 = LINE('',#4416,#4417);
#4416 = CARTESIAN_POINT('',(2.78,-0.19,2.5));
#4417 = VECTOR('',#4418,1.);
#4418 = DIRECTION('',(-1.,0.,0.));
#4419 = PLANE('',#4420);
#4420 = AXIS2_PLACEMENT_3D('',#4421,#4422,#4423);
#4421 = CARTESIAN_POINT('',(-0.745769083998,-1.33,2.5));
#4422 = DIRECTION('',(0.,0.,-1.));
#4423 = DIRECTION('',(-1.,0.,0.));
#4424 = ADVANCED_FACE('',(#4425),#4429,.F.);
#4425 = FACE_BOUND('',#4426,.T.);
#4426 = EDGE_LOOP('',(#4427,#4428));
#4427 = ORIENTED_EDGE('',*,*,#4262,.T.);
#4428 = ORIENTED_EDGE('',*,*,#4300,.T.);
#4429 = PLANE('',#4430);
#4430 = AXIS2_PLACEMENT_3D('',#4431,#4432,#4433);
#4431 = CARTESIAN_POINT('',(-0.745769083998,-1.33,7.3));
#4432 = DIRECTION('',(0.,0.,-1.));
#4433 = DIRECTION('',(-1.,0.,0.));
#4434 = ADVANCED_FACE('',(#4435),#4460,.F.);
#4435 = FACE_BOUND('',#4436,.F.);
#4436 = EDGE_LOOP('',(#4437,#4445,#4453,#4459));
#4437 = ORIENTED_EDGE('',*,*,#4438,.T.);
#4438 = EDGE_CURVE('',#4321,#4439,#4441,.T.);
#4439 = VERTEX_POINT('',#4440);
#4440 = CARTESIAN_POINT('',(1.51,-0.19,-2.5));
#4441 = LINE('',#4442,#4443);
#4442 = CARTESIAN_POINT('',(1.51,-0.19,2.5));
#4443 = VECTOR('',#4444,1.);
#4444 = DIRECTION('',(-0.,-0.,-1.));
#4445 = ORIENTED_EDGE('',*,*,#4446,.T.);
#4446 = EDGE_CURVE('',#4439,#4447,#4449,.T.);
#4447 = VERTEX_POINT('',#4448);
#4448 = CARTESIAN_POINT('',(1.03,-0.19,-2.5));
#4449 = LINE('',#4450,#4451);
#4450 = CARTESIAN_POINT('',(1.51,-0.19,-2.5));
#4451 = VECTOR('',#4452,1.);
#4452 = DIRECTION('',(-1.,0.,0.));
#4453 = ORIENTED_EDGE('',*,*,#4454,.F.);
#4454 = EDGE_CURVE('',#4323,#4447,#4455,.T.);
#4455 = LINE('',#4456,#4457);
#4456 = CARTESIAN_POINT('',(1.03,-0.19,2.5));
#4457 = VECTOR('',#4458,1.);
#4458 = DIRECTION('',(-0.,-0.,-1.));
#4459 = ORIENTED_EDGE('',*,*,#4320,.F.);
#4460 = PLANE('',#4461);
#4461 = AXIS2_PLACEMENT_3D('',#4462,#4463,#4464);
#4462 = CARTESIAN_POINT('',(1.51,-0.19,2.5));
#4463 = DIRECTION('',(0.,1.,0.));
#4464 = DIRECTION('',(-1.,0.,0.));
#4465 = ADVANCED_FACE('',(#4466),#4484,.F.);
#4466 = FACE_BOUND('',#4467,.F.);
#4467 = EDGE_LOOP('',(#4468,#4469,#4477,#4483));
#4468 = ORIENTED_EDGE('',*,*,#4454,.T.);
#4469 = ORIENTED_EDGE('',*,*,#4470,.T.);
#4470 = EDGE_CURVE('',#4447,#4471,#4473,.T.);
#4471 = VERTEX_POINT('',#4472);
#4472 = CARTESIAN_POINT('',(1.03,0.19,-2.5));
#4473 = LINE('',#4474,#4475);
#4474 = CARTESIAN_POINT('',(1.03,-0.19,-2.5));
#4475 = VECTOR('',#4476,1.);
#4476 = DIRECTION('',(0.,1.,0.));
#4477 = ORIENTED_EDGE('',*,*,#4478,.F.);
#4478 = EDGE_CURVE('',#4339,#4471,#4479,.T.);
#4479 = LINE('',#4480,#4481);
#4480 = CARTESIAN_POINT('',(1.03,0.19,2.5));
#4481 = VECTOR('',#4482,1.);
#4482 = DIRECTION('',(-0.,-0.,-1.));
#4483 = ORIENTED_EDGE('',*,*,#4346,.F.);
#4484 = PLANE('',#4485);
#4485 = AXIS2_PLACEMENT_3D('',#4486,#4487,#4488);
#4486 = CARTESIAN_POINT('',(1.03,-0.19,2.5));
#4487 = DIRECTION('',(1.,0.,0.));
#4488 = DIRECTION('',(-0.,1.,0.));
#4489 = ADVANCED_FACE('',(#4490),#4508,.F.);
#4490 = FACE_BOUND('',#4491,.F.);
#4491 = EDGE_LOOP('',(#4492,#4493,#4501,#4507));
#4492 = ORIENTED_EDGE('',*,*,#4478,.T.);
#4493 = ORIENTED_EDGE('',*,*,#4494,.T.);
#4494 = EDGE_CURVE('',#4471,#4495,#4497,.T.);
#4495 = VERTEX_POINT('',#4496);
#4496 = CARTESIAN_POINT('',(1.51,0.19,-2.5));
#4497 = LINE('',#4498,#4499);
#4498 = CARTESIAN_POINT('',(1.03,0.19,-2.5));
#4499 = VECTOR('',#4500,1.);
#4500 = DIRECTION('',(1.,0.,0.));
#4501 = ORIENTED_EDGE('',*,*,#4502,.F.);
#4502 = EDGE_CURVE('',#4331,#4495,#4503,.T.);
#4503 = LINE('',#4504,#4505);
#4504 = CARTESIAN_POINT('',(1.51,0.19,2.5));
#4505 = VECTOR('',#4506,1.);
#4506 = DIRECTION('',(-0.,-0.,-1.));
#4507 = ORIENTED_EDGE('',*,*,#4338,.F.);
#4508 = PLANE('',#4509);
#4509 = AXIS2_PLACEMENT_3D('',#4510,#4511,#4512);
#4510 = CARTESIAN_POINT('',(1.03,0.19,2.5));
#4511 = DIRECTION('',(0.,-1.,0.));
#4512 = DIRECTION('',(1.,0.,0.));
#4513 = ADVANCED_FACE('',(#4514),#4525,.F.);
#4514 = FACE_BOUND('',#4515,.F.);
#4515 = EDGE_LOOP('',(#4516,#4517,#4523,#4524));
#4516 = ORIENTED_EDGE('',*,*,#4502,.T.);
#4517 = ORIENTED_EDGE('',*,*,#4518,.T.);
#4518 = EDGE_CURVE('',#4495,#4439,#4519,.T.);
#4519 = LINE('',#4520,#4521);
#4520 = CARTESIAN_POINT('',(1.51,0.19,-2.5));
#4521 = VECTOR('',#4522,1.);
#4522 = DIRECTION('',(0.,-1.,0.));
#4523 = ORIENTED_EDGE('',*,*,#4438,.F.);
#4524 = ORIENTED_EDGE('',*,*,#4330,.F.);
#4525 = PLANE('',#4526);
#4526 = AXIS2_PLACEMENT_3D('',#4527,#4528,#4529);
#4527 = CARTESIAN_POINT('',(1.51,0.19,2.5));
#4528 = DIRECTION('',(-1.,0.,0.));
#4529 = DIRECTION('',(0.,-1.,0.));
#4530 = ADVANCED_FACE('',(#4531),#4556,.F.);
#4531 = FACE_BOUND('',#4532,.F.);
#4532 = EDGE_LOOP('',(#4533,#4541,#4549,#4555));
#4533 = ORIENTED_EDGE('',*,*,#4534,.T.);
#4534 = EDGE_CURVE('',#4355,#4535,#4537,.T.);
#4535 = VERTEX_POINT('',#4536);
#4536 = CARTESIAN_POINT('',(0.24,-0.19,-2.5));
#4537 = LINE('',#4538,#4539);
#4538 = CARTESIAN_POINT('',(0.24,-0.19,2.5));
#4539 = VECTOR('',#4540,1.);
#4540 = DIRECTION('',(-0.,-0.,-1.));
#4541 = ORIENTED_EDGE('',*,*,#4542,.T.);
#4542 = EDGE_CURVE('',#4535,#4543,#4545,.T.);
#4543 = VERTEX_POINT('',#4544);
#4544 = CARTESIAN_POINT('',(-0.24,-0.19,-2.5));
#4545 = LINE('',#4546,#4547);
#4546 = CARTESIAN_POINT('',(0.24,-0.19,-2.5));
#4547 = VECTOR('',#4548,1.);
#4548 = DIRECTION('',(-1.,0.,0.));
#4549 = ORIENTED_EDGE('',*,*,#4550,.F.);
#4550 = EDGE_CURVE('',#4357,#4543,#4551,.T.);
#4551 = LINE('',#4552,#4553);
#4552 = CARTESIAN_POINT('',(-0.24,-0.19,2.5));
#4553 = VECTOR('',#4554,1.);
#4554 = DIRECTION('',(-0.,-0.,-1.));
#4555 = ORIENTED_EDGE('',*,*,#4354,.F.);
#4556 = PLANE('',#4557);
#4557 = AXIS2_PLACEMENT_3D('',#4558,#4559,#4560);
#4558 = CARTESIAN_POINT('',(0.24,-0.19,2.5));
#4559 = DIRECTION('',(0.,1.,0.));
#4560 = DIRECTION('',(-1.,0.,0.));
#4561 = ADVANCED_FACE('',(#4562),#4580,.F.);
#4562 = FACE_BOUND('',#4563,.F.);
#4563 = EDGE_LOOP('',(#4564,#4565,#4573,#4579));
#4564 = ORIENTED_EDGE('',*,*,#4550,.T.);
#4565 = ORIENTED_EDGE('',*,*,#4566,.T.);
#4566 = EDGE_CURVE('',#4543,#4567,#4569,.T.);
#4567 = VERTEX_POINT('',#4568);
#4568 = CARTESIAN_POINT('',(-0.24,0.19,-2.5));
#4569 = LINE('',#4570,#4571);
#4570 = CARTESIAN_POINT('',(-0.24,-0.19,-2.5));
#4571 = VECTOR('',#4572,1.);
#4572 = DIRECTION('',(0.,1.,0.));
#4573 = ORIENTED_EDGE('',*,*,#4574,.F.);
#4574 = EDGE_CURVE('',#4373,#4567,#4575,.T.);
#4575 = LINE('',#4576,#4577);
#4576 = CARTESIAN_POINT('',(-0.24,0.19,2.5));
#4577 = VECTOR('',#4578,1.);
#4578 = DIRECTION('',(-0.,-0.,-1.));
#4579 = ORIENTED_EDGE('',*,*,#4380,.F.);
#4580 = PLANE('',#4581);
#4581 = AXIS2_PLACEMENT_3D('',#4582,#4583,#4584);
#4582 = CARTESIAN_POINT('',(-0.24,-0.19,2.5));
#4583 = DIRECTION('',(1.,0.,0.));
#4584 = DIRECTION('',(-0.,1.,0.));
#4585 = ADVANCED_FACE('',(#4586),#4604,.F.);
#4586 = FACE_BOUND('',#4587,.F.);
#4587 = EDGE_LOOP('',(#4588,#4589,#4597,#4603));
#4588 = ORIENTED_EDGE('',*,*,#4574,.T.);
#4589 = ORIENTED_EDGE('',*,*,#4590,.T.);
#4590 = EDGE_CURVE('',#4567,#4591,#4593,.T.);
#4591 = VERTEX_POINT('',#4592);
#4592 = CARTESIAN_POINT('',(0.24,0.19,-2.5));
#4593 = LINE('',#4594,#4595);
#4594 = CARTESIAN_POINT('',(-0.24,0.19,-2.5));
#4595 = VECTOR('',#4596,1.);
#4596 = DIRECTION('',(1.,0.,0.));
#4597 = ORIENTED_EDGE('',*,*,#4598,.F.);
#4598 = EDGE_CURVE('',#4365,#4591,#4599,.T.);
#4599 = LINE('',#4600,#4601);
#4600 = CARTESIAN_POINT('',(0.24,0.19,2.5));
#4601 = VECTOR('',#4602,1.);
#4602 = DIRECTION('',(-0.,-0.,-1.));
#4603 = ORIENTED_EDGE('',*,*,#4372,.F.);
#4604 = PLANE('',#4605);
#4605 = AXIS2_PLACEMENT_3D('',#4606,#4607,#4608);
#4606 = CARTESIAN_POINT('',(-0.24,0.19,2.5));
#4607 = DIRECTION('',(0.,-1.,0.));
#4608 = DIRECTION('',(1.,0.,0.));
#4609 = ADVANCED_FACE('',(#4610),#4621,.F.);
#4610 = FACE_BOUND('',#4611,.F.);
#4611 = EDGE_LOOP('',(#4612,#4613,#4619,#4620));
#4612 = ORIENTED_EDGE('',*,*,#4598,.T.);
#4613 = ORIENTED_EDGE('',*,*,#4614,.T.);
#4614 = EDGE_CURVE('',#4591,#4535,#4615,.T.);
#4615 = LINE('',#4616,#4617);
#4616 = CARTESIAN_POINT('',(0.24,0.19,-2.5));
#4617 = VECTOR('',#4618,1.);
#4618 = DIRECTION('',(0.,-1.,0.));
#4619 = ORIENTED_EDGE('',*,*,#4534,.F.);
#4620 = ORIENTED_EDGE('',*,*,#4364,.F.);
#4621 = PLANE('',#4622);
#4622 = AXIS2_PLACEMENT_3D('',#4623,#4624,#4625);
#4623 = CARTESIAN_POINT('',(0.24,0.19,2.5));
#4624 = DIRECTION('',(-1.,0.,0.));
#4625 = DIRECTION('',(0.,-1.,0.));
#4626 = ADVANCED_FACE('',(#4627),#4652,.F.);
#4627 = FACE_BOUND('',#4628,.F.);
#4628 = EDGE_LOOP('',(#4629,#4637,#4645,#4651));
#4629 = ORIENTED_EDGE('',*,*,#4630,.T.);
#4630 = EDGE_CURVE('',#4389,#4631,#4633,.T.);
#4631 = VERTEX_POINT('',#4632);
#4632 = CARTESIAN_POINT('',(2.78,0.19,-2.5));
#4633 = LINE('',#4634,#4635);
#4634 = CARTESIAN_POINT('',(2.78,0.19,2.5));
#4635 = VECTOR('',#4636,1.);
#4636 = DIRECTION('',(-0.,-0.,-1.));
#4637 = ORIENTED_EDGE('',*,*,#4638,.T.);
#4638 = EDGE_CURVE('',#4631,#4639,#4641,.T.);
#4639 = VERTEX_POINT('',#4640);
#4640 = CARTESIAN_POINT('',(2.78,-0.19,-2.5));
#4641 = LINE('',#4642,#4643);
#4642 = CARTESIAN_POINT('',(2.78,0.19,-2.5));
#4643 = VECTOR('',#4644,1.);
#4644 = DIRECTION('',(0.,-1.,0.));
#4645 = ORIENTED_EDGE('',*,*,#4646,.F.);
#4646 = EDGE_CURVE('',#4391,#4639,#4647,.T.);
#4647 = LINE('',#4648,#4649);
#4648 = CARTESIAN_POINT('',(2.78,-0.19,2.5));
#4649 = VECTOR('',#4650,1.);
#4650 = DIRECTION('',(-0.,-0.,-1.));
#4651 = ORIENTED_EDGE('',*,*,#4388,.F.);
#4652 = PLANE('',#4653);
#4653 = AXIS2_PLACEMENT_3D('',#4654,#4655,#4656);
#4654 = CARTESIAN_POINT('',(2.78,0.19,2.5));
#4655 = DIRECTION('',(-1.,0.,0.));
#4656 = DIRECTION('',(0.,-1.,0.));
#4657 = ADVANCED_FACE('',(#4658),#4676,.F.);
#4658 = FACE_BOUND('',#4659,.F.);
#4659 = EDGE_LOOP('',(#4660,#4661,#4669,#4675));
#4660 = ORIENTED_EDGE('',*,*,#4646,.T.);
#4661 = ORIENTED_EDGE('',*,*,#4662,.T.);
#4662 = EDGE_CURVE('',#4639,#4663,#4665,.T.);
#4663 = VERTEX_POINT('',#4664);
#4664 = CARTESIAN_POINT('',(2.3,-0.19,-2.5));
#4665 = LINE('',#4666,#4667);
#4666 = CARTESIAN_POINT('',(2.78,-0.19,-2.5));
#4667 = VECTOR('',#4668,1.);
#4668 = DIRECTION('',(-1.,0.,0.));
#4669 = ORIENTED_EDGE('',*,*,#4670,.F.);
#4670 = EDGE_CURVE('',#4407,#4663,#4671,.T.);
#4671 = LINE('',#4672,#4673);
#4672 = CARTESIAN_POINT('',(2.3,-0.19,2.5));
#4673 = VECTOR('',#4674,1.);
#4674 = DIRECTION('',(-0.,-0.,-1.));
#4675 = ORIENTED_EDGE('',*,*,#4414,.F.);
#4676 = PLANE('',#4677);
#4677 = AXIS2_PLACEMENT_3D('',#4678,#4679,#4680);
#4678 = CARTESIAN_POINT('',(2.78,-0.19,2.5));
#4679 = DIRECTION('',(0.,1.,0.));
#4680 = DIRECTION('',(-1.,0.,0.));
#4681 = ADVANCED_FACE('',(#4682),#4700,.F.);
#4682 = FACE_BOUND('',#4683,.F.);
#4683 = EDGE_LOOP('',(#4684,#4685,#4693,#4699));
#4684 = ORIENTED_EDGE('',*,*,#4670,.T.);
#4685 = ORIENTED_EDGE('',*,*,#4686,.T.);
#4686 = EDGE_CURVE('',#4663,#4687,#4689,.T.);
#4687 = VERTEX_POINT('',#4688);
#4688 = CARTESIAN_POINT('',(2.3,0.19,-2.5));
#4689 = LINE('',#4690,#4691);
#4690 = CARTESIAN_POINT('',(2.3,-0.19,-2.5));
#4691 = VECTOR('',#4692,1.);
#4692 = DIRECTION('',(0.,1.,0.));
#4693 = ORIENTED_EDGE('',*,*,#4694,.F.);
#4694 = EDGE_CURVE('',#4399,#4687,#4695,.T.);
#4695 = LINE('',#4696,#4697);
#4696 = CARTESIAN_POINT('',(2.3,0.19,2.5));
#4697 = VECTOR('',#4698,1.);
#4698 = DIRECTION('',(-0.,-0.,-1.));
#4699 = ORIENTED_EDGE('',*,*,#4406,.F.);
#4700 = PLANE('',#4701);
#4701 = AXIS2_PLACEMENT_3D('',#4702,#4703,#4704);
#4702 = CARTESIAN_POINT('',(2.3,-0.19,2.5));
#4703 = DIRECTION('',(1.,0.,0.));
#4704 = DIRECTION('',(-0.,1.,0.));
#4705 = ADVANCED_FACE('',(#4706),#4717,.F.);
#4706 = FACE_BOUND('',#4707,.F.);
#4707 = EDGE_LOOP('',(#4708,#4709,#4715,#4716));
#4708 = ORIENTED_EDGE('',*,*,#4694,.T.);
#4709 = ORIENTED_EDGE('',*,*,#4710,.T.);
#4710 = EDGE_CURVE('',#4687,#4631,#4711,.T.);
#4711 = LINE('',#4712,#4713);
#4712 = CARTESIAN_POINT('',(2.3,0.19,-2.5));
#4713 = VECTOR('',#4714,1.);
#4714 = DIRECTION('',(1.,0.,0.));
#4715 = ORIENTED_EDGE('',*,*,#4630,.F.);
#4716 = ORIENTED_EDGE('',*,*,#4398,.F.);
#4717 = PLANE('',#4718);
#4718 = AXIS2_PLACEMENT_3D('',#4719,#4720,#4721);
#4719 = CARTESIAN_POINT('',(2.3,0.19,2.5));
#4720 = DIRECTION('',(0.,-1.,0.));
#4721 = DIRECTION('',(1.,0.,0.));
#4722 = ADVANCED_FACE('',(#4723),#4729,.F.);
#4723 = FACE_BOUND('',#4724,.T.);
#4724 = EDGE_LOOP('',(#4725,#4726,#4727,#4728));
#4725 = ORIENTED_EDGE('',*,*,#4494,.T.);
#4726 = ORIENTED_EDGE('',*,*,#4518,.T.);
#4727 = ORIENTED_EDGE('',*,*,#4446,.T.);
#4728 = ORIENTED_EDGE('',*,*,#4470,.T.);
#4729 = PLANE('',#4730);
#4730 = AXIS2_PLACEMENT_3D('',#4731,#4732,#4733);
#4731 = CARTESIAN_POINT('',(1.03,0.19,-2.5));
#4732 = DIRECTION('',(0.,0.,1.));
#4733 = DIRECTION('',(1.,0.,-0.));
#4734 = ADVANCED_FACE('',(#4735),#4741,.F.);
#4735 = FACE_BOUND('',#4736,.T.);
#4736 = EDGE_LOOP('',(#4737,#4738,#4739,#4740));
#4737 = ORIENTED_EDGE('',*,*,#4590,.T.);
#4738 = ORIENTED_EDGE('',*,*,#4614,.T.);
#4739 = ORIENTED_EDGE('',*,*,#4542,.T.);
#4740 = ORIENTED_EDGE('',*,*,#4566,.T.);
#4741 = PLANE('',#4742);
#4742 = AXIS2_PLACEMENT_3D('',#4743,#4744,#4745);
#4743 = CARTESIAN_POINT('',(-0.24,0.19,-2.5));
#4744 = DIRECTION('',(0.,0.,1.));
#4745 = DIRECTION('',(1.,0.,-0.));
#4746 = ADVANCED_FACE('',(#4747),#4753,.F.);
#4747 = FACE_BOUND('',#4748,.T.);
#4748 = EDGE_LOOP('',(#4749,#4750,#4751,#4752));
#4749 = ORIENTED_EDGE('',*,*,#4710,.T.);
#4750 = ORIENTED_EDGE('',*,*,#4638,.T.);
#4751 = ORIENTED_EDGE('',*,*,#4662,.T.);
#4752 = ORIENTED_EDGE('',*,*,#4686,.T.);
#4753 = PLANE('',#4754);
#4754 = AXIS2_PLACEMENT_3D('',#4755,#4756,#4757);
#4755 = CARTESIAN_POINT('',(2.3,0.19,-2.5));
#4756 = DIRECTION('',(0.,0.,1.));
#4757 = DIRECTION('',(1.,0.,-0.));
#4758 = ( GEOMETRIC_REPRESENTATION_CONTEXT(3) 
GLOBAL_UNCERTAINTY_ASSIGNED_CONTEXT((#4762)) 
GLOBAL_UNIT_ASSIGNED_CONTEXT((#4759,#4760,#4761)) REPRESENTATION_CONTEXT
('Context #1','3D Context with UNIT and UNCERTAINTY') );
#4759 = ( LENGTH_UNIT() NAMED_UNIT(*) SI_UNIT(.MILLI.,.METRE.) );
#4760 = ( NAMED_UNIT(*) PLANE_ANGLE_UNIT() SI_UNIT($,.RADIAN.) );
#4761 = ( NAMED_UNIT(*) SI_UNIT($,.STERADIAN.) SOLID_ANGLE_UNIT() );
#4762 = UNCERTAINTY_MEASURE_WITH_UNIT(LENGTH_MEASURE(1.E-07),#4759,
  'distance_accuracy_value','confusion accuracy');
#4763 = CONTEXT_DEPENDENT_SHAPE_REPRESENTATION(#4764,#4766);
#4764 = ( REPRESENTATION_RELATIONSHIP('','',#4245,#4222) 
REPRESENTATION_RELATIONSHIP_WITH_TRANSFORMATION(#4765) 
SHAPE_REPRESENTATION_RELATIONSHIP() );
#4765 = ITEM_DEFINED_TRANSFORMATION('','',#11,#4223);
#4766 = PRODUCT_DEFINITION_SHAPE('Placement','Placement of an item',
  #4767);
#4767 = NEXT_ASSEMBLY_USAGE_OCCURRENCE('3','=>[0:1:1:5]','',#4217,#4240,
  $);
#4768 = PRODUCT_RELATED_PRODUCT_CATEGORY('part',$,(#4242));
#4769 = CONTEXT_DEPENDENT_SHAPE_REPRESENTATION(#4770,#4772);
#4770 = ( REPRESENTATION_RELATIONSHIP('','',#4222,#10) 
REPRESENTATION_RELATIONSHIP_WITH_TRANSFORMATION(#4771) 
SHAPE_REPRESENTATION_RELATIONSHIP() );
#4771 = ITEM_DEFINED_TRANSFORMATION('','',#11,#23);
#4772 = PRODUCT_DEFINITION_SHAPE('Placement','Placement of an item',
  #4773);
#4773 = NEXT_ASSEMBLY_USAGE_OCCURRENCE('5','U5','',#5,#4217,$);
#4774 = CONTEXT_DEPENDENT_SHAPE_REPRESENTATION(#4775,#4777);
#4775 = ( REPRESENTATION_RELATIONSHIP('','',#4222,#10) 
REPRESENTATION_RELATIONSHIP_WITH_TRANSFORMATION(#4776) 
SHAPE_REPRESENTATION_RELATIONSHIP() );
#4776 = ITEM_DEFINED_TRANSFORMATION('','',#11,#27);
#4777 = PRODUCT_DEFINITION_SHAPE('Placement','Placement of an item',
  #4778);
#4778 = NEXT_ASSEMBLY_USAGE_OCCURRENCE('6','U3','',#5,#4217,$);
#4779 = CONTEXT_DEPENDENT_SHAPE_REPRESENTATION(#4780,#4782);
#4780 = ( REPRESENTATION_RELATIONSHIP('','',#4222,#10) 
REPRESENTATION_RELATIONSHIP_WITH_TRANSFORMATION(#4781) 
SHAPE_REPRESENTATION_RELATIONSHIP() );
#4781 = ITEM_DEFINED_TRANSFORMATION('','',#11,#31);
#4782 = PRODUCT_DEFINITION_SHAPE('Placement','Placement of an item',
  #4783);
#4783 = NEXT_ASSEMBLY_USAGE_OCCURRENCE('7','U2','',#5,#4217,$);
#4784 = SHAPE_DEFINITION_REPRESENTATION(#4785,#4791);
#4785 = PRODUCT_DEFINITION_SHAPE('','',#4786);
#4786 = PRODUCT_DEFINITION('design','',#4787,#4790);
#4787 = PRODUCT_DEFINITION_FORMATION('','',#4788);
#4788 = PRODUCT('hall_carrier_pcb_PCB','hall_carrier_pcb_PCB','',(#4789)
  );
#4789 = PRODUCT_CONTEXT('',#2,'mechanical');
#4790 = PRODUCT_DEFINITION_CONTEXT('part definition',#2,'design');
#4791 = ADVANCED_BREP_SHAPE_REPRESENTATION('',(#11,#4792),#6076);
#4792 = MANIFOLD_SOLID_BREP('',#4793);
#4793 = CLOSED_SHELL('',(#4794,#4836,#4867,#4898,#5226,#5554,#5571,#5588
    ,#5605,#5622,#5639,#5656,#5673,#5690,#5702,#5719,#5736,#5753,#5770,
    #5787,#5804,#5821,#5838,#5855,#5872,#5889,#5906,#5923,#5940,#5957,
    #5974,#5991,#6008,#6025,#6042,#6059));
#4794 = ADVANCED_FACE('',(#4795),#4831,.T.);
#4795 = FACE_BOUND('',#4796,.T.);
#4796 = EDGE_LOOP('',(#4797,#4807,#4816,#4824));
#4797 = ORIENTED_EDGE('',*,*,#4798,.T.);
#4798 = EDGE_CURVE('',#4799,#4801,#4803,.T.);
#4799 = VERTEX_POINT('',#4800);
#4800 = CARTESIAN_POINT('',(167.19849,-62.13856,0.));
#4801 = VERTEX_POINT('',#4802);
#4802 = CARTESIAN_POINT('',(167.19849,-62.13856,1.6));
#4803 = LINE('',#4804,#4805);
#4804 = CARTESIAN_POINT('',(167.19849,-62.13856,0.));
#4805 = VECTOR('',#4806,1.);
#4806 = DIRECTION('',(0.,0.,1.));
#4807 = ORIENTED_EDGE('',*,*,#4808,.T.);
#4808 = EDGE_CURVE('',#4801,#4809,#4811,.T.);
#4809 = VERTEX_POINT('',#4810);
#4810 = CARTESIAN_POINT('',(183.698485,-78.638555,1.6));
#4811 = CIRCLE('',#4812,16.499996208782);
#4812 = AXIS2_PLACEMENT_3D('',#4813,#4814,#4815);
#4813 = CARTESIAN_POINT('',(167.19848879121,-78.63855620878,1.6));
#4814 = DIRECTION('',(0.,0.,-1.));
#4815 = DIRECTION('',(7.325955495901E-08,1.,0.));
#4816 = ORIENTED_EDGE('',*,*,#4817,.F.);
#4817 = EDGE_CURVE('',#4818,#4809,#4820,.T.);
#4818 = VERTEX_POINT('',#4819);
#4819 = CARTESIAN_POINT('',(183.698485,-78.638555,0.));
#4820 = LINE('',#4821,#4822);
#4821 = CARTESIAN_POINT('',(183.698485,-78.638555,0.));
#4822 = VECTOR('',#4823,1.);
#4823 = DIRECTION('',(0.,0.,1.));
#4824 = ORIENTED_EDGE('',*,*,#4825,.F.);
#4825 = EDGE_CURVE('',#4799,#4818,#4826,.T.);
#4826 = CIRCLE('',#4827,16.499996208782);
#4827 = AXIS2_PLACEMENT_3D('',#4828,#4829,#4830);
#4828 = CARTESIAN_POINT('',(167.19848879121,-78.63855620878,0.));
#4829 = DIRECTION('',(0.,0.,-1.));
#4830 = DIRECTION('',(7.325955495901E-08,1.,0.));
#4831 = CYLINDRICAL_SURFACE('',#4832,16.499996208782);
#4832 = AXIS2_PLACEMENT_3D('',#4833,#4834,#4835);
#4833 = CARTESIAN_POINT('',(167.19848879121,-78.63855620878,0.));
#4834 = DIRECTION('',(0.,0.,-1.));
#4835 = DIRECTION('',(7.325955495901E-08,1.,0.));
#4836 = ADVANCED_FACE('',(#4837),#4862,.T.);
#4837 = FACE_BOUND('',#4838,.T.);
#4838 = EDGE_LOOP('',(#4839,#4849,#4855,#4856));
#4839 = ORIENTED_EDGE('',*,*,#4840,.T.);
#4840 = EDGE_CURVE('',#4841,#4843,#4845,.T.);
#4841 = VERTEX_POINT('',#4842);
#4842 = CARTESIAN_POINT('',(164.86143,-62.13856,0.));
#4843 = VERTEX_POINT('',#4844);
#4844 = CARTESIAN_POINT('',(164.86143,-62.13856,1.6));
#4845 = LINE('',#4846,#4847);
#4846 = CARTESIAN_POINT('',(164.86143,-62.13856,0.));
#4847 = VECTOR('',#4848,1.);
#4848 = DIRECTION('',(0.,0.,1.));
#4849 = ORIENTED_EDGE('',*,*,#4850,.T.);
#4850 = EDGE_CURVE('',#4843,#4801,#4851,.T.);
#4851 = LINE('',#4852,#4853);
#4852 = CARTESIAN_POINT('',(164.86143,-62.13856,1.6));
#4853 = VECTOR('',#4854,1.);
#4854 = DIRECTION('',(1.,0.,0.));
#4855 = ORIENTED_EDGE('',*,*,#4798,.F.);
#4856 = ORIENTED_EDGE('',*,*,#4857,.F.);
#4857 = EDGE_CURVE('',#4841,#4799,#4858,.T.);
#4858 = LINE('',#4859,#4860);
#4859 = CARTESIAN_POINT('',(164.86143,-62.13856,0.));
#4860 = VECTOR('',#4861,1.);
#4861 = DIRECTION('',(1.,0.,0.));
#4862 = PLANE('',#4863);
#4863 = AXIS2_PLACEMENT_3D('',#4864,#4865,#4866);
#4864 = CARTESIAN_POINT('',(164.86143,-62.13856,0.));
#4865 = DIRECTION('',(0.,1.,0.));
#4866 = DIRECTION('',(1.,0.,0.));
#4867 = ADVANCED_FACE('',(#4868),#4893,.T.);
#4868 = FACE_BOUND('',#4869,.T.);
#4869 = EDGE_LOOP('',(#4870,#4871,#4879,#4887));
#4870 = ORIENTED_EDGE('',*,*,#4817,.T.);
#4871 = ORIENTED_EDGE('',*,*,#4872,.T.);
#4872 = EDGE_CURVE('',#4809,#4873,#4875,.T.);
#4873 = VERTEX_POINT('',#4874);
#4874 = CARTESIAN_POINT('',(183.698485,-80.975605,1.6));
#4875 = LINE('',#4876,#4877);
#4876 = CARTESIAN_POINT('',(183.698485,-78.638555,1.6));
#4877 = VECTOR('',#4878,1.);
#4878 = DIRECTION('',(0.,-1.,0.));
#4879 = ORIENTED_EDGE('',*,*,#4880,.F.);
#4880 = EDGE_CURVE('',#4881,#4873,#4883,.T.);
#4881 = VERTEX_POINT('',#4882);
#4882 = CARTESIAN_POINT('',(183.698485,-80.975605,0.));
#4883 = LINE('',#4884,#4885);
#4884 = CARTESIAN_POINT('',(183.698485,-80.975605,0.));
#4885 = VECTOR('',#4886,1.);
#4886 = DIRECTION('',(0.,0.,1.));
#4887 = ORIENTED_EDGE('',*,*,#4888,.F.);
#4888 = EDGE_CURVE('',#4818,#4881,#4889,.T.);
#4889 = LINE('',#4890,#4891);
#4890 = CARTESIAN_POINT('',(183.698485,-78.638555,0.));
#4891 = VECTOR('',#4892,1.);
#4892 = DIRECTION('',(0.,-1.,0.));
#4893 = PLANE('',#4894);
#4894 = AXIS2_PLACEMENT_3D('',#4895,#4896,#4897);
#4895 = CARTESIAN_POINT('',(183.698485,-78.638555,0.));
#4896 = DIRECTION('',(1.,0.,-0.));
#4897 = DIRECTION('',(0.,-1.,0.));
#4898 = ADVANCED_FACE('',(#4899,#4979,#4990,#5001,#5012,#5023,#5034,
    #5045,#5056,#5067,#5078,#5089,#5100,#5111,#5122,#5133,#5144,#5155,
    #5166,#5177,#5188,#5199,#5210),#5221,.T.);
#4899 = FACE_BOUND('',#4900,.T.);
#4900 = EDGE_LOOP('',(#4901,#4902,#4903,#4912,#4920,#4929,#4937,#4946,
    #4954,#4963,#4971,#4978));
#4901 = ORIENTED_EDGE('',*,*,#4825,.T.);
#4902 = ORIENTED_EDGE('',*,*,#4888,.T.);
#4903 = ORIENTED_EDGE('',*,*,#4904,.T.);
#4904 = EDGE_CURVE('',#4881,#4905,#4907,.T.);
#4905 = VERTEX_POINT('',#4906);
#4906 = CARTESIAN_POINT('',(178.865742,-92.642876,0.));
#4907 = CIRCLE('',#4908,16.500009106313);
#4908 = AXIS2_PLACEMENT_3D('',#4909,#4910,#4911);
#4909 = CARTESIAN_POINT('',(167.19847589368,-80.97560544888,0.));
#4910 = DIRECTION('',(0.,0.,-1.));
#4911 = DIRECTION('',(1.,2.72052090792E-08,0.));
#4912 = ORIENTED_EDGE('',*,*,#4913,.T.);
#4913 = EDGE_CURVE('',#4905,#4914,#4916,.T.);
#4914 = VERTEX_POINT('',#4915);
#4915 = CARTESIAN_POINT('',(141.504312,-130.004306,0.));
#4916 = LINE('',#4917,#4918);
#4917 = CARTESIAN_POINT('',(178.865742,-92.642876,0.));
#4918 = VECTOR('',#4919,1.);
#4919 = DIRECTION('',(-0.707106781187,-0.707106781187,0.));
#4920 = ORIENTED_EDGE('',*,*,#4921,.T.);
#4921 = EDGE_CURVE('',#4914,#4922,#4924,.T.);
#4922 = VERTEX_POINT('',#4923);
#4923 = CARTESIAN_POINT('',(129.837047,-134.837045,0.));
#4924 = CIRCLE('',#4925,16.500007182432);
#4925 = AXIS2_PLACEMENT_3D('',#4926,#4927,#4928);
#4926 = CARTESIAN_POINT('',(129.83704624578,-118.3370378175,0.));
#4927 = DIRECTION('',(0.,0.,-1.));
#4928 = DIRECTION('',(0.707106707604,-0.707106854769,0.));
#4929 = ORIENTED_EDGE('',*,*,#4930,.T.);
#4930 = EDGE_CURVE('',#4922,#4931,#4933,.T.);
#4931 = VERTEX_POINT('',#4932);
#4932 = CARTESIAN_POINT('',(127.5,-134.837045,0.));
#4933 = LINE('',#4934,#4935);
#4934 = CARTESIAN_POINT('',(129.837047,-134.837045,0.));
#4935 = VECTOR('',#4936,1.);
#4936 = DIRECTION('',(-1.,0.,0.));
#4937 = ORIENTED_EDGE('',*,*,#4938,.T.);
#4938 = EDGE_CURVE('',#4931,#4939,#4941,.T.);
#4939 = VERTEX_POINT('',#4940);
#4940 = CARTESIAN_POINT('',(111.,-118.337045,0.));
#4941 = CIRCLE('',#4942,16.499999622996);
#4942 = AXIS2_PLACEMENT_3D('',#4943,#4944,#4945);
#4943 = CARTESIAN_POINT('',(127.49999962299,-118.337045377,0.));
#4944 = DIRECTION('',(0.,0.,-1.));
#4945 = DIRECTION('',(2.284873896542E-08,-1.,0.));
#4946 = ORIENTED_EDGE('',*,*,#4947,.T.);
#4947 = EDGE_CURVE('',#4939,#4948,#4950,.T.);
#4948 = VERTEX_POINT('',#4949);
#4949 = CARTESIAN_POINT('',(111.,-115.999998,0.));
#4950 = LINE('',#4951,#4952);
#4951 = CARTESIAN_POINT('',(111.,-118.337045,0.));
#4952 = VECTOR('',#4953,1.);
#4953 = DIRECTION('',(0.,1.,0.));
#4954 = ORIENTED_EDGE('',*,*,#4955,.T.);
#4955 = EDGE_CURVE('',#4948,#4956,#4958,.T.);
#4956 = VERTEX_POINT('',#4957);
#4957 = CARTESIAN_POINT('',(115.832739,-104.332733,0.));
#4958 = CIRCLE('',#4959,16.500007182432);
#4959 = AXIS2_PLACEMENT_3D('',#4960,#4961,#4962);
#4960 = CARTESIAN_POINT('',(127.50000718243,-115.9999987542,0.));
#4961 = DIRECTION('',(0.,0.,-1.));
#4962 = DIRECTION('',(-1.,4.57100917309E-08,0.));
#4963 = ORIENTED_EDGE('',*,*,#4964,.T.);
#4964 = EDGE_CURVE('',#4956,#4965,#4967,.T.);
#4965 = VERTEX_POINT('',#4966);
#4966 = CARTESIAN_POINT('',(153.194173,-66.971299,0.));
#4967 = LINE('',#4968,#4969);
#4968 = CARTESIAN_POINT('',(115.832739,-104.332733,0.));
#4969 = VECTOR('',#4970,1.);
#4970 = DIRECTION('',(0.707106781187,0.707106781187,0.));
#4971 = ORIENTED_EDGE('',*,*,#4972,.T.);
#4972 = EDGE_CURVE('',#4965,#4841,#4973,.T.);
#4973 = CIRCLE('',#4974,16.500011030209);
#4974 = AXIS2_PLACEMENT_3D('',#4975,#4976,#4977);
#4975 = CARTESIAN_POINT('',(164.86144034802,-78.6385710302,0.));
#4976 = DIRECTION('',(0.,0.,-1.));
#4977 = DIRECTION('',(-0.707106639302,0.707106923071,0.));
#4978 = ORIENTED_EDGE('',*,*,#4857,.T.);
#4979 = FACE_BOUND('',#4980,.T.);
#4980 = EDGE_LOOP('',(#4981));
#4981 = ORIENTED_EDGE('',*,*,#4982,.F.);
#4982 = EDGE_CURVE('',#4983,#4983,#4985,.T.);
#4983 = VERTEX_POINT('',#4984);
#4984 = CARTESIAN_POINT('',(151.892102,-103.492102,0.));
#4985 = CIRCLE('',#4986,0.5);
#4986 = AXIS2_PLACEMENT_3D('',#4987,#4988,#4989);
#4987 = CARTESIAN_POINT('',(151.892102,-102.992102,0.));
#4988 = DIRECTION('',(-0.,0.,-1.));
#4989 = DIRECTION('',(-0.,-1.,0.));
#4990 = FACE_BOUND('',#4991,.T.);
#4991 = EDGE_LOOP('',(#4992));
#4992 = ORIENTED_EDGE('',*,*,#4993,.F.);
#4993 = EDGE_CURVE('',#4994,#4994,#4996,.T.);
#4994 = VERTEX_POINT('',#4995);
#4995 = CARTESIAN_POINT('',(150.096051,-101.696051,0.));
#4996 = CIRCLE('',#4997,0.5);
#4997 = AXIS2_PLACEMENT_3D('',#4998,#4999,#5000);
#4998 = CARTESIAN_POINT('',(150.096051,-101.196051,0.));
#4999 = DIRECTION('',(-0.,0.,-1.));
#5000 = DIRECTION('',(-0.,-1.,0.));
#5001 = FACE_BOUND('',#5002,.T.);
#5002 = EDGE_LOOP('',(#5003));
#5003 = ORIENTED_EDGE('',*,*,#5004,.F.);
#5004 = EDGE_CURVE('',#5005,#5005,#5007,.T.);
#5005 = VERTEX_POINT('',#5006);
#5006 = CARTESIAN_POINT('',(148.3,-99.9,0.));
#5007 = CIRCLE('',#5008,0.5);
#5008 = AXIS2_PLACEMENT_3D('',#5009,#5010,#5011);
#5009 = CARTESIAN_POINT('',(148.3,-99.4,0.));
#5010 = DIRECTION('',(-0.,0.,-1.));
#5011 = DIRECTION('',(-0.,-1.,0.));
#5012 = FACE_BOUND('',#5013,.T.);
#5013 = EDGE_LOOP('',(#5014));
#5014 = ORIENTED_EDGE('',*,*,#5015,.T.);
#5015 = EDGE_CURVE('',#5016,#5016,#5018,.T.);
#5016 = VERTEX_POINT('',#5017);
#5017 = CARTESIAN_POINT('',(143.160377,-122.933239,0.));
#5018 = CIRCLE('',#5019,1.55);
#5019 = AXIS2_PLACEMENT_3D('',#5020,#5021,#5022);
#5020 = CARTESIAN_POINT('',(141.610377,-122.933239,0.));
#5021 = DIRECTION('',(0.,0.,1.));
#5022 = DIRECTION('',(1.,0.,-0.));
#5023 = FACE_BOUND('',#5024,.T.);
#5024 = EDGE_LOOP('',(#5025));
#5025 = ORIENTED_EDGE('',*,*,#5026,.F.);
#5026 = EDGE_CURVE('',#5027,#5027,#5029,.T.);
#5027 = VERTEX_POINT('',#5028);
#5028 = CARTESIAN_POINT('',(137.83,-107.965,0.));
#5029 = CIRCLE('',#5030,0.375);
#5030 = AXIS2_PLACEMENT_3D('',#5031,#5032,#5033);
#5031 = CARTESIAN_POINT('',(137.83,-107.59,0.));
#5032 = DIRECTION('',(-0.,0.,-1.));
#5033 = DIRECTION('',(-0.,-1.,0.));
#5034 = FACE_BOUND('',#5035,.T.);
#5035 = EDGE_LOOP('',(#5036));
#5036 = ORIENTED_EDGE('',*,*,#5037,.F.);
#5037 = EDGE_CURVE('',#5038,#5038,#5040,.T.);
#5038 = VERTEX_POINT('',#5039);
#5039 = CARTESIAN_POINT('',(137.83,-106.695,0.));
#5040 = CIRCLE('',#5041,0.375);
#5041 = AXIS2_PLACEMENT_3D('',#5042,#5043,#5044);
#5042 = CARTESIAN_POINT('',(137.83,-106.32,0.));
#5043 = DIRECTION('',(-0.,0.,-1.));
#5044 = DIRECTION('',(-0.,-1.,0.));
#5045 = FACE_BOUND('',#5046,.T.);
#5046 = EDGE_LOOP('',(#5047));
#5047 = ORIENTED_EDGE('',*,*,#5048,.F.);
#5048 = EDGE_CURVE('',#5049,#5049,#5051,.T.);
#5049 = VERTEX_POINT('',#5050);
#5050 = CARTESIAN_POINT('',(137.83,-105.425,0.));
#5051 = CIRCLE('',#5052,0.375);
#5052 = AXIS2_PLACEMENT_3D('',#5053,#5054,#5055);
#5053 = CARTESIAN_POINT('',(137.83,-105.05,0.));
#5054 = DIRECTION('',(-0.,0.,-1.));
#5055 = DIRECTION('',(-0.,-1.,0.));
#5056 = FACE_BOUND('',#5057,.T.);
#5057 = EDGE_LOOP('',(#5058));
#5058 = ORIENTED_EDGE('',*,*,#5059,.F.);
#5059 = EDGE_CURVE('',#5060,#5060,#5062,.T.);
#5060 = VERTEX_POINT('',#5061);
#5061 = CARTESIAN_POINT('',(133.8,-101.375,0.));
#5062 = CIRCLE('',#5063,0.375);
#5063 = AXIS2_PLACEMENT_3D('',#5064,#5065,#5066);
#5064 = CARTESIAN_POINT('',(133.8,-101.,0.));
#5065 = DIRECTION('',(-0.,0.,-1.));
#5066 = DIRECTION('',(-0.,-1.,0.));
#5067 = FACE_BOUND('',#5068,.T.);
#5068 = EDGE_LOOP('',(#5069));
#5069 = ORIENTED_EDGE('',*,*,#5070,.F.);
#5070 = EDGE_CURVE('',#5071,#5071,#5073,.T.);
#5071 = VERTEX_POINT('',#5072);
#5072 = CARTESIAN_POINT('',(132.53,-101.375,0.));
#5073 = CIRCLE('',#5074,0.375);
#5074 = AXIS2_PLACEMENT_3D('',#5075,#5076,#5077);
#5075 = CARTESIAN_POINT('',(132.53,-101.,0.));
#5076 = DIRECTION('',(-0.,0.,-1.));
#5077 = DIRECTION('',(-0.,-1.,0.));
#5078 = FACE_BOUND('',#5079,.T.);
#5079 = EDGE_LOOP('',(#5080));
#5080 = ORIENTED_EDGE('',*,*,#5081,.F.);
#5081 = EDGE_CURVE('',#5082,#5082,#5084,.T.);
#5082 = VERTEX_POINT('',#5083);
#5083 = CARTESIAN_POINT('',(131.26,-101.375,0.));
#5084 = CIRCLE('',#5085,0.375);
#5085 = AXIS2_PLACEMENT_3D('',#5086,#5087,#5088);
#5086 = CARTESIAN_POINT('',(131.26,-101.,0.));
#5087 = DIRECTION('',(-0.,0.,-1.));
#5088 = DIRECTION('',(-0.,-1.,0.));
#5089 = FACE_BOUND('',#5090,.T.);
#5090 = EDGE_LOOP('',(#5091));
#5091 = ORIENTED_EDGE('',*,*,#5092,.T.);
#5092 = EDGE_CURVE('',#5093,#5093,#5095,.T.);
#5093 = VERTEX_POINT('',#5094);
#5094 = CARTESIAN_POINT('',(124.453806,-104.226668,0.));
#5095 = CIRCLE('',#5096,1.55);
#5096 = AXIS2_PLACEMENT_3D('',#5097,#5098,#5099);
#5097 = CARTESIAN_POINT('',(122.903806,-104.226668,0.));
#5098 = DIRECTION('',(0.,0.,1.));
#5099 = DIRECTION('',(1.,0.,-0.));
#5100 = FACE_BOUND('',#5101,.T.);
#5101 = EDGE_LOOP('',(#5102));
#5102 = ORIENTED_EDGE('',*,*,#5103,.T.);
#5103 = EDGE_CURVE('',#5104,#5104,#5106,.T.);
#5104 = VERTEX_POINT('',#5105);
#5105 = CARTESIAN_POINT('',(173.344679,-92.748937,0.));
#5106 = CIRCLE('',#5107,1.55);
#5107 = AXIS2_PLACEMENT_3D('',#5108,#5109,#5110);
#5108 = CARTESIAN_POINT('',(171.794679,-92.748937,0.));
#5109 = DIRECTION('',(0.,0.,1.));
#5110 = DIRECTION('',(1.,0.,-0.));
#5111 = FACE_BOUND('',#5112,.T.);
#5112 = EDGE_LOOP('',(#5113));
#5113 = ORIENTED_EDGE('',*,*,#5114,.F.);
#5114 = EDGE_CURVE('',#5115,#5115,#5117,.T.);
#5115 = VERTEX_POINT('',#5116);
#5116 = CARTESIAN_POINT('',(156.87,-92.235,0.));
#5117 = CIRCLE('',#5118,0.375);
#5118 = AXIS2_PLACEMENT_3D('',#5119,#5120,#5121);
#5119 = CARTESIAN_POINT('',(156.87,-91.86,0.));
#5120 = DIRECTION('',(-0.,0.,-1.));
#5121 = DIRECTION('',(-0.,-1.,0.));
#5122 = FACE_BOUND('',#5123,.T.);
#5123 = EDGE_LOOP('',(#5124));
#5124 = ORIENTED_EDGE('',*,*,#5125,.F.);
#5125 = EDGE_CURVE('',#5126,#5126,#5128,.T.);
#5126 = VERTEX_POINT('',#5127);
#5127 = CARTESIAN_POINT('',(156.87,-90.965,0.));
#5128 = CIRCLE('',#5129,0.375);
#5129 = AXIS2_PLACEMENT_3D('',#5130,#5131,#5132);
#5130 = CARTESIAN_POINT('',(156.87,-90.59,0.));
#5131 = DIRECTION('',(-0.,0.,-1.));
#5132 = DIRECTION('',(-0.,-1.,0.));
#5133 = FACE_BOUND('',#5134,.T.);
#5134 = EDGE_LOOP('',(#5135));
#5135 = ORIENTED_EDGE('',*,*,#5136,.F.);
#5136 = EDGE_CURVE('',#5137,#5137,#5139,.T.);
#5137 = VERTEX_POINT('',#5138);
#5138 = CARTESIAN_POINT('',(156.87,-89.695,0.));
#5139 = CIRCLE('',#5140,0.375);
#5140 = AXIS2_PLACEMENT_3D('',#5141,#5142,#5143);
#5141 = CARTESIAN_POINT('',(156.87,-89.32,0.));
#5142 = DIRECTION('',(-0.,0.,-1.));
#5143 = DIRECTION('',(-0.,-1.,0.));
#5144 = FACE_BOUND('',#5145,.T.);
#5145 = EDGE_LOOP('',(#5146));
#5146 = ORIENTED_EDGE('',*,*,#5147,.F.);
#5147 = EDGE_CURVE('',#5148,#5148,#5150,.T.);
#5148 = VERTEX_POINT('',#5149);
#5149 = CARTESIAN_POINT('',(163.46,-85.665,0.));
#5150 = CIRCLE('',#5151,0.375);
#5151 = AXIS2_PLACEMENT_3D('',#5152,#5153,#5154);
#5152 = CARTESIAN_POINT('',(163.46,-85.29,0.));
#5153 = DIRECTION('',(-0.,0.,-1.));
#5154 = DIRECTION('',(-0.,-1.,0.));
#5155 = FACE_BOUND('',#5156,.T.);
#5156 = EDGE_LOOP('',(#5157));
#5157 = ORIENTED_EDGE('',*,*,#5158,.F.);
#5158 = EDGE_CURVE('',#5159,#5159,#5161,.T.);
#5159 = VERTEX_POINT('',#5160);
#5160 = CARTESIAN_POINT('',(162.19,-85.665,0.));
#5161 = CIRCLE('',#5162,0.375);
#5162 = AXIS2_PLACEMENT_3D('',#5163,#5164,#5165);
#5163 = CARTESIAN_POINT('',(162.19,-85.29,0.));
#5164 = DIRECTION('',(-0.,0.,-1.));
#5165 = DIRECTION('',(-0.,-1.,0.));
#5166 = FACE_BOUND('',#5167,.T.);
#5167 = EDGE_LOOP('',(#5168));
#5168 = ORIENTED_EDGE('',*,*,#5169,.F.);
#5169 = EDGE_CURVE('',#5170,#5170,#5172,.T.);
#5170 = VERTEX_POINT('',#5171);
#5171 = CARTESIAN_POINT('',(160.92,-85.665,0.));
#5172 = CIRCLE('',#5173,0.375);
#5173 = AXIS2_PLACEMENT_3D('',#5174,#5175,#5176);
#5174 = CARTESIAN_POINT('',(160.92,-85.29,0.));
#5175 = DIRECTION('',(-0.,0.,-1.));
#5176 = DIRECTION('',(-0.,-1.,0.));
#5177 = FACE_BOUND('',#5178,.T.);
#5178 = EDGE_LOOP('',(#5179));
#5179 = ORIENTED_EDGE('',*,*,#5180,.T.);
#5180 = EDGE_CURVE('',#5181,#5181,#5183,.T.);
#5181 = VERTEX_POINT('',#5182);
#5182 = CARTESIAN_POINT('',(154.638108,-74.042366,0.));
#5183 = CIRCLE('',#5184,1.55);
#5184 = AXIS2_PLACEMENT_3D('',#5185,#5186,#5187);
#5185 = CARTESIAN_POINT('',(153.088108,-74.042366,0.));
#5186 = DIRECTION('',(0.,0.,1.));
#5187 = DIRECTION('',(1.,0.,-0.));
#5188 = FACE_BOUND('',#5189,.T.);
#5189 = EDGE_LOOP('',(#5190));
#5190 = ORIENTED_EDGE('',*,*,#5191,.F.);
#5191 = EDGE_CURVE('',#5192,#5192,#5194,.T.);
#5192 = VERTEX_POINT('',#5193);
#5193 = CARTESIAN_POINT('',(146.503948,-98.103948,0.));
#5194 = CIRCLE('',#5195,0.5);
#5195 = AXIS2_PLACEMENT_3D('',#5196,#5197,#5198);
#5196 = CARTESIAN_POINT('',(146.503948,-97.603948,0.));
#5197 = DIRECTION('',(-0.,0.,-1.));
#5198 = DIRECTION('',(-0.,-1.,0.));
#5199 = FACE_BOUND('',#5200,.T.);
#5200 = EDGE_LOOP('',(#5201));
#5201 = ORIENTED_EDGE('',*,*,#5202,.F.);
#5202 = EDGE_CURVE('',#5203,#5203,#5205,.T.);
#5203 = VERTEX_POINT('',#5204);
#5204 = CARTESIAN_POINT('',(144.707897,-96.307897,0.));
#5205 = CIRCLE('',#5206,0.5);
#5206 = AXIS2_PLACEMENT_3D('',#5207,#5208,#5209);
#5207 = CARTESIAN_POINT('',(144.707897,-95.807897,0.));
#5208 = DIRECTION('',(-0.,0.,-1.));
#5209 = DIRECTION('',(-0.,-1.,0.));
#5210 = FACE_BOUND('',#5211,.T.);
#5211 = EDGE_LOOP('',(#5212));
#5212 = ORIENTED_EDGE('',*,*,#5213,.F.);
#5213 = EDGE_CURVE('',#5214,#5214,#5216,.T.);
#5214 = VERTEX_POINT('',#5215);
#5215 = CARTESIAN_POINT('',(142.911846,-94.511846,0.));
#5216 = CIRCLE('',#5217,0.5);
#5217 = AXIS2_PLACEMENT_3D('',#5218,#5219,#5220);
#5218 = CARTESIAN_POINT('',(142.911846,-94.011846,0.));
#5219 = DIRECTION('',(-0.,0.,-1.));
#5220 = DIRECTION('',(-0.,-1.,0.));
#5221 = PLANE('',#5222);
#5222 = AXIS2_PLACEMENT_3D('',#5223,#5224,#5225);
#5223 = CARTESIAN_POINT('',(147.34924278647,-98.48780218972,0.));
#5224 = DIRECTION('',(-0.,-0.,-1.));
#5225 = DIRECTION('',(-1.,0.,0.));
#5226 = ADVANCED_FACE('',(#5227,#5307,#5318,#5329,#5340,#5351,#5362,
    #5373,#5384,#5395,#5406,#5417,#5428,#5439,#5450,#5461,#5472,#5483,
    #5494,#5505,#5516,#5527,#5538),#5549,.F.);
#5227 = FACE_BOUND('',#5228,.F.);
#5228 = EDGE_LOOP('',(#5229,#5230,#5231,#5240,#5248,#5257,#5265,#5274,
    #5282,#5291,#5299,#5306));
#5229 = ORIENTED_EDGE('',*,*,#4808,.T.);
#5230 = ORIENTED_EDGE('',*,*,#4872,.T.);
#5231 = ORIENTED_EDGE('',*,*,#5232,.T.);
#5232 = EDGE_CURVE('',#4873,#5233,#5235,.T.);
#5233 = VERTEX_POINT('',#5234);
#5234 = CARTESIAN_POINT('',(178.865742,-92.642876,1.6));
#5235 = CIRCLE('',#5236,16.500009106313);
#5236 = AXIS2_PLACEMENT_3D('',#5237,#5238,#5239);
#5237 = CARTESIAN_POINT('',(167.19847589368,-80.97560544888,1.6));
#5238 = DIRECTION('',(0.,0.,-1.));
#5239 = DIRECTION('',(1.,2.72052090792E-08,0.));
#5240 = ORIENTED_EDGE('',*,*,#5241,.T.);
#5241 = EDGE_CURVE('',#5233,#5242,#5244,.T.);
#5242 = VERTEX_POINT('',#5243);
#5243 = CARTESIAN_POINT('',(141.504312,-130.004306,1.6));
#5244 = LINE('',#5245,#5246);
#5245 = CARTESIAN_POINT('',(178.865742,-92.642876,1.6));
#5246 = VECTOR('',#5247,1.);
#5247 = DIRECTION('',(-0.707106781187,-0.707106781187,0.));
#5248 = ORIENTED_EDGE('',*,*,#5249,.T.);
#5249 = EDGE_CURVE('',#5242,#5250,#5252,.T.);
#5250 = VERTEX_POINT('',#5251);
#5251 = CARTESIAN_POINT('',(129.837047,-134.837045,1.6));
#5252 = CIRCLE('',#5253,16.500007182432);
#5253 = AXIS2_PLACEMENT_3D('',#5254,#5255,#5256);
#5254 = CARTESIAN_POINT('',(129.83704624578,-118.3370378175,1.6));
#5255 = DIRECTION('',(0.,0.,-1.));
#5256 = DIRECTION('',(0.707106707604,-0.707106854769,0.));
#5257 = ORIENTED_EDGE('',*,*,#5258,.T.);
#5258 = EDGE_CURVE('',#5250,#5259,#5261,.T.);
#5259 = VERTEX_POINT('',#5260);
#5260 = CARTESIAN_POINT('',(127.5,-134.837045,1.6));
#5261 = LINE('',#5262,#5263);
#5262 = CARTESIAN_POINT('',(129.837047,-134.837045,1.6));
#5263 = VECTOR('',#5264,1.);
#5264 = DIRECTION('',(-1.,0.,0.));
#5265 = ORIENTED_EDGE('',*,*,#5266,.T.);
#5266 = EDGE_CURVE('',#5259,#5267,#5269,.T.);
#5267 = VERTEX_POINT('',#5268);
#5268 = CARTESIAN_POINT('',(111.,-118.337045,1.6));
#5269 = CIRCLE('',#5270,16.499999622996);
#5270 = AXIS2_PLACEMENT_3D('',#5271,#5272,#5273);
#5271 = CARTESIAN_POINT('',(127.49999962299,-118.337045377,1.6));
#5272 = DIRECTION('',(0.,0.,-1.));
#5273 = DIRECTION('',(2.284873896542E-08,-1.,0.));
#5274 = ORIENTED_EDGE('',*,*,#5275,.T.);
#5275 = EDGE_CURVE('',#5267,#5276,#5278,.T.);
#5276 = VERTEX_POINT('',#5277);
#5277 = CARTESIAN_POINT('',(111.,-115.999998,1.6));
#5278 = LINE('',#5279,#5280);
#5279 = CARTESIAN_POINT('',(111.,-118.337045,1.6));
#5280 = VECTOR('',#5281,1.);
#5281 = DIRECTION('',(0.,1.,0.));
#5282 = ORIENTED_EDGE('',*,*,#5283,.T.);
#5283 = EDGE_CURVE('',#5276,#5284,#5286,.T.);
#5284 = VERTEX_POINT('',#5285);
#5285 = CARTESIAN_POINT('',(115.832739,-104.332733,1.6));
#5286 = CIRCLE('',#5287,16.500007182432);
#5287 = AXIS2_PLACEMENT_3D('',#5288,#5289,#5290);
#5288 = CARTESIAN_POINT('',(127.50000718243,-115.9999987542,1.6));
#5289 = DIRECTION('',(0.,0.,-1.));
#5290 = DIRECTION('',(-1.,4.57100917309E-08,0.));
#5291 = ORIENTED_EDGE('',*,*,#5292,.T.);
#5292 = EDGE_CURVE('',#5284,#5293,#5295,.T.);
#5293 = VERTEX_POINT('',#5294);
#5294 = CARTESIAN_POINT('',(153.194173,-66.971299,1.6));
#5295 = LINE('',#5296,#5297);
#5296 = CARTESIAN_POINT('',(115.832739,-104.332733,1.6));
#5297 = VECTOR('',#5298,1.);
#5298 = DIRECTION('',(0.707106781187,0.707106781187,0.));
#5299 = ORIENTED_EDGE('',*,*,#5300,.T.);
#5300 = EDGE_CURVE('',#5293,#4843,#5301,.T.);
#5301 = CIRCLE('',#5302,16.500011030209);
#5302 = AXIS2_PLACEMENT_3D('',#5303,#5304,#5305);
#5303 = CARTESIAN_POINT('',(164.86144034802,-78.6385710302,1.6));
#5304 = DIRECTION('',(0.,0.,-1.));
#5305 = DIRECTION('',(-0.707106639302,0.707106923071,0.));
#5306 = ORIENTED_EDGE('',*,*,#4850,.T.);
#5307 = FACE_BOUND('',#5308,.F.);
#5308 = EDGE_LOOP('',(#5309));
#5309 = ORIENTED_EDGE('',*,*,#5310,.F.);
#5310 = EDGE_CURVE('',#5311,#5311,#5313,.T.);
#5311 = VERTEX_POINT('',#5312);
#5312 = CARTESIAN_POINT('',(151.892102,-103.492102,1.6));
#5313 = CIRCLE('',#5314,0.5);
#5314 = AXIS2_PLACEMENT_3D('',#5315,#5316,#5317);
#5315 = CARTESIAN_POINT('',(151.892102,-102.992102,1.6));
#5316 = DIRECTION('',(-0.,0.,-1.));
#5317 = DIRECTION('',(-0.,-1.,0.));
#5318 = FACE_BOUND('',#5319,.F.);
#5319 = EDGE_LOOP('',(#5320));
#5320 = ORIENTED_EDGE('',*,*,#5321,.F.);
#5321 = EDGE_CURVE('',#5322,#5322,#5324,.T.);
#5322 = VERTEX_POINT('',#5323);
#5323 = CARTESIAN_POINT('',(150.096051,-101.696051,1.6));
#5324 = CIRCLE('',#5325,0.5);
#5325 = AXIS2_PLACEMENT_3D('',#5326,#5327,#5328);
#5326 = CARTESIAN_POINT('',(150.096051,-101.196051,1.6));
#5327 = DIRECTION('',(-0.,0.,-1.));
#5328 = DIRECTION('',(-0.,-1.,0.));
#5329 = FACE_BOUND('',#5330,.F.);
#5330 = EDGE_LOOP('',(#5331));
#5331 = ORIENTED_EDGE('',*,*,#5332,.F.);
#5332 = EDGE_CURVE('',#5333,#5333,#5335,.T.);
#5333 = VERTEX_POINT('',#5334);
#5334 = CARTESIAN_POINT('',(148.3,-99.9,1.6));
#5335 = CIRCLE('',#5336,0.5);
#5336 = AXIS2_PLACEMENT_3D('',#5337,#5338,#5339);
#5337 = CARTESIAN_POINT('',(148.3,-99.4,1.6));
#5338 = DIRECTION('',(-0.,0.,-1.));
#5339 = DIRECTION('',(-0.,-1.,0.));
#5340 = FACE_BOUND('',#5341,.F.);
#5341 = EDGE_LOOP('',(#5342));
#5342 = ORIENTED_EDGE('',*,*,#5343,.T.);
#5343 = EDGE_CURVE('',#5344,#5344,#5346,.T.);
#5344 = VERTEX_POINT('',#5345);
#5345 = CARTESIAN_POINT('',(143.160377,-122.933239,1.6));
#5346 = CIRCLE('',#5347,1.55);
#5347 = AXIS2_PLACEMENT_3D('',#5348,#5349,#5350);
#5348 = CARTESIAN_POINT('',(141.610377,-122.933239,1.6));
#5349 = DIRECTION('',(0.,0.,1.));
#5350 = DIRECTION('',(1.,0.,-0.));
#5351 = FACE_BOUND('',#5352,.F.);
#5352 = EDGE_LOOP('',(#5353));
#5353 = ORIENTED_EDGE('',*,*,#5354,.F.);
#5354 = EDGE_CURVE('',#5355,#5355,#5357,.T.);
#5355 = VERTEX_POINT('',#5356);
#5356 = CARTESIAN_POINT('',(137.83,-107.965,1.6));
#5357 = CIRCLE('',#5358,0.375);
#5358 = AXIS2_PLACEMENT_3D('',#5359,#5360,#5361);
#5359 = CARTESIAN_POINT('',(137.83,-107.59,1.6));
#5360 = DIRECTION('',(-0.,0.,-1.));
#5361 = DIRECTION('',(-0.,-1.,0.));
#5362 = FACE_BOUND('',#5363,.F.);
#5363 = EDGE_LOOP('',(#5364));
#5364 = ORIENTED_EDGE('',*,*,#5365,.F.);
#5365 = EDGE_CURVE('',#5366,#5366,#5368,.T.);
#5366 = VERTEX_POINT('',#5367);
#5367 = CARTESIAN_POINT('',(137.83,-106.695,1.6));
#5368 = CIRCLE('',#5369,0.375);
#5369 = AXIS2_PLACEMENT_3D('',#5370,#5371,#5372);
#5370 = CARTESIAN_POINT('',(137.83,-106.32,1.6));
#5371 = DIRECTION('',(-0.,0.,-1.));
#5372 = DIRECTION('',(-0.,-1.,0.));
#5373 = FACE_BOUND('',#5374,.F.);
#5374 = EDGE_LOOP('',(#5375));
#5375 = ORIENTED_EDGE('',*,*,#5376,.F.);
#5376 = EDGE_CURVE('',#5377,#5377,#5379,.T.);
#5377 = VERTEX_POINT('',#5378);
#5378 = CARTESIAN_POINT('',(137.83,-105.425,1.6));
#5379 = CIRCLE('',#5380,0.375);
#5380 = AXIS2_PLACEMENT_3D('',#5381,#5382,#5383);
#5381 = CARTESIAN_POINT('',(137.83,-105.05,1.6));
#5382 = DIRECTION('',(-0.,0.,-1.));
#5383 = DIRECTION('',(-0.,-1.,0.));
#5384 = FACE_BOUND('',#5385,.F.);
#5385 = EDGE_LOOP('',(#5386));
#5386 = ORIENTED_EDGE('',*,*,#5387,.F.);
#5387 = EDGE_CURVE('',#5388,#5388,#5390,.T.);
#5388 = VERTEX_POINT('',#5389);
#5389 = CARTESIAN_POINT('',(133.8,-101.375,1.6));
#5390 = CIRCLE('',#5391,0.375);
#5391 = AXIS2_PLACEMENT_3D('',#5392,#5393,#5394);
#5392 = CARTESIAN_POINT('',(133.8,-101.,1.6));
#5393 = DIRECTION('',(-0.,0.,-1.));
#5394 = DIRECTION('',(-0.,-1.,0.));
#5395 = FACE_BOUND('',#5396,.F.);
#5396 = EDGE_LOOP('',(#5397));
#5397 = ORIENTED_EDGE('',*,*,#5398,.F.);
#5398 = EDGE_CURVE('',#5399,#5399,#5401,.T.);
#5399 = VERTEX_POINT('',#5400);
#5400 = CARTESIAN_POINT('',(132.53,-101.375,1.6));
#5401 = CIRCLE('',#5402,0.375);
#5402 = AXIS2_PLACEMENT_3D('',#5403,#5404,#5405);
#5403 = CARTESIAN_POINT('',(132.53,-101.,1.6));
#5404 = DIRECTION('',(-0.,0.,-1.));
#5405 = DIRECTION('',(-0.,-1.,0.));
#5406 = FACE_BOUND('',#5407,.F.);
#5407 = EDGE_LOOP('',(#5408));
#5408 = ORIENTED_EDGE('',*,*,#5409,.F.);
#5409 = EDGE_CURVE('',#5410,#5410,#5412,.T.);
#5410 = VERTEX_POINT('',#5411);
#5411 = CARTESIAN_POINT('',(131.26,-101.375,1.6));
#5412 = CIRCLE('',#5413,0.375);
#5413 = AXIS2_PLACEMENT_3D('',#5414,#5415,#5416);
#5414 = CARTESIAN_POINT('',(131.26,-101.,1.6));
#5415 = DIRECTION('',(-0.,0.,-1.));
#5416 = DIRECTION('',(-0.,-1.,0.));
#5417 = FACE_BOUND('',#5418,.F.);
#5418 = EDGE_LOOP('',(#5419));
#5419 = ORIENTED_EDGE('',*,*,#5420,.T.);
#5420 = EDGE_CURVE('',#5421,#5421,#5423,.T.);
#5421 = VERTEX_POINT('',#5422);
#5422 = CARTESIAN_POINT('',(124.453806,-104.226668,1.6));
#5423 = CIRCLE('',#5424,1.55);
#5424 = AXIS2_PLACEMENT_3D('',#5425,#5426,#5427);
#5425 = CARTESIAN_POINT('',(122.903806,-104.226668,1.6));
#5426 = DIRECTION('',(0.,0.,1.));
#5427 = DIRECTION('',(1.,0.,-0.));
#5428 = FACE_BOUND('',#5429,.F.);
#5429 = EDGE_LOOP('',(#5430));
#5430 = ORIENTED_EDGE('',*,*,#5431,.T.);
#5431 = EDGE_CURVE('',#5432,#5432,#5434,.T.);
#5432 = VERTEX_POINT('',#5433);
#5433 = CARTESIAN_POINT('',(173.344679,-92.748937,1.6));
#5434 = CIRCLE('',#5435,1.55);
#5435 = AXIS2_PLACEMENT_3D('',#5436,#5437,#5438);
#5436 = CARTESIAN_POINT('',(171.794679,-92.748937,1.6));
#5437 = DIRECTION('',(0.,0.,1.));
#5438 = DIRECTION('',(1.,0.,-0.));
#5439 = FACE_BOUND('',#5440,.F.);
#5440 = EDGE_LOOP('',(#5441));
#5441 = ORIENTED_EDGE('',*,*,#5442,.F.);
#5442 = EDGE_CURVE('',#5443,#5443,#5445,.T.);
#5443 = VERTEX_POINT('',#5444);
#5444 = CARTESIAN_POINT('',(156.87,-92.235,1.6));
#5445 = CIRCLE('',#5446,0.375);
#5446 = AXIS2_PLACEMENT_3D('',#5447,#5448,#5449);
#5447 = CARTESIAN_POINT('',(156.87,-91.86,1.6));
#5448 = DIRECTION('',(-0.,0.,-1.));
#5449 = DIRECTION('',(-0.,-1.,0.));
#5450 = FACE_BOUND('',#5451,.F.);
#5451 = EDGE_LOOP('',(#5452));
#5452 = ORIENTED_EDGE('',*,*,#5453,.F.);
#5453 = EDGE_CURVE('',#5454,#5454,#5456,.T.);
#5454 = VERTEX_POINT('',#5455);
#5455 = CARTESIAN_POINT('',(156.87,-90.965,1.6));
#5456 = CIRCLE('',#5457,0.375);
#5457 = AXIS2_PLACEMENT_3D('',#5458,#5459,#5460);
#5458 = CARTESIAN_POINT('',(156.87,-90.59,1.6));
#5459 = DIRECTION('',(-0.,0.,-1.));
#5460 = DIRECTION('',(-0.,-1.,0.));
#5461 = FACE_BOUND('',#5462,.F.);
#5462 = EDGE_LOOP('',(#5463));
#5463 = ORIENTED_EDGE('',*,*,#5464,.F.);
#5464 = EDGE_CURVE('',#5465,#5465,#5467,.T.);
#5465 = VERTEX_POINT('',#5466);
#5466 = CARTESIAN_POINT('',(156.87,-89.695,1.6));
#5467 = CIRCLE('',#5468,0.375);
#5468 = AXIS2_PLACEMENT_3D('',#5469,#5470,#5471);
#5469 = CARTESIAN_POINT('',(156.87,-89.32,1.6));
#5470 = DIRECTION('',(-0.,0.,-1.));
#5471 = DIRECTION('',(-0.,-1.,0.));
#5472 = FACE_BOUND('',#5473,.F.);
#5473 = EDGE_LOOP('',(#5474));
#5474 = ORIENTED_EDGE('',*,*,#5475,.F.);
#5475 = EDGE_CURVE('',#5476,#5476,#5478,.T.);
#5476 = VERTEX_POINT('',#5477);
#5477 = CARTESIAN_POINT('',(163.46,-85.665,1.6));
#5478 = CIRCLE('',#5479,0.375);
#5479 = AXIS2_PLACEMENT_3D('',#5480,#5481,#5482);
#5480 = CARTESIAN_POINT('',(163.46,-85.29,1.6));
#5481 = DIRECTION('',(-0.,0.,-1.));
#5482 = DIRECTION('',(-0.,-1.,0.));
#5483 = FACE_BOUND('',#5484,.F.);
#5484 = EDGE_LOOP('',(#5485));
#5485 = ORIENTED_EDGE('',*,*,#5486,.F.);
#5486 = EDGE_CURVE('',#5487,#5487,#5489,.T.);
#5487 = VERTEX_POINT('',#5488);
#5488 = CARTESIAN_POINT('',(162.19,-85.665,1.6));
#5489 = CIRCLE('',#5490,0.375);
#5490 = AXIS2_PLACEMENT_3D('',#5491,#5492,#5493);
#5491 = CARTESIAN_POINT('',(162.19,-85.29,1.6));
#5492 = DIRECTION('',(-0.,0.,-1.));
#5493 = DIRECTION('',(-0.,-1.,0.));
#5494 = FACE_BOUND('',#5495,.F.);
#5495 = EDGE_LOOP('',(#5496));
#5496 = ORIENTED_EDGE('',*,*,#5497,.F.);
#5497 = EDGE_CURVE('',#5498,#5498,#5500,.T.);
#5498 = VERTEX_POINT('',#5499);
#5499 = CARTESIAN_POINT('',(160.92,-85.665,1.6));
#5500 = CIRCLE('',#5501,0.375);
#5501 = AXIS2_PLACEMENT_3D('',#5502,#5503,#5504);
#5502 = CARTESIAN_POINT('',(160.92,-85.29,1.6));
#5503 = DIRECTION('',(-0.,0.,-1.));
#5504 = DIRECTION('',(-0.,-1.,0.));
#5505 = FACE_BOUND('',#5506,.F.);
#5506 = EDGE_LOOP('',(#5507));
#5507 = ORIENTED_EDGE('',*,*,#5508,.T.);
#5508 = EDGE_CURVE('',#5509,#5509,#5511,.T.);
#5509 = VERTEX_POINT('',#5510);
#5510 = CARTESIAN_POINT('',(154.638108,-74.042366,1.6));
#5511 = CIRCLE('',#5512,1.55);
#5512 = AXIS2_PLACEMENT_3D('',#5513,#5514,#5515);
#5513 = CARTESIAN_POINT('',(153.088108,-74.042366,1.6));
#5514 = DIRECTION('',(0.,0.,1.));
#5515 = DIRECTION('',(1.,0.,-0.));
#5516 = FACE_BOUND('',#5517,.F.);
#5517 = EDGE_LOOP('',(#5518));
#5518 = ORIENTED_EDGE('',*,*,#5519,.F.);
#5519 = EDGE_CURVE('',#5520,#5520,#5522,.T.);
#5520 = VERTEX_POINT('',#5521);
#5521 = CARTESIAN_POINT('',(146.503948,-98.103948,1.6));
#5522 = CIRCLE('',#5523,0.5);
#5523 = AXIS2_PLACEMENT_3D('',#5524,#5525,#5526);
#5524 = CARTESIAN_POINT('',(146.503948,-97.603948,1.6));
#5525 = DIRECTION('',(-0.,0.,-1.));
#5526 = DIRECTION('',(-0.,-1.,0.));
#5527 = FACE_BOUND('',#5528,.F.);
#5528 = EDGE_LOOP('',(#5529));
#5529 = ORIENTED_EDGE('',*,*,#5530,.F.);
#5530 = EDGE_CURVE('',#5531,#5531,#5533,.T.);
#5531 = VERTEX_POINT('',#5532);
#5532 = CARTESIAN_POINT('',(144.707897,-96.307897,1.6));
#5533 = CIRCLE('',#5534,0.5);
#5534 = AXIS2_PLACEMENT_3D('',#5535,#5536,#5537);
#5535 = CARTESIAN_POINT('',(144.707897,-95.807897,1.6));
#5536 = DIRECTION('',(-0.,0.,-1.));
#5537 = DIRECTION('',(-0.,-1.,0.));
#5538 = FACE_BOUND('',#5539,.F.);
#5539 = EDGE_LOOP('',(#5540));
#5540 = ORIENTED_EDGE('',*,*,#5541,.F.);
#5541 = EDGE_CURVE('',#5542,#5542,#5544,.T.);
#5542 = VERTEX_POINT('',#5543);
#5543 = CARTESIAN_POINT('',(142.911846,-94.511846,1.6));
#5544 = CIRCLE('',#5545,0.5);
#5545 = AXIS2_PLACEMENT_3D('',#5546,#5547,#5548);
#5546 = CARTESIAN_POINT('',(142.911846,-94.011846,1.6));
#5547 = DIRECTION('',(-0.,0.,-1.));
#5548 = DIRECTION('',(-0.,-1.,0.));
#5549 = PLANE('',#5550);
#5550 = AXIS2_PLACEMENT_3D('',#5551,#5552,#5553);
#5551 = CARTESIAN_POINT('',(147.34924278647,-98.48780218972,1.6));
#5552 = DIRECTION('',(-0.,-0.,-1.));
#5553 = DIRECTION('',(-1.,0.,0.));
#5554 = ADVANCED_FACE('',(#5555),#5566,.T.);
#5555 = FACE_BOUND('',#5556,.T.);
#5556 = EDGE_LOOP('',(#5557,#5563,#5564,#5565));
#5557 = ORIENTED_EDGE('',*,*,#5558,.T.);
#5558 = EDGE_CURVE('',#4965,#5293,#5559,.T.);
#5559 = LINE('',#5560,#5561);
#5560 = CARTESIAN_POINT('',(153.194173,-66.971299,0.));
#5561 = VECTOR('',#5562,1.);
#5562 = DIRECTION('',(0.,0.,1.));
#5563 = ORIENTED_EDGE('',*,*,#5300,.T.);
#5564 = ORIENTED_EDGE('',*,*,#4840,.F.);
#5565 = ORIENTED_EDGE('',*,*,#4972,.F.);
#5566 = CYLINDRICAL_SURFACE('',#5567,16.500011030209);
#5567 = AXIS2_PLACEMENT_3D('',#5568,#5569,#5570);
#5568 = CARTESIAN_POINT('',(164.86144034802,-78.6385710302,0.));
#5569 = DIRECTION('',(0.,0.,-1.));
#5570 = DIRECTION('',(-0.707106639302,0.707106923071,0.));
#5571 = ADVANCED_FACE('',(#5572),#5583,.T.);
#5572 = FACE_BOUND('',#5573,.T.);
#5573 = EDGE_LOOP('',(#5574,#5575,#5576,#5582));
#5574 = ORIENTED_EDGE('',*,*,#4880,.T.);
#5575 = ORIENTED_EDGE('',*,*,#5232,.T.);
#5576 = ORIENTED_EDGE('',*,*,#5577,.F.);
#5577 = EDGE_CURVE('',#4905,#5233,#5578,.T.);
#5578 = LINE('',#5579,#5580);
#5579 = CARTESIAN_POINT('',(178.865742,-92.642876,0.));
#5580 = VECTOR('',#5581,1.);
#5581 = DIRECTION('',(0.,0.,1.));
#5582 = ORIENTED_EDGE('',*,*,#4904,.F.);
#5583 = CYLINDRICAL_SURFACE('',#5584,16.500009106313);
#5584 = AXIS2_PLACEMENT_3D('',#5585,#5586,#5587);
#5585 = CARTESIAN_POINT('',(167.19847589368,-80.97560544888,0.));
#5586 = DIRECTION('',(0.,0.,-1.));
#5587 = DIRECTION('',(1.,2.72052090792E-08,0.));
#5588 = ADVANCED_FACE('',(#5589),#5600,.T.);
#5589 = FACE_BOUND('',#5590,.T.);
#5590 = EDGE_LOOP('',(#5591,#5597,#5598,#5599));
#5591 = ORIENTED_EDGE('',*,*,#5592,.T.);
#5592 = EDGE_CURVE('',#4956,#5284,#5593,.T.);
#5593 = LINE('',#5594,#5595);
#5594 = CARTESIAN_POINT('',(115.832739,-104.332733,0.));
#5595 = VECTOR('',#5596,1.);
#5596 = DIRECTION('',(0.,0.,1.));
#5597 = ORIENTED_EDGE('',*,*,#5292,.T.);
#5598 = ORIENTED_EDGE('',*,*,#5558,.F.);
#5599 = ORIENTED_EDGE('',*,*,#4964,.F.);
#5600 = PLANE('',#5601);
#5601 = AXIS2_PLACEMENT_3D('',#5602,#5603,#5604);
#5602 = CARTESIAN_POINT('',(115.832739,-104.332733,0.));
#5603 = DIRECTION('',(-0.707106781187,0.707106781187,0.));
#5604 = DIRECTION('',(0.707106781187,0.707106781187,0.));
#5605 = ADVANCED_FACE('',(#5606),#5617,.T.);
#5606 = FACE_BOUND('',#5607,.T.);
#5607 = EDGE_LOOP('',(#5608,#5609,#5610,#5616));
#5608 = ORIENTED_EDGE('',*,*,#5577,.T.);
#5609 = ORIENTED_EDGE('',*,*,#5241,.T.);
#5610 = ORIENTED_EDGE('',*,*,#5611,.F.);
#5611 = EDGE_CURVE('',#4914,#5242,#5612,.T.);
#5612 = LINE('',#5613,#5614);
#5613 = CARTESIAN_POINT('',(141.504312,-130.004306,0.));
#5614 = VECTOR('',#5615,1.);
#5615 = DIRECTION('',(0.,0.,1.));
#5616 = ORIENTED_EDGE('',*,*,#4913,.F.);
#5617 = PLANE('',#5618);
#5618 = AXIS2_PLACEMENT_3D('',#5619,#5620,#5621);
#5619 = CARTESIAN_POINT('',(178.865742,-92.642876,0.));
#5620 = DIRECTION('',(0.707106781187,-0.707106781187,0.));
#5621 = DIRECTION('',(-0.707106781187,-0.707106781187,0.));
#5622 = ADVANCED_FACE('',(#5623),#5634,.T.);
#5623 = FACE_BOUND('',#5624,.T.);
#5624 = EDGE_LOOP('',(#5625,#5631,#5632,#5633));
#5625 = ORIENTED_EDGE('',*,*,#5626,.T.);
#5626 = EDGE_CURVE('',#4948,#5276,#5627,.T.);
#5627 = LINE('',#5628,#5629);
#5628 = CARTESIAN_POINT('',(111.,-115.999998,0.));
#5629 = VECTOR('',#5630,1.);
#5630 = DIRECTION('',(0.,0.,1.));
#5631 = ORIENTED_EDGE('',*,*,#5283,.T.);
#5632 = ORIENTED_EDGE('',*,*,#5592,.F.);
#5633 = ORIENTED_EDGE('',*,*,#4955,.F.);
#5634 = CYLINDRICAL_SURFACE('',#5635,16.500007182432);
#5635 = AXIS2_PLACEMENT_3D('',#5636,#5637,#5638);
#5636 = CARTESIAN_POINT('',(127.50000718243,-115.9999987542,0.));
#5637 = DIRECTION('',(0.,0.,-1.));
#5638 = DIRECTION('',(-1.,4.57100917309E-08,0.));
#5639 = ADVANCED_FACE('',(#5640),#5651,.T.);
#5640 = FACE_BOUND('',#5641,.T.);
#5641 = EDGE_LOOP('',(#5642,#5643,#5644,#5650));
#5642 = ORIENTED_EDGE('',*,*,#5611,.T.);
#5643 = ORIENTED_EDGE('',*,*,#5249,.T.);
#5644 = ORIENTED_EDGE('',*,*,#5645,.F.);
#5645 = EDGE_CURVE('',#4922,#5250,#5646,.T.);
#5646 = LINE('',#5647,#5648);
#5647 = CARTESIAN_POINT('',(129.837047,-134.837045,0.));
#5648 = VECTOR('',#5649,1.);
#5649 = DIRECTION('',(0.,0.,1.));
#5650 = ORIENTED_EDGE('',*,*,#4921,.F.);
#5651 = CYLINDRICAL_SURFACE('',#5652,16.500007182432);
#5652 = AXIS2_PLACEMENT_3D('',#5653,#5654,#5655);
#5653 = CARTESIAN_POINT('',(129.83704624578,-118.3370378175,0.));
#5654 = DIRECTION('',(0.,0.,-1.));
#5655 = DIRECTION('',(0.707106707604,-0.707106854769,0.));
#5656 = ADVANCED_FACE('',(#5657),#5668,.T.);
#5657 = FACE_BOUND('',#5658,.T.);
#5658 = EDGE_LOOP('',(#5659,#5665,#5666,#5667));
#5659 = ORIENTED_EDGE('',*,*,#5660,.T.);
#5660 = EDGE_CURVE('',#4939,#5267,#5661,.T.);
#5661 = LINE('',#5662,#5663);
#5662 = CARTESIAN_POINT('',(111.,-118.337045,0.));
#5663 = VECTOR('',#5664,1.);
#5664 = DIRECTION('',(0.,0.,1.));
#5665 = ORIENTED_EDGE('',*,*,#5275,.T.);
#5666 = ORIENTED_EDGE('',*,*,#5626,.F.);
#5667 = ORIENTED_EDGE('',*,*,#4947,.F.);
#5668 = PLANE('',#5669);
#5669 = AXIS2_PLACEMENT_3D('',#5670,#5671,#5672);
#5670 = CARTESIAN_POINT('',(111.,-118.337045,0.));
#5671 = DIRECTION('',(-1.,0.,0.));
#5672 = DIRECTION('',(0.,1.,0.));
#5673 = ADVANCED_FACE('',(#5674),#5685,.T.);
#5674 = FACE_BOUND('',#5675,.T.);
#5675 = EDGE_LOOP('',(#5676,#5677,#5678,#5684));
#5676 = ORIENTED_EDGE('',*,*,#5645,.T.);
#5677 = ORIENTED_EDGE('',*,*,#5258,.T.);
#5678 = ORIENTED_EDGE('',*,*,#5679,.F.);
#5679 = EDGE_CURVE('',#4931,#5259,#5680,.T.);
#5680 = LINE('',#5681,#5682);
#5681 = CARTESIAN_POINT('',(127.5,-134.837045,0.));
#5682 = VECTOR('',#5683,1.);
#5683 = DIRECTION('',(0.,0.,1.));
#5684 = ORIENTED_EDGE('',*,*,#4930,.F.);
#5685 = PLANE('',#5686);
#5686 = AXIS2_PLACEMENT_3D('',#5687,#5688,#5689);
#5687 = CARTESIAN_POINT('',(129.837047,-134.837045,0.));
#5688 = DIRECTION('',(0.,-1.,0.));
#5689 = DIRECTION('',(-1.,0.,0.));
#5690 = ADVANCED_FACE('',(#5691),#5697,.T.);
#5691 = FACE_BOUND('',#5692,.T.);
#5692 = EDGE_LOOP('',(#5693,#5694,#5695,#5696));
#5693 = ORIENTED_EDGE('',*,*,#5679,.T.);
#5694 = ORIENTED_EDGE('',*,*,#5266,.T.);
#5695 = ORIENTED_EDGE('',*,*,#5660,.F.);
#5696 = ORIENTED_EDGE('',*,*,#4938,.F.);
#5697 = CYLINDRICAL_SURFACE('',#5698,16.499999622996);
#5698 = AXIS2_PLACEMENT_3D('',#5699,#5700,#5701);
#5699 = CARTESIAN_POINT('',(127.49999962299,-118.337045377,0.));
#5700 = DIRECTION('',(0.,0.,-1.));
#5701 = DIRECTION('',(2.284873896542E-08,-1.,0.));
#5702 = ADVANCED_FACE('',(#5703),#5714,.F.);
#5703 = FACE_BOUND('',#5704,.T.);
#5704 = EDGE_LOOP('',(#5705,#5706,#5712,#5713));
#5705 = ORIENTED_EDGE('',*,*,#4982,.T.);
#5706 = ORIENTED_EDGE('',*,*,#5707,.T.);
#5707 = EDGE_CURVE('',#4983,#5311,#5708,.T.);
#5708 = LINE('',#5709,#5710);
#5709 = CARTESIAN_POINT('',(151.892102,-103.492102,-4.5E-02));
#5710 = VECTOR('',#5711,1.);
#5711 = DIRECTION('',(0.,0.,1.));
#5712 = ORIENTED_EDGE('',*,*,#5310,.F.);
#5713 = ORIENTED_EDGE('',*,*,#5707,.F.);
#5714 = CYLINDRICAL_SURFACE('',#5715,0.5);
#5715 = AXIS2_PLACEMENT_3D('',#5716,#5717,#5718);
#5716 = CARTESIAN_POINT('',(151.892102,-102.992102,-4.5E-02));
#5717 = DIRECTION('',(-0.,-0.,-1.));
#5718 = DIRECTION('',(-0.,-1.,0.));
#5719 = ADVANCED_FACE('',(#5720),#5731,.F.);
#5720 = FACE_BOUND('',#5721,.T.);
#5721 = EDGE_LOOP('',(#5722,#5723,#5729,#5730));
#5722 = ORIENTED_EDGE('',*,*,#4993,.T.);
#5723 = ORIENTED_EDGE('',*,*,#5724,.T.);
#5724 = EDGE_CURVE('',#4994,#5322,#5725,.T.);
#5725 = LINE('',#5726,#5727);
#5726 = CARTESIAN_POINT('',(150.096051,-101.696051,-4.5E-02));
#5727 = VECTOR('',#5728,1.);
#5728 = DIRECTION('',(0.,0.,1.));
#5729 = ORIENTED_EDGE('',*,*,#5321,.F.);
#5730 = ORIENTED_EDGE('',*,*,#5724,.F.);
#5731 = CYLINDRICAL_SURFACE('',#5732,0.5);
#5732 = AXIS2_PLACEMENT_3D('',#5733,#5734,#5735);
#5733 = CARTESIAN_POINT('',(150.096051,-101.196051,-4.5E-02));
#5734 = DIRECTION('',(-0.,-0.,-1.));
#5735 = DIRECTION('',(-0.,-1.,0.));
#5736 = ADVANCED_FACE('',(#5737),#5748,.F.);
#5737 = FACE_BOUND('',#5738,.T.);
#5738 = EDGE_LOOP('',(#5739,#5740,#5746,#5747));
#5739 = ORIENTED_EDGE('',*,*,#5004,.T.);
#5740 = ORIENTED_EDGE('',*,*,#5741,.T.);
#5741 = EDGE_CURVE('',#5005,#5333,#5742,.T.);
#5742 = LINE('',#5743,#5744);
#5743 = CARTESIAN_POINT('',(148.3,-99.9,-4.5E-02));
#5744 = VECTOR('',#5745,1.);
#5745 = DIRECTION('',(0.,0.,1.));
#5746 = ORIENTED_EDGE('',*,*,#5332,.F.);
#5747 = ORIENTED_EDGE('',*,*,#5741,.F.);
#5748 = CYLINDRICAL_SURFACE('',#5749,0.5);
#5749 = AXIS2_PLACEMENT_3D('',#5750,#5751,#5752);
#5750 = CARTESIAN_POINT('',(148.3,-99.4,-4.5E-02));
#5751 = DIRECTION('',(-0.,-0.,-1.));
#5752 = DIRECTION('',(-0.,-1.,0.));
#5753 = ADVANCED_FACE('',(#5754),#5765,.F.);
#5754 = FACE_BOUND('',#5755,.T.);
#5755 = EDGE_LOOP('',(#5756,#5762,#5763,#5764));
#5756 = ORIENTED_EDGE('',*,*,#5757,.T.);
#5757 = EDGE_CURVE('',#5016,#5344,#5758,.T.);
#5758 = LINE('',#5759,#5760);
#5759 = CARTESIAN_POINT('',(143.160377,-122.933239,0.));
#5760 = VECTOR('',#5761,1.);
#5761 = DIRECTION('',(0.,0.,1.));
#5762 = ORIENTED_EDGE('',*,*,#5343,.T.);
#5763 = ORIENTED_EDGE('',*,*,#5757,.F.);
#5764 = ORIENTED_EDGE('',*,*,#5015,.F.);
#5765 = CYLINDRICAL_SURFACE('',#5766,1.55);
#5766 = AXIS2_PLACEMENT_3D('',#5767,#5768,#5769);
#5767 = CARTESIAN_POINT('',(141.610377,-122.933239,0.));
#5768 = DIRECTION('',(-0.,-0.,-1.));
#5769 = DIRECTION('',(1.,0.,-0.));
#5770 = ADVANCED_FACE('',(#5771),#5782,.F.);
#5771 = FACE_BOUND('',#5772,.T.);
#5772 = EDGE_LOOP('',(#5773,#5774,#5780,#5781));
#5773 = ORIENTED_EDGE('',*,*,#5026,.T.);
#5774 = ORIENTED_EDGE('',*,*,#5775,.T.);
#5775 = EDGE_CURVE('',#5027,#5355,#5776,.T.);
#5776 = LINE('',#5777,#5778);
#5777 = CARTESIAN_POINT('',(137.83,-107.965,-4.5E-02));
#5778 = VECTOR('',#5779,1.);
#5779 = DIRECTION('',(0.,0.,1.));
#5780 = ORIENTED_EDGE('',*,*,#5354,.F.);
#5781 = ORIENTED_EDGE('',*,*,#5775,.F.);
#5782 = CYLINDRICAL_SURFACE('',#5783,0.375);
#5783 = AXIS2_PLACEMENT_3D('',#5784,#5785,#5786);
#5784 = CARTESIAN_POINT('',(137.83,-107.59,-4.5E-02));
#5785 = DIRECTION('',(-0.,-0.,-1.));
#5786 = DIRECTION('',(-0.,-1.,0.));
#5787 = ADVANCED_FACE('',(#5788),#5799,.F.);
#5788 = FACE_BOUND('',#5789,.T.);
#5789 = EDGE_LOOP('',(#5790,#5791,#5797,#5798));
#5790 = ORIENTED_EDGE('',*,*,#5037,.T.);
#5791 = ORIENTED_EDGE('',*,*,#5792,.T.);
#5792 = EDGE_CURVE('',#5038,#5366,#5793,.T.);
#5793 = LINE('',#5794,#5795);
#5794 = CARTESIAN_POINT('',(137.83,-106.695,-4.5E-02));
#5795 = VECTOR('',#5796,1.);
#5796 = DIRECTION('',(0.,0.,1.));
#5797 = ORIENTED_EDGE('',*,*,#5365,.F.);
#5798 = ORIENTED_EDGE('',*,*,#5792,.F.);
#5799 = CYLINDRICAL_SURFACE('',#5800,0.375);
#5800 = AXIS2_PLACEMENT_3D('',#5801,#5802,#5803);
#5801 = CARTESIAN_POINT('',(137.83,-106.32,-4.5E-02));
#5802 = DIRECTION('',(-0.,-0.,-1.));
#5803 = DIRECTION('',(-0.,-1.,0.));
#5804 = ADVANCED_FACE('',(#5805),#5816,.F.);
#5805 = FACE_BOUND('',#5806,.T.);
#5806 = EDGE_LOOP('',(#5807,#5808,#5814,#5815));
#5807 = ORIENTED_EDGE('',*,*,#5048,.T.);
#5808 = ORIENTED_EDGE('',*,*,#5809,.T.);
#5809 = EDGE_CURVE('',#5049,#5377,#5810,.T.);
#5810 = LINE('',#5811,#5812);
#5811 = CARTESIAN_POINT('',(137.83,-105.425,-4.5E-02));
#5812 = VECTOR('',#5813,1.);
#5813 = DIRECTION('',(0.,0.,1.));
#5814 = ORIENTED_EDGE('',*,*,#5376,.F.);
#5815 = ORIENTED_EDGE('',*,*,#5809,.F.);
#5816 = CYLINDRICAL_SURFACE('',#5817,0.375);
#5817 = AXIS2_PLACEMENT_3D('',#5818,#5819,#5820);
#5818 = CARTESIAN_POINT('',(137.83,-105.05,-4.5E-02));
#5819 = DIRECTION('',(-0.,-0.,-1.));
#5820 = DIRECTION('',(-0.,-1.,0.));
#5821 = ADVANCED_FACE('',(#5822),#5833,.F.);
#5822 = FACE_BOUND('',#5823,.T.);
#5823 = EDGE_LOOP('',(#5824,#5825,#5831,#5832));
#5824 = ORIENTED_EDGE('',*,*,#5059,.T.);
#5825 = ORIENTED_EDGE('',*,*,#5826,.T.);
#5826 = EDGE_CURVE('',#5060,#5388,#5827,.T.);
#5827 = LINE('',#5828,#5829);
#5828 = CARTESIAN_POINT('',(133.8,-101.375,-4.5E-02));
#5829 = VECTOR('',#5830,1.);
#5830 = DIRECTION('',(0.,0.,1.));
#5831 = ORIENTED_EDGE('',*,*,#5387,.F.);
#5832 = ORIENTED_EDGE('',*,*,#5826,.F.);
#5833 = CYLINDRICAL_SURFACE('',#5834,0.375);
#5834 = AXIS2_PLACEMENT_3D('',#5835,#5836,#5837);
#5835 = CARTESIAN_POINT('',(133.8,-101.,-4.5E-02));
#5836 = DIRECTION('',(-0.,-0.,-1.));
#5837 = DIRECTION('',(-0.,-1.,0.));
#5838 = ADVANCED_FACE('',(#5839),#5850,.F.);
#5839 = FACE_BOUND('',#5840,.T.);
#5840 = EDGE_LOOP('',(#5841,#5842,#5848,#5849));
#5841 = ORIENTED_EDGE('',*,*,#5070,.T.);
#5842 = ORIENTED_EDGE('',*,*,#5843,.T.);
#5843 = EDGE_CURVE('',#5071,#5399,#5844,.T.);
#5844 = LINE('',#5845,#5846);
#5845 = CARTESIAN_POINT('',(132.53,-101.375,-4.5E-02));
#5846 = VECTOR('',#5847,1.);
#5847 = DIRECTION('',(0.,0.,1.));
#5848 = ORIENTED_EDGE('',*,*,#5398,.F.);
#5849 = ORIENTED_EDGE('',*,*,#5843,.F.);
#5850 = CYLINDRICAL_SURFACE('',#5851,0.375);
#5851 = AXIS2_PLACEMENT_3D('',#5852,#5853,#5854);
#5852 = CARTESIAN_POINT('',(132.53,-101.,-4.5E-02));
#5853 = DIRECTION('',(-0.,-0.,-1.));
#5854 = DIRECTION('',(-0.,-1.,0.));
#5855 = ADVANCED_FACE('',(#5856),#5867,.F.);
#5856 = FACE_BOUND('',#5857,.T.);
#5857 = EDGE_LOOP('',(#5858,#5859,#5865,#5866));
#5858 = ORIENTED_EDGE('',*,*,#5081,.T.);
#5859 = ORIENTED_EDGE('',*,*,#5860,.T.);
#5860 = EDGE_CURVE('',#5082,#5410,#5861,.T.);
#5861 = LINE('',#5862,#5863);
#5862 = CARTESIAN_POINT('',(131.26,-101.375,-4.5E-02));
#5863 = VECTOR('',#5864,1.);
#5864 = DIRECTION('',(0.,0.,1.));
#5865 = ORIENTED_EDGE('',*,*,#5409,.F.);
#5866 = ORIENTED_EDGE('',*,*,#5860,.F.);
#5867 = CYLINDRICAL_SURFACE('',#5868,0.375);
#5868 = AXIS2_PLACEMENT_3D('',#5869,#5870,#5871);
#5869 = CARTESIAN_POINT('',(131.26,-101.,-4.5E-02));
#5870 = DIRECTION('',(-0.,-0.,-1.));
#5871 = DIRECTION('',(-0.,-1.,0.));
#5872 = ADVANCED_FACE('',(#5873),#5884,.F.);
#5873 = FACE_BOUND('',#5874,.T.);
#5874 = EDGE_LOOP('',(#5875,#5881,#5882,#5883));
#5875 = ORIENTED_EDGE('',*,*,#5876,.T.);
#5876 = EDGE_CURVE('',#5093,#5421,#5877,.T.);
#5877 = LINE('',#5878,#5879);
#5878 = CARTESIAN_POINT('',(124.453806,-104.226668,0.));
#5879 = VECTOR('',#5880,1.);
#5880 = DIRECTION('',(0.,0.,1.));
#5881 = ORIENTED_EDGE('',*,*,#5420,.T.);
#5882 = ORIENTED_EDGE('',*,*,#5876,.F.);
#5883 = ORIENTED_EDGE('',*,*,#5092,.F.);
#5884 = CYLINDRICAL_SURFACE('',#5885,1.55);
#5885 = AXIS2_PLACEMENT_3D('',#5886,#5887,#5888);
#5886 = CARTESIAN_POINT('',(122.903806,-104.226668,0.));
#5887 = DIRECTION('',(-0.,-0.,-1.));
#5888 = DIRECTION('',(1.,0.,-0.));
#5889 = ADVANCED_FACE('',(#5890),#5901,.F.);
#5890 = FACE_BOUND('',#5891,.T.);
#5891 = EDGE_LOOP('',(#5892,#5898,#5899,#5900));
#5892 = ORIENTED_EDGE('',*,*,#5893,.T.);
#5893 = EDGE_CURVE('',#5104,#5432,#5894,.T.);
#5894 = LINE('',#5895,#5896);
#5895 = CARTESIAN_POINT('',(173.344679,-92.748937,0.));
#5896 = VECTOR('',#5897,1.);
#5897 = DIRECTION('',(0.,0.,1.));
#5898 = ORIENTED_EDGE('',*,*,#5431,.T.);
#5899 = ORIENTED_EDGE('',*,*,#5893,.F.);
#5900 = ORIENTED_EDGE('',*,*,#5103,.F.);
#5901 = CYLINDRICAL_SURFACE('',#5902,1.55);
#5902 = AXIS2_PLACEMENT_3D('',#5903,#5904,#5905);
#5903 = CARTESIAN_POINT('',(171.794679,-92.748937,0.));
#5904 = DIRECTION('',(-0.,-0.,-1.));
#5905 = DIRECTION('',(1.,0.,-0.));
#5906 = ADVANCED_FACE('',(#5907),#5918,.F.);
#5907 = FACE_BOUND('',#5908,.T.);
#5908 = EDGE_LOOP('',(#5909,#5910,#5916,#5917));
#5909 = ORIENTED_EDGE('',*,*,#5114,.T.);
#5910 = ORIENTED_EDGE('',*,*,#5911,.T.);
#5911 = EDGE_CURVE('',#5115,#5443,#5912,.T.);
#5912 = LINE('',#5913,#5914);
#5913 = CARTESIAN_POINT('',(156.87,-92.235,-4.5E-02));
#5914 = VECTOR('',#5915,1.);
#5915 = DIRECTION('',(0.,0.,1.));
#5916 = ORIENTED_EDGE('',*,*,#5442,.F.);
#5917 = ORIENTED_EDGE('',*,*,#5911,.F.);
#5918 = CYLINDRICAL_SURFACE('',#5919,0.375);
#5919 = AXIS2_PLACEMENT_3D('',#5920,#5921,#5922);
#5920 = CARTESIAN_POINT('',(156.87,-91.86,-4.5E-02));
#5921 = DIRECTION('',(-0.,-0.,-1.));
#5922 = DIRECTION('',(-0.,-1.,0.));
#5923 = ADVANCED_FACE('',(#5924),#5935,.F.);
#5924 = FACE_BOUND('',#5925,.T.);
#5925 = EDGE_LOOP('',(#5926,#5927,#5933,#5934));
#5926 = ORIENTED_EDGE('',*,*,#5125,.T.);
#5927 = ORIENTED_EDGE('',*,*,#5928,.T.);
#5928 = EDGE_CURVE('',#5126,#5454,#5929,.T.);
#5929 = LINE('',#5930,#5931);
#5930 = CARTESIAN_POINT('',(156.87,-90.965,-4.5E-02));
#5931 = VECTOR('',#5932,1.);
#5932 = DIRECTION('',(0.,0.,1.));
#5933 = ORIENTED_EDGE('',*,*,#5453,.F.);
#5934 = ORIENTED_EDGE('',*,*,#5928,.F.);
#5935 = CYLINDRICAL_SURFACE('',#5936,0.375);
#5936 = AXIS2_PLACEMENT_3D('',#5937,#5938,#5939);
#5937 = CARTESIAN_POINT('',(156.87,-90.59,-4.5E-02));
#5938 = DIRECTION('',(-0.,-0.,-1.));
#5939 = DIRECTION('',(-0.,-1.,0.));
#5940 = ADVANCED_FACE('',(#5941),#5952,.F.);
#5941 = FACE_BOUND('',#5942,.T.);
#5942 = EDGE_LOOP('',(#5943,#5944,#5950,#5951));
#5943 = ORIENTED_EDGE('',*,*,#5136,.T.);
#5944 = ORIENTED_EDGE('',*,*,#5945,.T.);
#5945 = EDGE_CURVE('',#5137,#5465,#5946,.T.);
#5946 = LINE('',#5947,#5948);
#5947 = CARTESIAN_POINT('',(156.87,-89.695,-4.5E-02));
#5948 = VECTOR('',#5949,1.);
#5949 = DIRECTION('',(0.,0.,1.));
#5950 = ORIENTED_EDGE('',*,*,#5464,.F.);
#5951 = ORIENTED_EDGE('',*,*,#5945,.F.);
#5952 = CYLINDRICAL_SURFACE('',#5953,0.375);
#5953 = AXIS2_PLACEMENT_3D('',#5954,#5955,#5956);
#5954 = CARTESIAN_POINT('',(156.87,-89.32,-4.5E-02));
#5955 = DIRECTION('',(-0.,-0.,-1.));
#5956 = DIRECTION('',(-0.,-1.,0.));
#5957 = ADVANCED_FACE('',(#5958),#5969,.F.);
#5958 = FACE_BOUND('',#5959,.T.);
#5959 = EDGE_LOOP('',(#5960,#5961,#5967,#5968));
#5960 = ORIENTED_EDGE('',*,*,#5147,.T.);
#5961 = ORIENTED_EDGE('',*,*,#5962,.T.);
#5962 = EDGE_CURVE('',#5148,#5476,#5963,.T.);
#5963 = LINE('',#5964,#5965);
#5964 = CARTESIAN_POINT('',(163.46,-85.665,-4.5E-02));
#5965 = VECTOR('',#5966,1.);
#5966 = DIRECTION('',(0.,0.,1.));
#5967 = ORIENTED_EDGE('',*,*,#5475,.F.);
#5968 = ORIENTED_EDGE('',*,*,#5962,.F.);
#5969 = CYLINDRICAL_SURFACE('',#5970,0.375);
#5970 = AXIS2_PLACEMENT_3D('',#5971,#5972,#5973);
#5971 = CARTESIAN_POINT('',(163.46,-85.29,-4.5E-02));
#5972 = DIRECTION('',(-0.,-0.,-1.));
#5973 = DIRECTION('',(-0.,-1.,0.));
#5974 = ADVANCED_FACE('',(#5975),#5986,.F.);
#5975 = FACE_BOUND('',#5976,.T.);
#5976 = EDGE_LOOP('',(#5977,#5978,#5984,#5985));
#5977 = ORIENTED_EDGE('',*,*,#5158,.T.);
#5978 = ORIENTED_EDGE('',*,*,#5979,.T.);
#5979 = EDGE_CURVE('',#5159,#5487,#5980,.T.);
#5980 = LINE('',#5981,#5982);
#5981 = CARTESIAN_POINT('',(162.19,-85.665,-4.5E-02));
#5982 = VECTOR('',#5983,1.);
#5983 = DIRECTION('',(0.,0.,1.));
#5984 = ORIENTED_EDGE('',*,*,#5486,.F.);
#5985 = ORIENTED_EDGE('',*,*,#5979,.F.);
#5986 = CYLINDRICAL_SURFACE('',#5987,0.375);
#5987 = AXIS2_PLACEMENT_3D('',#5988,#5989,#5990);
#5988 = CARTESIAN_POINT('',(162.19,-85.29,-4.5E-02));
#5989 = DIRECTION('',(-0.,-0.,-1.));
#5990 = DIRECTION('',(-0.,-1.,0.));
#5991 = ADVANCED_FACE('',(#5992),#6003,.F.);
#5992 = FACE_BOUND('',#5993,.T.);
#5993 = EDGE_LOOP('',(#5994,#5995,#6001,#6002));
#5994 = ORIENTED_EDGE('',*,*,#5169,.T.);
#5995 = ORIENTED_EDGE('',*,*,#5996,.T.);
#5996 = EDGE_CURVE('',#5170,#5498,#5997,.T.);
#5997 = LINE('',#5998,#5999);
#5998 = CARTESIAN_POINT('',(160.92,-85.665,-4.5E-02));
#5999 = VECTOR('',#6000,1.);
#6000 = DIRECTION('',(0.,0.,1.));
#6001 = ORIENTED_EDGE('',*,*,#5497,.F.);
#6002 = ORIENTED_EDGE('',*,*,#5996,.F.);
#6003 = CYLINDRICAL_SURFACE('',#6004,0.375);
#6004 = AXIS2_PLACEMENT_3D('',#6005,#6006,#6007);
#6005 = CARTESIAN_POINT('',(160.92,-85.29,-4.5E-02));
#6006 = DIRECTION('',(-0.,-0.,-1.));
#6007 = DIRECTION('',(-0.,-1.,0.));
#6008 = ADVANCED_FACE('',(#6009),#6020,.F.);
#6009 = FACE_BOUND('',#6010,.T.);
#6010 = EDGE_LOOP('',(#6011,#6017,#6018,#6019));
#6011 = ORIENTED_EDGE('',*,*,#6012,.T.);
#6012 = EDGE_CURVE('',#5181,#5509,#6013,.T.);
#6013 = LINE('',#6014,#6015);
#6014 = CARTESIAN_POINT('',(154.638108,-74.042366,0.));
#6015 = VECTOR('',#6016,1.);
#6016 = DIRECTION('',(0.,0.,1.));
#6017 = ORIENTED_EDGE('',*,*,#5508,.T.);
#6018 = ORIENTED_EDGE('',*,*,#6012,.F.);
#6019 = ORIENTED_EDGE('',*,*,#5180,.F.);
#6020 = CYLINDRICAL_SURFACE('',#6021,1.55);
#6021 = AXIS2_PLACEMENT_3D('',#6022,#6023,#6024);
#6022 = CARTESIAN_POINT('',(153.088108,-74.042366,0.));
#6023 = DIRECTION('',(-0.,-0.,-1.));
#6024 = DIRECTION('',(1.,0.,-0.));
#6025 = ADVANCED_FACE('',(#6026),#6037,.F.);
#6026 = FACE_BOUND('',#6027,.T.);
#6027 = EDGE_LOOP('',(#6028,#6029,#6035,#6036));
#6028 = ORIENTED_EDGE('',*,*,#5191,.T.);
#6029 = ORIENTED_EDGE('',*,*,#6030,.T.);
#6030 = EDGE_CURVE('',#5192,#5520,#6031,.T.);
#6031 = LINE('',#6032,#6033);
#6032 = CARTESIAN_POINT('',(146.503948,-98.103948,-4.5E-02));
#6033 = VECTOR('',#6034,1.);
#6034 = DIRECTION('',(0.,0.,1.));
#6035 = ORIENTED_EDGE('',*,*,#5519,.F.);
#6036 = ORIENTED_EDGE('',*,*,#6030,.F.);
#6037 = CYLINDRICAL_SURFACE('',#6038,0.5);
#6038 = AXIS2_PLACEMENT_3D('',#6039,#6040,#6041);
#6039 = CARTESIAN_POINT('',(146.503948,-97.603948,-4.5E-02));
#6040 = DIRECTION('',(-0.,-0.,-1.));
#6041 = DIRECTION('',(-0.,-1.,0.));
#6042 = ADVANCED_FACE('',(#6043),#6054,.F.);
#6043 = FACE_BOUND('',#6044,.T.);
#6044 = EDGE_LOOP('',(#6045,#6046,#6052,#6053));
#6045 = ORIENTED_EDGE('',*,*,#5202,.T.);
#6046 = ORIENTED_EDGE('',*,*,#6047,.T.);
#6047 = EDGE_CURVE('',#5203,#5531,#6048,.T.);
#6048 = LINE('',#6049,#6050);
#6049 = CARTESIAN_POINT('',(144.707897,-96.307897,-4.5E-02));
#6050 = VECTOR('',#6051,1.);
#6051 = DIRECTION('',(0.,0.,1.));
#6052 = ORIENTED_EDGE('',*,*,#5530,.F.);
#6053 = ORIENTED_EDGE('',*,*,#6047,.F.);
#6054 = CYLINDRICAL_SURFACE('',#6055,0.5);
#6055 = AXIS2_PLACEMENT_3D('',#6056,#6057,#6058);
#6056 = CARTESIAN_POINT('',(144.707897,-95.807897,-4.5E-02));
#6057 = DIRECTION('',(-0.,-0.,-1.));
#6058 = DIRECTION('',(-0.,-1.,0.));
#6059 = ADVANCED_FACE('',(#6060),#6071,.F.);
#6060 = FACE_BOUND('',#6061,.T.);
#6061 = EDGE_LOOP('',(#6062,#6063,#6069,#6070));
#6062 = ORIENTED_EDGE('',*,*,#5213,.T.);
#6063 = ORIENTED_EDGE('',*,*,#6064,.T.);
#6064 = EDGE_CURVE('',#5214,#5542,#6065,.T.);
#6065 = LINE('',#6066,#6067);
#6066 = CARTESIAN_POINT('',(142.911846,-94.511846,-4.5E-02));
#6067 = VECTOR('',#6068,1.);
#6068 = DIRECTION('',(0.,0.,1.));
#6069 = ORIENTED_EDGE('',*,*,#5541,.F.);
#6070 = ORIENTED_EDGE('',*,*,#6064,.F.);
#6071 = CYLINDRICAL_SURFACE('',#6072,0.5);
#6072 = AXIS2_PLACEMENT_3D('',#6073,#6074,#6075);
#6073 = CARTESIAN_POINT('',(142.911846,-94.011846,-4.5E-02));
#6074 = DIRECTION('',(-0.,-0.,-1.));
#6075 = DIRECTION('',(-0.,-1.,0.));
#6076 = ( GEOMETRIC_REPRESENTATION_CONTEXT(3) 
GLOBAL_UNCERTAINTY_ASSIGNED_CONTEXT((#6080)) 
GLOBAL_UNIT_ASSIGNED_CONTEXT((#6077,#6078,#6079)) REPRESENTATION_CONTEXT
('Context #1','3D Context with UNIT and UNCERTAINTY') );
#6077 = ( LENGTH_UNIT() NAMED_UNIT(*) SI_UNIT(.MILLI.,.METRE.) );
#6078 = ( NAMED_UNIT(*) PLANE_ANGLE_UNIT() SI_UNIT($,.RADIAN.) );
#6079 = ( NAMED_UNIT(*) SI_UNIT($,.STERADIAN.) SOLID_ANGLE_UNIT() );
#6080 = UNCERTAINTY_MEASURE_WITH_UNIT(LENGTH_MEASURE(1.E-07),#6077,
  'distance_accuracy_value','confusion accuracy');
#6081 = CONTEXT_DEPENDENT_SHAPE_REPRESENTATION(#6082,#6084);
#6082 = ( REPRESENTATION_RELATIONSHIP('','',#4791,#10) 
REPRESENTATION_RELATIONSHIP_WITH_TRANSFORMATION(#6083) 
SHAPE_REPRESENTATION_RELATIONSHIP() );
#6083 = ITEM_DEFINED_TRANSFORMATION('','',#11,#35);
#6084 = PRODUCT_DEFINITION_SHAPE('Placement','Placement of an item',
  #6085);
#6085 = NEXT_ASSEMBLY_USAGE_OCCURRENCE('8','=>[0:1:1:6]','',#5,#4786,$);
#6086 = PRODUCT_RELATED_PRODUCT_CATEGORY('part',$,(#4788));
#6087 = MECHANICAL_DESIGN_GEOMETRIC_PRESENTATION_REPRESENTATION('',(
    #6088,#6096,#6103,#6110,#6117,#6124,#6131,#6138,#6145,#6152,#6159,
    #6166,#6173,#6180,#6187,#6194,#6201,#6208,#6215,#6222,#6229,#6236,
    #6243,#6250,#6257,#6264,#6271,#6278,#6285,#6292,#6299,#6306,#6313,
    #6320,#6327,#6334,#6341,#6348,#6355,#6362,#6369,#6377,#6384,#6391,
    #6398,#6405,#6412,#6419,#6426,#6433,#6440,#6447,#6454,#6461,#6468,
    #6475,#6482,#6489,#6496,#6503,#6510,#6517,#6524,#6531,#6538,#6545,
    #6552,#6559,#6566,#6573,#6580,#6587,#6594,#6601,#6608,#6615,#6622,
    #6629,#6636,#6643,#6650,#6657,#6664,#6671,#6678,#6685,#6692,#6699,
    #6706,#6713,#6720,#6727,#6734,#6741,#6748,#6755,#6762,#6769,#6776,
    #6783,#6790,#6797,#6804,#6811,#6818,#6825,#6832,#6839,#6846,#6853,
    #6860,#6867,#6874,#6881,#6888,#6895,#6902,#6909,#6916,#6923,#6930,
    #6937,#6944,#6951,#6958,#6965,#6972,#6979,#6986,#6993,#7000,#7007,
    #7014,#7021,#7028,#7035,#7042,#7049,#7056,#7063,#7070,#7077,#7084,
    #7091,#7098,#7105,#7112,#7119),#4204);
#6088 = STYLED_ITEM('color',(#6089),#78);
#6089 = PRESENTATION_STYLE_ASSIGNMENT((#6090));
#6090 = SURFACE_STYLE_USAGE(.BOTH.,#6091);
#6091 = SURFACE_SIDE_STYLE('',(#6092));
#6092 = SURFACE_STYLE_FILL_AREA(#6093);
#6093 = FILL_AREA_STYLE('',(#6094));
#6094 = FILL_AREA_STYLE_COLOUR('',#6095);
#6095 = COLOUR_RGB('',0.147999998088,0.144999993226,0.144999993226);
#6096 = STYLED_ITEM('color',(#6097),#118);
#6097 = PRESENTATION_STYLE_ASSIGNMENT((#6098));
#6098 = SURFACE_STYLE_USAGE(.BOTH.,#6099);
#6099 = SURFACE_SIDE_STYLE('',(#6100));
#6100 = SURFACE_STYLE_FILL_AREA(#6101);
#6101 = FILL_AREA_STYLE('',(#6102));
#6102 = FILL_AREA_STYLE_COLOUR('',#6095);
#6103 = STYLED_ITEM('color',(#6104),#149);
#6104 = PRESENTATION_STYLE_ASSIGNMENT((#6105));
#6105 = SURFACE_STYLE_USAGE(.BOTH.,#6106);
#6106 = SURFACE_SIDE_STYLE('',(#6107));
#6107 = SURFACE_STYLE_FILL_AREA(#6108);
#6108 = FILL_AREA_STYLE('',(#6109));
#6109 = FILL_AREA_STYLE_COLOUR('',#6095);
#6110 = STYLED_ITEM('color',(#6111),#180);
#6111 = PRESENTATION_STYLE_ASSIGNMENT((#6112));
#6112 = SURFACE_STYLE_USAGE(.BOTH.,#6113);
#6113 = SURFACE_SIDE_STYLE('',(#6114));
#6114 = SURFACE_STYLE_FILL_AREA(#6115);
#6115 = FILL_AREA_STYLE('',(#6116));
#6116 = FILL_AREA_STYLE_COLOUR('',#6095);
#6117 = STYLED_ITEM('color',(#6118),#673);
#6118 = PRESENTATION_STYLE_ASSIGNMENT((#6119));
#6119 = SURFACE_STYLE_USAGE(.BOTH.,#6120);
#6120 = SURFACE_SIDE_STYLE('',(#6121));
#6121 = SURFACE_STYLE_FILL_AREA(#6122);
#6122 = FILL_AREA_STYLE('',(#6123));
#6123 = FILL_AREA_STYLE_COLOUR('',#6095);
#6124 = STYLED_ITEM('color',(#6125),#1166);
#6125 = PRESENTATION_STYLE_ASSIGNMENT((#6126));
#6126 = SURFACE_STYLE_USAGE(.BOTH.,#6127);
#6127 = SURFACE_SIDE_STYLE('',(#6128));
#6128 = SURFACE_STYLE_FILL_AREA(#6129);
#6129 = FILL_AREA_STYLE('',(#6130));
#6130 = FILL_AREA_STYLE_COLOUR('',#6095);
#6131 = STYLED_ITEM('color',(#6132),#1183);
#6132 = PRESENTATION_STYLE_ASSIGNMENT((#6133));
#6133 = SURFACE_STYLE_USAGE(.BOTH.,#6134);
#6134 = SURFACE_SIDE_STYLE('',(#6135));
#6135 = SURFACE_STYLE_FILL_AREA(#6136);
#6136 = FILL_AREA_STYLE('',(#6137));
#6137 = FILL_AREA_STYLE_COLOUR('',#6095);
#6138 = STYLED_ITEM('color',(#6139),#1200);
#6139 = PRESENTATION_STYLE_ASSIGNMENT((#6140));
#6140 = SURFACE_STYLE_USAGE(.BOTH.,#6141);
#6141 = SURFACE_SIDE_STYLE('',(#6142));
#6142 = SURFACE_STYLE_FILL_AREA(#6143);
#6143 = FILL_AREA_STYLE('',(#6144));
#6144 = FILL_AREA_STYLE_COLOUR('',#6095);
#6145 = STYLED_ITEM('color',(#6146),#1217);
#6146 = PRESENTATION_STYLE_ASSIGNMENT((#6147));
#6147 = SURFACE_STYLE_USAGE(.BOTH.,#6148);
#6148 = SURFACE_SIDE_STYLE('',(#6149));
#6149 = SURFACE_STYLE_FILL_AREA(#6150);
#6150 = FILL_AREA_STYLE('',(#6151));
#6151 = FILL_AREA_STYLE_COLOUR('',#6095);
#6152 = STYLED_ITEM('color',(#6153),#1234);
#6153 = PRESENTATION_STYLE_ASSIGNMENT((#6154));
#6154 = SURFACE_STYLE_USAGE(.BOTH.,#6155);
#6155 = SURFACE_SIDE_STYLE('',(#6156));
#6156 = SURFACE_STYLE_FILL_AREA(#6157);
#6157 = FILL_AREA_STYLE('',(#6158));
#6158 = FILL_AREA_STYLE_COLOUR('',#6095);
#6159 = STYLED_ITEM('color',(#6160),#1251);
#6160 = PRESENTATION_STYLE_ASSIGNMENT((#6161));
#6161 = SURFACE_STYLE_USAGE(.BOTH.,#6162);
#6162 = SURFACE_SIDE_STYLE('',(#6163));
#6163 = SURFACE_STYLE_FILL_AREA(#6164);
#6164 = FILL_AREA_STYLE('',(#6165));
#6165 = FILL_AREA_STYLE_COLOUR('',#6095);
#6166 = STYLED_ITEM('color',(#6167),#1268);
#6167 = PRESENTATION_STYLE_ASSIGNMENT((#6168));
#6168 = SURFACE_STYLE_USAGE(.BOTH.,#6169);
#6169 = SURFACE_SIDE_STYLE('',(#6170));
#6170 = SURFACE_STYLE_FILL_AREA(#6171);
#6171 = FILL_AREA_STYLE('',(#6172));
#6172 = FILL_AREA_STYLE_COLOUR('',#6095);
#6173 = STYLED_ITEM('color',(#6174),#1285);
#6174 = PRESENTATION_STYLE_ASSIGNMENT((#6175));
#6175 = SURFACE_STYLE_USAGE(.BOTH.,#6176);
#6176 = SURFACE_SIDE_STYLE('',(#6177));
#6177 = SURFACE_STYLE_FILL_AREA(#6178);
#6178 = FILL_AREA_STYLE('',(#6179));
#6179 = FILL_AREA_STYLE_COLOUR('',#6095);
#6180 = STYLED_ITEM('color',(#6181),#1302);
#6181 = PRESENTATION_STYLE_ASSIGNMENT((#6182));
#6182 = SURFACE_STYLE_USAGE(.BOTH.,#6183);
#6183 = SURFACE_SIDE_STYLE('',(#6184));
#6184 = SURFACE_STYLE_FILL_AREA(#6185);
#6185 = FILL_AREA_STYLE('',(#6186));
#6186 = FILL_AREA_STYLE_COLOUR('',#6095);
#6187 = STYLED_ITEM('color',(#6188),#1319);
#6188 = PRESENTATION_STYLE_ASSIGNMENT((#6189));
#6189 = SURFACE_STYLE_USAGE(.BOTH.,#6190);
#6190 = SURFACE_SIDE_STYLE('',(#6191));
#6191 = SURFACE_STYLE_FILL_AREA(#6192);
#6192 = FILL_AREA_STYLE('',(#6193));
#6193 = FILL_AREA_STYLE_COLOUR('',#6095);
#6194 = STYLED_ITEM('color',(#6195),#1336);
#6195 = PRESENTATION_STYLE_ASSIGNMENT((#6196));
#6196 = SURFACE_STYLE_USAGE(.BOTH.,#6197);
#6197 = SURFACE_SIDE_STYLE('',(#6198));
#6198 = SURFACE_STYLE_FILL_AREA(#6199);
#6199 = FILL_AREA_STYLE('',(#6200));
#6200 = FILL_AREA_STYLE_COLOUR('',#6095);
#6201 = STYLED_ITEM('color',(#6202),#1353);
#6202 = PRESENTATION_STYLE_ASSIGNMENT((#6203));
#6203 = SURFACE_STYLE_USAGE(.BOTH.,#6204);
#6204 = SURFACE_SIDE_STYLE('',(#6205));
#6205 = SURFACE_STYLE_FILL_AREA(#6206);
#6206 = FILL_AREA_STYLE('',(#6207));
#6207 = FILL_AREA_STYLE_COLOUR('',#6095);
#6208 = STYLED_ITEM('color',(#6209),#1370);
#6209 = PRESENTATION_STYLE_ASSIGNMENT((#6210));
#6210 = SURFACE_STYLE_USAGE(.BOTH.,#6211);
#6211 = SURFACE_SIDE_STYLE('',(#6212));
#6212 = SURFACE_STYLE_FILL_AREA(#6213);
#6213 = FILL_AREA_STYLE('',(#6214));
#6214 = FILL_AREA_STYLE_COLOUR('',#6095);
#6215 = STYLED_ITEM('color',(#6216),#1387);
#6216 = PRESENTATION_STYLE_ASSIGNMENT((#6217));
#6217 = SURFACE_STYLE_USAGE(.BOTH.,#6218);
#6218 = SURFACE_SIDE_STYLE('',(#6219));
#6219 = SURFACE_STYLE_FILL_AREA(#6220);
#6220 = FILL_AREA_STYLE('',(#6221));
#6221 = FILL_AREA_STYLE_COLOUR('',#6095);
#6222 = STYLED_ITEM('color',(#6223),#1404);
#6223 = PRESENTATION_STYLE_ASSIGNMENT((#6224));
#6224 = SURFACE_STYLE_USAGE(.BOTH.,#6225);
#6225 = SURFACE_SIDE_STYLE('',(#6226));
#6226 = SURFACE_STYLE_FILL_AREA(#6227);
#6227 = FILL_AREA_STYLE('',(#6228));
#6228 = FILL_AREA_STYLE_COLOUR('',#6095);
#6229 = STYLED_ITEM('color',(#6230),#1421);
#6230 = PRESENTATION_STYLE_ASSIGNMENT((#6231));
#6231 = SURFACE_STYLE_USAGE(.BOTH.,#6232);
#6232 = SURFACE_SIDE_STYLE('',(#6233));
#6233 = SURFACE_STYLE_FILL_AREA(#6234);
#6234 = FILL_AREA_STYLE('',(#6235));
#6235 = FILL_AREA_STYLE_COLOUR('',#6095);
#6236 = STYLED_ITEM('color',(#6237),#1438);
#6237 = PRESENTATION_STYLE_ASSIGNMENT((#6238));
#6238 = SURFACE_STYLE_USAGE(.BOTH.,#6239);
#6239 = SURFACE_SIDE_STYLE('',(#6240));
#6240 = SURFACE_STYLE_FILL_AREA(#6241);
#6241 = FILL_AREA_STYLE('',(#6242));
#6242 = FILL_AREA_STYLE_COLOUR('',#6095);
#6243 = STYLED_ITEM('color',(#6244),#1455);
#6244 = PRESENTATION_STYLE_ASSIGNMENT((#6245));
#6245 = SURFACE_STYLE_USAGE(.BOTH.,#6246);
#6246 = SURFACE_SIDE_STYLE('',(#6247));
#6247 = SURFACE_STYLE_FILL_AREA(#6248);
#6248 = FILL_AREA_STYLE('',(#6249));
#6249 = FILL_AREA_STYLE_COLOUR('',#6095);
#6250 = STYLED_ITEM('color',(#6251),#1472);
#6251 = PRESENTATION_STYLE_ASSIGNMENT((#6252));
#6252 = SURFACE_STYLE_USAGE(.BOTH.,#6253);
#6253 = SURFACE_SIDE_STYLE('',(#6254));
#6254 = SURFACE_STYLE_FILL_AREA(#6255);
#6255 = FILL_AREA_STYLE('',(#6256));
#6256 = FILL_AREA_STYLE_COLOUR('',#6095);
#6257 = STYLED_ITEM('color',(#6258),#1489);
#6258 = PRESENTATION_STYLE_ASSIGNMENT((#6259));
#6259 = SURFACE_STYLE_USAGE(.BOTH.,#6260);
#6260 = SURFACE_SIDE_STYLE('',(#6261));
#6261 = SURFACE_STYLE_FILL_AREA(#6262);
#6262 = FILL_AREA_STYLE('',(#6263));
#6263 = FILL_AREA_STYLE_COLOUR('',#6095);
#6264 = STYLED_ITEM('color',(#6265),#1506);
#6265 = PRESENTATION_STYLE_ASSIGNMENT((#6266));
#6266 = SURFACE_STYLE_USAGE(.BOTH.,#6267);
#6267 = SURFACE_SIDE_STYLE('',(#6268));
#6268 = SURFACE_STYLE_FILL_AREA(#6269);
#6269 = FILL_AREA_STYLE('',(#6270));
#6270 = FILL_AREA_STYLE_COLOUR('',#6095);
#6271 = STYLED_ITEM('color',(#6272),#1523);
#6272 = PRESENTATION_STYLE_ASSIGNMENT((#6273));
#6273 = SURFACE_STYLE_USAGE(.BOTH.,#6274);
#6274 = SURFACE_SIDE_STYLE('',(#6275));
#6275 = SURFACE_STYLE_FILL_AREA(#6276);
#6276 = FILL_AREA_STYLE('',(#6277));
#6277 = FILL_AREA_STYLE_COLOUR('',#6095);
#6278 = STYLED_ITEM('color',(#6279),#1540);
#6279 = PRESENTATION_STYLE_ASSIGNMENT((#6280));
#6280 = SURFACE_STYLE_USAGE(.BOTH.,#6281);
#6281 = SURFACE_SIDE_STYLE('',(#6282));
#6282 = SURFACE_STYLE_FILL_AREA(#6283);
#6283 = FILL_AREA_STYLE('',(#6284));
#6284 = FILL_AREA_STYLE_COLOUR('',#6095);
#6285 = STYLED_ITEM('color',(#6286),#1557);
#6286 = PRESENTATION_STYLE_ASSIGNMENT((#6287));
#6287 = SURFACE_STYLE_USAGE(.BOTH.,#6288);
#6288 = SURFACE_SIDE_STYLE('',(#6289));
#6289 = SURFACE_STYLE_FILL_AREA(#6290);
#6290 = FILL_AREA_STYLE('',(#6291));
#6291 = FILL_AREA_STYLE_COLOUR('',#6095);
#6292 = STYLED_ITEM('color',(#6293),#1574);
#6293 = PRESENTATION_STYLE_ASSIGNMENT((#6294));
#6294 = SURFACE_STYLE_USAGE(.BOTH.,#6295);
#6295 = SURFACE_SIDE_STYLE('',(#6296));
#6296 = SURFACE_STYLE_FILL_AREA(#6297);
#6297 = FILL_AREA_STYLE('',(#6298));
#6298 = FILL_AREA_STYLE_COLOUR('',#6095);
#6299 = STYLED_ITEM('color',(#6300),#1591);
#6300 = PRESENTATION_STYLE_ASSIGNMENT((#6301));
#6301 = SURFACE_STYLE_USAGE(.BOTH.,#6302);
#6302 = SURFACE_SIDE_STYLE('',(#6303));
#6303 = SURFACE_STYLE_FILL_AREA(#6304);
#6304 = FILL_AREA_STYLE('',(#6305));
#6305 = FILL_AREA_STYLE_COLOUR('',#6095);
#6306 = STYLED_ITEM('color',(#6307),#1608);
#6307 = PRESENTATION_STYLE_ASSIGNMENT((#6308));
#6308 = SURFACE_STYLE_USAGE(.BOTH.,#6309);
#6309 = SURFACE_SIDE_STYLE('',(#6310));
#6310 = SURFACE_STYLE_FILL_AREA(#6311);
#6311 = FILL_AREA_STYLE('',(#6312));
#6312 = FILL_AREA_STYLE_COLOUR('',#6095);
#6313 = STYLED_ITEM('color',(#6314),#1625);
#6314 = PRESENTATION_STYLE_ASSIGNMENT((#6315));
#6315 = SURFACE_STYLE_USAGE(.BOTH.,#6316);
#6316 = SURFACE_SIDE_STYLE('',(#6317));
#6317 = SURFACE_STYLE_FILL_AREA(#6318);
#6318 = FILL_AREA_STYLE('',(#6319));
#6319 = FILL_AREA_STYLE_COLOUR('',#6095);
#6320 = STYLED_ITEM('color',(#6321),#1642);
#6321 = PRESENTATION_STYLE_ASSIGNMENT((#6322));
#6322 = SURFACE_STYLE_USAGE(.BOTH.,#6323);
#6323 = SURFACE_SIDE_STYLE('',(#6324));
#6324 = SURFACE_STYLE_FILL_AREA(#6325);
#6325 = FILL_AREA_STYLE('',(#6326));
#6326 = FILL_AREA_STYLE_COLOUR('',#6095);
#6327 = STYLED_ITEM('color',(#6328),#1659);
#6328 = PRESENTATION_STYLE_ASSIGNMENT((#6329));
#6329 = SURFACE_STYLE_USAGE(.BOTH.,#6330);
#6330 = SURFACE_SIDE_STYLE('',(#6331));
#6331 = SURFACE_STYLE_FILL_AREA(#6332);
#6332 = FILL_AREA_STYLE('',(#6333));
#6333 = FILL_AREA_STYLE_COLOUR('',#6095);
#6334 = STYLED_ITEM('color',(#6335),#1676);
#6335 = PRESENTATION_STYLE_ASSIGNMENT((#6336));
#6336 = SURFACE_STYLE_USAGE(.BOTH.,#6337);
#6337 = SURFACE_SIDE_STYLE('',(#6338));
#6338 = SURFACE_STYLE_FILL_AREA(#6339);
#6339 = FILL_AREA_STYLE('',(#6340));
#6340 = FILL_AREA_STYLE_COLOUR('',#6095);
#6341 = STYLED_ITEM('color',(#6342),#1693);
#6342 = PRESENTATION_STYLE_ASSIGNMENT((#6343));
#6343 = SURFACE_STYLE_USAGE(.BOTH.,#6344);
#6344 = SURFACE_SIDE_STYLE('',(#6345));
#6345 = SURFACE_STYLE_FILL_AREA(#6346);
#6346 = FILL_AREA_STYLE('',(#6347));
#6347 = FILL_AREA_STYLE_COLOUR('',#6095);
#6348 = STYLED_ITEM('color',(#6349),#1710);
#6349 = PRESENTATION_STYLE_ASSIGNMENT((#6350));
#6350 = SURFACE_STYLE_USAGE(.BOTH.,#6351);
#6351 = SURFACE_SIDE_STYLE('',(#6352));
#6352 = SURFACE_STYLE_FILL_AREA(#6353);
#6353 = FILL_AREA_STYLE('',(#6354));
#6354 = FILL_AREA_STYLE_COLOUR('',#6095);
#6355 = STYLED_ITEM('color',(#6356),#1727);
#6356 = PRESENTATION_STYLE_ASSIGNMENT((#6357));
#6357 = SURFACE_STYLE_USAGE(.BOTH.,#6358);
#6358 = SURFACE_SIDE_STYLE('',(#6359));
#6359 = SURFACE_STYLE_FILL_AREA(#6360);
#6360 = FILL_AREA_STYLE('',(#6361));
#6361 = FILL_AREA_STYLE_COLOUR('',#6095);
#6362 = STYLED_ITEM('color',(#6363),#1744);
#6363 = PRESENTATION_STYLE_ASSIGNMENT((#6364));
#6364 = SURFACE_STYLE_USAGE(.BOTH.,#6365);
#6365 = SURFACE_SIDE_STYLE('',(#6366));
#6366 = SURFACE_STYLE_FILL_AREA(#6367);
#6367 = FILL_AREA_STYLE('',(#6368));
#6368 = FILL_AREA_STYLE_COLOUR('',#6095);
#6369 = STYLED_ITEM('color',(#6370),#1756);
#6370 = PRESENTATION_STYLE_ASSIGNMENT((#6371));
#6371 = SURFACE_STYLE_USAGE(.BOTH.,#6372);
#6372 = SURFACE_SIDE_STYLE('',(#6373));
#6373 = SURFACE_STYLE_FILL_AREA(#6374);
#6374 = FILL_AREA_STYLE('',(#6375));
#6375 = FILL_AREA_STYLE_COLOUR('',#6376);
#6376 = COLOUR_RGB('',0.859000020776,0.737999965183,0.495999988746);
#6377 = STYLED_ITEM('color',(#6378),#1787);
#6378 = PRESENTATION_STYLE_ASSIGNMENT((#6379));
#6379 = SURFACE_STYLE_USAGE(.BOTH.,#6380);
#6380 = SURFACE_SIDE_STYLE('',(#6381));
#6381 = SURFACE_STYLE_FILL_AREA(#6382);
#6382 = FILL_AREA_STYLE('',(#6383));
#6383 = FILL_AREA_STYLE_COLOUR('',#6376);
#6384 = STYLED_ITEM('color',(#6385),#1811);
#6385 = PRESENTATION_STYLE_ASSIGNMENT((#6386));
#6386 = SURFACE_STYLE_USAGE(.BOTH.,#6387);
#6387 = SURFACE_SIDE_STYLE('',(#6388));
#6388 = SURFACE_STYLE_FILL_AREA(#6389);
#6389 = FILL_AREA_STYLE('',(#6390));
#6390 = FILL_AREA_STYLE_COLOUR('',#6376);
#6391 = STYLED_ITEM('color',(#6392),#1835);
#6392 = PRESENTATION_STYLE_ASSIGNMENT((#6393));
#6393 = SURFACE_STYLE_USAGE(.BOTH.,#6394);
#6394 = SURFACE_SIDE_STYLE('',(#6395));
#6395 = SURFACE_STYLE_FILL_AREA(#6396);
#6396 = FILL_AREA_STYLE('',(#6397));
#6397 = FILL_AREA_STYLE_COLOUR('',#6376);
#6398 = STYLED_ITEM('color',(#6399),#1852);
#6399 = PRESENTATION_STYLE_ASSIGNMENT((#6400));
#6400 = SURFACE_STYLE_USAGE(.BOTH.,#6401);
#6401 = SURFACE_SIDE_STYLE('',(#6402));
#6402 = SURFACE_STYLE_FILL_AREA(#6403);
#6403 = FILL_AREA_STYLE('',(#6404));
#6404 = FILL_AREA_STYLE_COLOUR('',#6376);
#6405 = STYLED_ITEM('color',(#6406),#1883);
#6406 = PRESENTATION_STYLE_ASSIGNMENT((#6407));
#6407 = SURFACE_STYLE_USAGE(.BOTH.,#6408);
#6408 = SURFACE_SIDE_STYLE('',(#6409));
#6409 = SURFACE_STYLE_FILL_AREA(#6410);
#6410 = FILL_AREA_STYLE('',(#6411));
#6411 = FILL_AREA_STYLE_COLOUR('',#6376);
#6412 = STYLED_ITEM('color',(#6413),#1907);
#6413 = PRESENTATION_STYLE_ASSIGNMENT((#6414));
#6414 = SURFACE_STYLE_USAGE(.BOTH.,#6415);
#6415 = SURFACE_SIDE_STYLE('',(#6416));
#6416 = SURFACE_STYLE_FILL_AREA(#6417);
#6417 = FILL_AREA_STYLE('',(#6418));
#6418 = FILL_AREA_STYLE_COLOUR('',#6376);
#6419 = STYLED_ITEM('color',(#6420),#1931);
#6420 = PRESENTATION_STYLE_ASSIGNMENT((#6421));
#6421 = SURFACE_STYLE_USAGE(.BOTH.,#6422);
#6422 = SURFACE_SIDE_STYLE('',(#6423));
#6423 = SURFACE_STYLE_FILL_AREA(#6424);
#6424 = FILL_AREA_STYLE('',(#6425));
#6425 = FILL_AREA_STYLE_COLOUR('',#6376);
#6426 = STYLED_ITEM('color',(#6427),#1948);
#6427 = PRESENTATION_STYLE_ASSIGNMENT((#6428));
#6428 = SURFACE_STYLE_USAGE(.BOTH.,#6429);
#6429 = SURFACE_SIDE_STYLE('',(#6430));
#6430 = SURFACE_STYLE_FILL_AREA(#6431);
#6431 = FILL_AREA_STYLE('',(#6432));
#6432 = FILL_AREA_STYLE_COLOUR('',#6376);
#6433 = STYLED_ITEM('color',(#6434),#1979);
#6434 = PRESENTATION_STYLE_ASSIGNMENT((#6435));
#6435 = SURFACE_STYLE_USAGE(.BOTH.,#6436);
#6436 = SURFACE_SIDE_STYLE('',(#6437));
#6437 = SURFACE_STYLE_FILL_AREA(#6438);
#6438 = FILL_AREA_STYLE('',(#6439));
#6439 = FILL_AREA_STYLE_COLOUR('',#6376);
#6440 = STYLED_ITEM('color',(#6441),#2003);
#6441 = PRESENTATION_STYLE_ASSIGNMENT((#6442));
#6442 = SURFACE_STYLE_USAGE(.BOTH.,#6443);
#6443 = SURFACE_SIDE_STYLE('',(#6444));
#6444 = SURFACE_STYLE_FILL_AREA(#6445);
#6445 = FILL_AREA_STYLE('',(#6446));
#6446 = FILL_AREA_STYLE_COLOUR('',#6376);
#6447 = STYLED_ITEM('color',(#6448),#2027);
#6448 = PRESENTATION_STYLE_ASSIGNMENT((#6449));
#6449 = SURFACE_STYLE_USAGE(.BOTH.,#6450);
#6450 = SURFACE_SIDE_STYLE('',(#6451));
#6451 = SURFACE_STYLE_FILL_AREA(#6452);
#6452 = FILL_AREA_STYLE('',(#6453));
#6453 = FILL_AREA_STYLE_COLOUR('',#6376);
#6454 = STYLED_ITEM('color',(#6455),#2044);
#6455 = PRESENTATION_STYLE_ASSIGNMENT((#6456));
#6456 = SURFACE_STYLE_USAGE(.BOTH.,#6457);
#6457 = SURFACE_SIDE_STYLE('',(#6458));
#6458 = SURFACE_STYLE_FILL_AREA(#6459);
#6459 = FILL_AREA_STYLE('',(#6460));
#6460 = FILL_AREA_STYLE_COLOUR('',#6376);
#6461 = STYLED_ITEM('color',(#6462),#2075);
#6462 = PRESENTATION_STYLE_ASSIGNMENT((#6463));
#6463 = SURFACE_STYLE_USAGE(.BOTH.,#6464);
#6464 = SURFACE_SIDE_STYLE('',(#6465));
#6465 = SURFACE_STYLE_FILL_AREA(#6466);
#6466 = FILL_AREA_STYLE('',(#6467));
#6467 = FILL_AREA_STYLE_COLOUR('',#6376);
#6468 = STYLED_ITEM('color',(#6469),#2099);
#6469 = PRESENTATION_STYLE_ASSIGNMENT((#6470));
#6470 = SURFACE_STYLE_USAGE(.BOTH.,#6471);
#6471 = SURFACE_SIDE_STYLE('',(#6472));
#6472 = SURFACE_STYLE_FILL_AREA(#6473);
#6473 = FILL_AREA_STYLE('',(#6474));
#6474 = FILL_AREA_STYLE_COLOUR('',#6376);
#6475 = STYLED_ITEM('color',(#6476),#2123);
#6476 = PRESENTATION_STYLE_ASSIGNMENT((#6477));
#6477 = SURFACE_STYLE_USAGE(.BOTH.,#6478);
#6478 = SURFACE_SIDE_STYLE('',(#6479));
#6479 = SURFACE_STYLE_FILL_AREA(#6480);
#6480 = FILL_AREA_STYLE('',(#6481));
#6481 = FILL_AREA_STYLE_COLOUR('',#6376);
#6482 = STYLED_ITEM('color',(#6483),#2140);
#6483 = PRESENTATION_STYLE_ASSIGNMENT((#6484));
#6484 = SURFACE_STYLE_USAGE(.BOTH.,#6485);
#6485 = SURFACE_SIDE_STYLE('',(#6486));
#6486 = SURFACE_STYLE_FILL_AREA(#6487);
#6487 = FILL_AREA_STYLE('',(#6488));
#6488 = FILL_AREA_STYLE_COLOUR('',#6376);
#6489 = STYLED_ITEM('color',(#6490),#2171);
#6490 = PRESENTATION_STYLE_ASSIGNMENT((#6491));
#6491 = SURFACE_STYLE_USAGE(.BOTH.,#6492);
#6492 = SURFACE_SIDE_STYLE('',(#6493));
#6493 = SURFACE_STYLE_FILL_AREA(#6494);
#6494 = FILL_AREA_STYLE('',(#6495));
#6495 = FILL_AREA_STYLE_COLOUR('',#6376);
#6496 = STYLED_ITEM('color',(#6497),#2195);
#6497 = PRESENTATION_STYLE_ASSIGNMENT((#6498));
#6498 = SURFACE_STYLE_USAGE(.BOTH.,#6499);
#6499 = SURFACE_SIDE_STYLE('',(#6500));
#6500 = SURFACE_STYLE_FILL_AREA(#6501);
#6501 = FILL_AREA_STYLE('',(#6502));
#6502 = FILL_AREA_STYLE_COLOUR('',#6376);
#6503 = STYLED_ITEM('color',(#6504),#2219);
#6504 = PRESENTATION_STYLE_ASSIGNMENT((#6505));
#6505 = SURFACE_STYLE_USAGE(.BOTH.,#6506);
#6506 = SURFACE_SIDE_STYLE('',(#6507));
#6507 = SURFACE_STYLE_FILL_AREA(#6508);
#6508 = FILL_AREA_STYLE('',(#6509));
#6509 = FILL_AREA_STYLE_COLOUR('',#6376);
#6510 = STYLED_ITEM('color',(#6511),#2236);
#6511 = PRESENTATION_STYLE_ASSIGNMENT((#6512));
#6512 = SURFACE_STYLE_USAGE(.BOTH.,#6513);
#6513 = SURFACE_SIDE_STYLE('',(#6514));
#6514 = SURFACE_STYLE_FILL_AREA(#6515);
#6515 = FILL_AREA_STYLE('',(#6516));
#6516 = FILL_AREA_STYLE_COLOUR('',#6376);
#6517 = STYLED_ITEM('color',(#6518),#2267);
#6518 = PRESENTATION_STYLE_ASSIGNMENT((#6519));
#6519 = SURFACE_STYLE_USAGE(.BOTH.,#6520);
#6520 = SURFACE_SIDE_STYLE('',(#6521));
#6521 = SURFACE_STYLE_FILL_AREA(#6522);
#6522 = FILL_AREA_STYLE('',(#6523));
#6523 = FILL_AREA_STYLE_COLOUR('',#6376);
#6524 = STYLED_ITEM('color',(#6525),#2291);
#6525 = PRESENTATION_STYLE_ASSIGNMENT((#6526));
#6526 = SURFACE_STYLE_USAGE(.BOTH.,#6527);
#6527 = SURFACE_SIDE_STYLE('',(#6528));
#6528 = SURFACE_STYLE_FILL_AREA(#6529);
#6529 = FILL_AREA_STYLE('',(#6530));
#6530 = FILL_AREA_STYLE_COLOUR('',#6376);
#6531 = STYLED_ITEM('color',(#6532),#2315);
#6532 = PRESENTATION_STYLE_ASSIGNMENT((#6533));
#6533 = SURFACE_STYLE_USAGE(.BOTH.,#6534);
#6534 = SURFACE_SIDE_STYLE('',(#6535));
#6535 = SURFACE_STYLE_FILL_AREA(#6536);
#6536 = FILL_AREA_STYLE('',(#6537));
#6537 = FILL_AREA_STYLE_COLOUR('',#6376);
#6538 = STYLED_ITEM('color',(#6539),#2332);
#6539 = PRESENTATION_STYLE_ASSIGNMENT((#6540));
#6540 = SURFACE_STYLE_USAGE(.BOTH.,#6541);
#6541 = SURFACE_SIDE_STYLE('',(#6542));
#6542 = SURFACE_STYLE_FILL_AREA(#6543);
#6543 = FILL_AREA_STYLE('',(#6544));
#6544 = FILL_AREA_STYLE_COLOUR('',#6376);
#6545 = STYLED_ITEM('color',(#6546),#2363);
#6546 = PRESENTATION_STYLE_ASSIGNMENT((#6547));
#6547 = SURFACE_STYLE_USAGE(.BOTH.,#6548);
#6548 = SURFACE_SIDE_STYLE('',(#6549));
#6549 = SURFACE_STYLE_FILL_AREA(#6550);
#6550 = FILL_AREA_STYLE('',(#6551));
#6551 = FILL_AREA_STYLE_COLOUR('',#6376);
#6552 = STYLED_ITEM('color',(#6553),#2387);
#6553 = PRESENTATION_STYLE_ASSIGNMENT((#6554));
#6554 = SURFACE_STYLE_USAGE(.BOTH.,#6555);
#6555 = SURFACE_SIDE_STYLE('',(#6556));
#6556 = SURFACE_STYLE_FILL_AREA(#6557);
#6557 = FILL_AREA_STYLE('',(#6558));
#6558 = FILL_AREA_STYLE_COLOUR('',#6376);
#6559 = STYLED_ITEM('color',(#6560),#2411);
#6560 = PRESENTATION_STYLE_ASSIGNMENT((#6561));
#6561 = SURFACE_STYLE_USAGE(.BOTH.,#6562);
#6562 = SURFACE_SIDE_STYLE('',(#6563));
#6563 = SURFACE_STYLE_FILL_AREA(#6564);
#6564 = FILL_AREA_STYLE('',(#6565));
#6565 = FILL_AREA_STYLE_COLOUR('',#6376);
#6566 = STYLED_ITEM('color',(#6567),#2428);
#6567 = PRESENTATION_STYLE_ASSIGNMENT((#6568));
#6568 = SURFACE_STYLE_USAGE(.BOTH.,#6569);
#6569 = SURFACE_SIDE_STYLE('',(#6570));
#6570 = SURFACE_STYLE_FILL_AREA(#6571);
#6571 = FILL_AREA_STYLE('',(#6572));
#6572 = FILL_AREA_STYLE_COLOUR('',#6376);
#6573 = STYLED_ITEM('color',(#6574),#2459);
#6574 = PRESENTATION_STYLE_ASSIGNMENT((#6575));
#6575 = SURFACE_STYLE_USAGE(.BOTH.,#6576);
#6576 = SURFACE_SIDE_STYLE('',(#6577));
#6577 = SURFACE_STYLE_FILL_AREA(#6578);
#6578 = FILL_AREA_STYLE('',(#6579));
#6579 = FILL_AREA_STYLE_COLOUR('',#6376);
#6580 = STYLED_ITEM('color',(#6581),#2483);
#6581 = PRESENTATION_STYLE_ASSIGNMENT((#6582));
#6582 = SURFACE_STYLE_USAGE(.BOTH.,#6583);
#6583 = SURFACE_SIDE_STYLE('',(#6584));
#6584 = SURFACE_STYLE_FILL_AREA(#6585);
#6585 = FILL_AREA_STYLE('',(#6586));
#6586 = FILL_AREA_STYLE_COLOUR('',#6376);
#6587 = STYLED_ITEM('color',(#6588),#2507);
#6588 = PRESENTATION_STYLE_ASSIGNMENT((#6589));
#6589 = SURFACE_STYLE_USAGE(.BOTH.,#6590);
#6590 = SURFACE_SIDE_STYLE('',(#6591));
#6591 = SURFACE_STYLE_FILL_AREA(#6592);
#6592 = FILL_AREA_STYLE('',(#6593));
#6593 = FILL_AREA_STYLE_COLOUR('',#6376);
#6594 = STYLED_ITEM('color',(#6595),#2524);
#6595 = PRESENTATION_STYLE_ASSIGNMENT((#6596));
#6596 = SURFACE_STYLE_USAGE(.BOTH.,#6597);
#6597 = SURFACE_SIDE_STYLE('',(#6598));
#6598 = SURFACE_STYLE_FILL_AREA(#6599);
#6599 = FILL_AREA_STYLE('',(#6600));
#6600 = FILL_AREA_STYLE_COLOUR('',#6376);
#6601 = STYLED_ITEM('color',(#6602),#2555);
#6602 = PRESENTATION_STYLE_ASSIGNMENT((#6603));
#6603 = SURFACE_STYLE_USAGE(.BOTH.,#6604);
#6604 = SURFACE_SIDE_STYLE('',(#6605));
#6605 = SURFACE_STYLE_FILL_AREA(#6606);
#6606 = FILL_AREA_STYLE('',(#6607));
#6607 = FILL_AREA_STYLE_COLOUR('',#6376);
#6608 = STYLED_ITEM('color',(#6609),#2579);
#6609 = PRESENTATION_STYLE_ASSIGNMENT((#6610));
#6610 = SURFACE_STYLE_USAGE(.BOTH.,#6611);
#6611 = SURFACE_SIDE_STYLE('',(#6612));
#6612 = SURFACE_STYLE_FILL_AREA(#6613);
#6613 = FILL_AREA_STYLE('',(#6614));
#6614 = FILL_AREA_STYLE_COLOUR('',#6376);
#6615 = STYLED_ITEM('color',(#6616),#2603);
#6616 = PRESENTATION_STYLE_ASSIGNMENT((#6617));
#6617 = SURFACE_STYLE_USAGE(.BOTH.,#6618);
#6618 = SURFACE_SIDE_STYLE('',(#6619));
#6619 = SURFACE_STYLE_FILL_AREA(#6620);
#6620 = FILL_AREA_STYLE('',(#6621));
#6621 = FILL_AREA_STYLE_COLOUR('',#6376);
#6622 = STYLED_ITEM('color',(#6623),#2620);
#6623 = PRESENTATION_STYLE_ASSIGNMENT((#6624));
#6624 = SURFACE_STYLE_USAGE(.BOTH.,#6625);
#6625 = SURFACE_SIDE_STYLE('',(#6626));
#6626 = SURFACE_STYLE_FILL_AREA(#6627);
#6627 = FILL_AREA_STYLE('',(#6628));
#6628 = FILL_AREA_STYLE_COLOUR('',#6376);
#6629 = STYLED_ITEM('color',(#6630),#2651);
#6630 = PRESENTATION_STYLE_ASSIGNMENT((#6631));
#6631 = SURFACE_STYLE_USAGE(.BOTH.,#6632);
#6632 = SURFACE_SIDE_STYLE('',(#6633));
#6633 = SURFACE_STYLE_FILL_AREA(#6634);
#6634 = FILL_AREA_STYLE('',(#6635));
#6635 = FILL_AREA_STYLE_COLOUR('',#6376);
#6636 = STYLED_ITEM('color',(#6637),#2675);
#6637 = PRESENTATION_STYLE_ASSIGNMENT((#6638));
#6638 = SURFACE_STYLE_USAGE(.BOTH.,#6639);
#6639 = SURFACE_SIDE_STYLE('',(#6640));
#6640 = SURFACE_STYLE_FILL_AREA(#6641);
#6641 = FILL_AREA_STYLE('',(#6642));
#6642 = FILL_AREA_STYLE_COLOUR('',#6376);
#6643 = STYLED_ITEM('color',(#6644),#2699);
#6644 = PRESENTATION_STYLE_ASSIGNMENT((#6645));
#6645 = SURFACE_STYLE_USAGE(.BOTH.,#6646);
#6646 = SURFACE_SIDE_STYLE('',(#6647));
#6647 = SURFACE_STYLE_FILL_AREA(#6648);
#6648 = FILL_AREA_STYLE('',(#6649));
#6649 = FILL_AREA_STYLE_COLOUR('',#6376);
#6650 = STYLED_ITEM('color',(#6651),#2716);
#6651 = PRESENTATION_STYLE_ASSIGNMENT((#6652));
#6652 = SURFACE_STYLE_USAGE(.BOTH.,#6653);
#6653 = SURFACE_SIDE_STYLE('',(#6654));
#6654 = SURFACE_STYLE_FILL_AREA(#6655);
#6655 = FILL_AREA_STYLE('',(#6656));
#6656 = FILL_AREA_STYLE_COLOUR('',#6376);
#6657 = STYLED_ITEM('color',(#6658),#2747);
#6658 = PRESENTATION_STYLE_ASSIGNMENT((#6659));
#6659 = SURFACE_STYLE_USAGE(.BOTH.,#6660);
#6660 = SURFACE_SIDE_STYLE('',(#6661));
#6661 = SURFACE_STYLE_FILL_AREA(#6662);
#6662 = FILL_AREA_STYLE('',(#6663));
#6663 = FILL_AREA_STYLE_COLOUR('',#6376);
#6664 = STYLED_ITEM('color',(#6665),#2771);
#6665 = PRESENTATION_STYLE_ASSIGNMENT((#6666));
#6666 = SURFACE_STYLE_USAGE(.BOTH.,#6667);
#6667 = SURFACE_SIDE_STYLE('',(#6668));
#6668 = SURFACE_STYLE_FILL_AREA(#6669);
#6669 = FILL_AREA_STYLE('',(#6670));
#6670 = FILL_AREA_STYLE_COLOUR('',#6376);
#6671 = STYLED_ITEM('color',(#6672),#2795);
#6672 = PRESENTATION_STYLE_ASSIGNMENT((#6673));
#6673 = SURFACE_STYLE_USAGE(.BOTH.,#6674);
#6674 = SURFACE_SIDE_STYLE('',(#6675));
#6675 = SURFACE_STYLE_FILL_AREA(#6676);
#6676 = FILL_AREA_STYLE('',(#6677));
#6677 = FILL_AREA_STYLE_COLOUR('',#6376);
#6678 = STYLED_ITEM('color',(#6679),#2812);
#6679 = PRESENTATION_STYLE_ASSIGNMENT((#6680));
#6680 = SURFACE_STYLE_USAGE(.BOTH.,#6681);
#6681 = SURFACE_SIDE_STYLE('',(#6682));
#6682 = SURFACE_STYLE_FILL_AREA(#6683);
#6683 = FILL_AREA_STYLE('',(#6684));
#6684 = FILL_AREA_STYLE_COLOUR('',#6376);
#6685 = STYLED_ITEM('color',(#6686),#2843);
#6686 = PRESENTATION_STYLE_ASSIGNMENT((#6687));
#6687 = SURFACE_STYLE_USAGE(.BOTH.,#6688);
#6688 = SURFACE_SIDE_STYLE('',(#6689));
#6689 = SURFACE_STYLE_FILL_AREA(#6690);
#6690 = FILL_AREA_STYLE('',(#6691));
#6691 = FILL_AREA_STYLE_COLOUR('',#6376);
#6692 = STYLED_ITEM('color',(#6693),#2867);
#6693 = PRESENTATION_STYLE_ASSIGNMENT((#6694));
#6694 = SURFACE_STYLE_USAGE(.BOTH.,#6695);
#6695 = SURFACE_SIDE_STYLE('',(#6696));
#6696 = SURFACE_STYLE_FILL_AREA(#6697);
#6697 = FILL_AREA_STYLE('',(#6698));
#6698 = FILL_AREA_STYLE_COLOUR('',#6376);
#6699 = STYLED_ITEM('color',(#6700),#2891);
#6700 = PRESENTATION_STYLE_ASSIGNMENT((#6701));
#6701 = SURFACE_STYLE_USAGE(.BOTH.,#6702);
#6702 = SURFACE_SIDE_STYLE('',(#6703));
#6703 = SURFACE_STYLE_FILL_AREA(#6704);
#6704 = FILL_AREA_STYLE('',(#6705));
#6705 = FILL_AREA_STYLE_COLOUR('',#6376);
#6706 = STYLED_ITEM('color',(#6707),#2908);
#6707 = PRESENTATION_STYLE_ASSIGNMENT((#6708));
#6708 = SURFACE_STYLE_USAGE(.BOTH.,#6709);
#6709 = SURFACE_SIDE_STYLE('',(#6710));
#6710 = SURFACE_STYLE_FILL_AREA(#6711);
#6711 = FILL_AREA_STYLE('',(#6712));
#6712 = FILL_AREA_STYLE_COLOUR('',#6376);
#6713 = STYLED_ITEM('color',(#6714),#2939);
#6714 = PRESENTATION_STYLE_ASSIGNMENT((#6715));
#6715 = SURFACE_STYLE_USAGE(.BOTH.,#6716);
#6716 = SURFACE_SIDE_STYLE('',(#6717));
#6717 = SURFACE_STYLE_FILL_AREA(#6718);
#6718 = FILL_AREA_STYLE('',(#6719));
#6719 = FILL_AREA_STYLE_COLOUR('',#6376);
#6720 = STYLED_ITEM('color',(#6721),#2963);
#6721 = PRESENTATION_STYLE_ASSIGNMENT((#6722));
#6722 = SURFACE_STYLE_USAGE(.BOTH.,#6723);
#6723 = SURFACE_SIDE_STYLE('',(#6724));
#6724 = SURFACE_STYLE_FILL_AREA(#6725);
#6725 = FILL_AREA_STYLE('',(#6726));
#6726 = FILL_AREA_STYLE_COLOUR('',#6376);
#6727 = STYLED_ITEM('color',(#6728),#2987);
#6728 = PRESENTATION_STYLE_ASSIGNMENT((#6729));
#6729 = SURFACE_STYLE_USAGE(.BOTH.,#6730);
#6730 = SURFACE_SIDE_STYLE('',(#6731));
#6731 = SURFACE_STYLE_FILL_AREA(#6732);
#6732 = FILL_AREA_STYLE('',(#6733));
#6733 = FILL_AREA_STYLE_COLOUR('',#6376);
#6734 = STYLED_ITEM('color',(#6735),#3004);
#6735 = PRESENTATION_STYLE_ASSIGNMENT((#6736));
#6736 = SURFACE_STYLE_USAGE(.BOTH.,#6737);
#6737 = SURFACE_SIDE_STYLE('',(#6738));
#6738 = SURFACE_STYLE_FILL_AREA(#6739);
#6739 = FILL_AREA_STYLE('',(#6740));
#6740 = FILL_AREA_STYLE_COLOUR('',#6376);
#6741 = STYLED_ITEM('color',(#6742),#3035);
#6742 = PRESENTATION_STYLE_ASSIGNMENT((#6743));
#6743 = SURFACE_STYLE_USAGE(.BOTH.,#6744);
#6744 = SURFACE_SIDE_STYLE('',(#6745));
#6745 = SURFACE_STYLE_FILL_AREA(#6746);
#6746 = FILL_AREA_STYLE('',(#6747));
#6747 = FILL_AREA_STYLE_COLOUR('',#6376);
#6748 = STYLED_ITEM('color',(#6749),#3059);
#6749 = PRESENTATION_STYLE_ASSIGNMENT((#6750));
#6750 = SURFACE_STYLE_USAGE(.BOTH.,#6751);
#6751 = SURFACE_SIDE_STYLE('',(#6752));
#6752 = SURFACE_STYLE_FILL_AREA(#6753);
#6753 = FILL_AREA_STYLE('',(#6754));
#6754 = FILL_AREA_STYLE_COLOUR('',#6376);
#6755 = STYLED_ITEM('color',(#6756),#3083);
#6756 = PRESENTATION_STYLE_ASSIGNMENT((#6757));
#6757 = SURFACE_STYLE_USAGE(.BOTH.,#6758);
#6758 = SURFACE_SIDE_STYLE('',(#6759));
#6759 = SURFACE_STYLE_FILL_AREA(#6760);
#6760 = FILL_AREA_STYLE('',(#6761));
#6761 = FILL_AREA_STYLE_COLOUR('',#6376);
#6762 = STYLED_ITEM('color',(#6763),#3100);
#6763 = PRESENTATION_STYLE_ASSIGNMENT((#6764));
#6764 = SURFACE_STYLE_USAGE(.BOTH.,#6765);
#6765 = SURFACE_SIDE_STYLE('',(#6766));
#6766 = SURFACE_STYLE_FILL_AREA(#6767);
#6767 = FILL_AREA_STYLE('',(#6768));
#6768 = FILL_AREA_STYLE_COLOUR('',#6376);
#6769 = STYLED_ITEM('color',(#6770),#3131);
#6770 = PRESENTATION_STYLE_ASSIGNMENT((#6771));
#6771 = SURFACE_STYLE_USAGE(.BOTH.,#6772);
#6772 = SURFACE_SIDE_STYLE('',(#6773));
#6773 = SURFACE_STYLE_FILL_AREA(#6774);
#6774 = FILL_AREA_STYLE('',(#6775));
#6775 = FILL_AREA_STYLE_COLOUR('',#6376);
#6776 = STYLED_ITEM('color',(#6777),#3155);
#6777 = PRESENTATION_STYLE_ASSIGNMENT((#6778));
#6778 = SURFACE_STYLE_USAGE(.BOTH.,#6779);
#6779 = SURFACE_SIDE_STYLE('',(#6780));
#6780 = SURFACE_STYLE_FILL_AREA(#6781);
#6781 = FILL_AREA_STYLE('',(#6782));
#6782 = FILL_AREA_STYLE_COLOUR('',#6376);
#6783 = STYLED_ITEM('color',(#6784),#3179);
#6784 = PRESENTATION_STYLE_ASSIGNMENT((#6785));
#6785 = SURFACE_STYLE_USAGE(.BOTH.,#6786);
#6786 = SURFACE_SIDE_STYLE('',(#6787));
#6787 = SURFACE_STYLE_FILL_AREA(#6788);
#6788 = FILL_AREA_STYLE('',(#6789));
#6789 = FILL_AREA_STYLE_COLOUR('',#6376);
#6790 = STYLED_ITEM('color',(#6791),#3196);
#6791 = PRESENTATION_STYLE_ASSIGNMENT((#6792));
#6792 = SURFACE_STYLE_USAGE(.BOTH.,#6793);
#6793 = SURFACE_SIDE_STYLE('',(#6794));
#6794 = SURFACE_STYLE_FILL_AREA(#6795);
#6795 = FILL_AREA_STYLE('',(#6796));
#6796 = FILL_AREA_STYLE_COLOUR('',#6376);
#6797 = STYLED_ITEM('color',(#6798),#3227);
#6798 = PRESENTATION_STYLE_ASSIGNMENT((#6799));
#6799 = SURFACE_STYLE_USAGE(.BOTH.,#6800);
#6800 = SURFACE_SIDE_STYLE('',(#6801));
#6801 = SURFACE_STYLE_FILL_AREA(#6802);
#6802 = FILL_AREA_STYLE('',(#6803));
#6803 = FILL_AREA_STYLE_COLOUR('',#6376);
#6804 = STYLED_ITEM('color',(#6805),#3251);
#6805 = PRESENTATION_STYLE_ASSIGNMENT((#6806));
#6806 = SURFACE_STYLE_USAGE(.BOTH.,#6807);
#6807 = SURFACE_SIDE_STYLE('',(#6808));
#6808 = SURFACE_STYLE_FILL_AREA(#6809);
#6809 = FILL_AREA_STYLE('',(#6810));
#6810 = FILL_AREA_STYLE_COLOUR('',#6376);
#6811 = STYLED_ITEM('color',(#6812),#3275);
#6812 = PRESENTATION_STYLE_ASSIGNMENT((#6813));
#6813 = SURFACE_STYLE_USAGE(.BOTH.,#6814);
#6814 = SURFACE_SIDE_STYLE('',(#6815));
#6815 = SURFACE_STYLE_FILL_AREA(#6816);
#6816 = FILL_AREA_STYLE('',(#6817));
#6817 = FILL_AREA_STYLE_COLOUR('',#6376);
#6818 = STYLED_ITEM('color',(#6819),#3292);
#6819 = PRESENTATION_STYLE_ASSIGNMENT((#6820));
#6820 = SURFACE_STYLE_USAGE(.BOTH.,#6821);
#6821 = SURFACE_SIDE_STYLE('',(#6822));
#6822 = SURFACE_STYLE_FILL_AREA(#6823);
#6823 = FILL_AREA_STYLE('',(#6824));
#6824 = FILL_AREA_STYLE_COLOUR('',#6376);
#6825 = STYLED_ITEM('color',(#6826),#3323);
#6826 = PRESENTATION_STYLE_ASSIGNMENT((#6827));
#6827 = SURFACE_STYLE_USAGE(.BOTH.,#6828);
#6828 = SURFACE_SIDE_STYLE('',(#6829));
#6829 = SURFACE_STYLE_FILL_AREA(#6830);
#6830 = FILL_AREA_STYLE('',(#6831));
#6831 = FILL_AREA_STYLE_COLOUR('',#6376);
#6832 = STYLED_ITEM('color',(#6833),#3347);
#6833 = PRESENTATION_STYLE_ASSIGNMENT((#6834));
#6834 = SURFACE_STYLE_USAGE(.BOTH.,#6835);
#6835 = SURFACE_SIDE_STYLE('',(#6836));
#6836 = SURFACE_STYLE_FILL_AREA(#6837);
#6837 = FILL_AREA_STYLE('',(#6838));
#6838 = FILL_AREA_STYLE_COLOUR('',#6376);
#6839 = STYLED_ITEM('color',(#6840),#3371);
#6840 = PRESENTATION_STYLE_ASSIGNMENT((#6841));
#6841 = SURFACE_STYLE_USAGE(.BOTH.,#6842);
#6842 = SURFACE_SIDE_STYLE('',(#6843));
#6843 = SURFACE_STYLE_FILL_AREA(#6844);
#6844 = FILL_AREA_STYLE('',(#6845));
#6845 = FILL_AREA_STYLE_COLOUR('',#6376);
#6846 = STYLED_ITEM('color',(#6847),#3388);
#6847 = PRESENTATION_STYLE_ASSIGNMENT((#6848));
#6848 = SURFACE_STYLE_USAGE(.BOTH.,#6849);
#6849 = SURFACE_SIDE_STYLE('',(#6850));
#6850 = SURFACE_STYLE_FILL_AREA(#6851);
#6851 = FILL_AREA_STYLE('',(#6852));
#6852 = FILL_AREA_STYLE_COLOUR('',#6376);
#6853 = STYLED_ITEM('color',(#6854),#3419);
#6854 = PRESENTATION_STYLE_ASSIGNMENT((#6855));
#6855 = SURFACE_STYLE_USAGE(.BOTH.,#6856);
#6856 = SURFACE_SIDE_STYLE('',(#6857));
#6857 = SURFACE_STYLE_FILL_AREA(#6858);
#6858 = FILL_AREA_STYLE('',(#6859));
#6859 = FILL_AREA_STYLE_COLOUR('',#6376);
#6860 = STYLED_ITEM('color',(#6861),#3443);
#6861 = PRESENTATION_STYLE_ASSIGNMENT((#6862));
#6862 = SURFACE_STYLE_USAGE(.BOTH.,#6863);
#6863 = SURFACE_SIDE_STYLE('',(#6864));
#6864 = SURFACE_STYLE_FILL_AREA(#6865);
#6865 = FILL_AREA_STYLE('',(#6866));
#6866 = FILL_AREA_STYLE_COLOUR('',#6376);
#6867 = STYLED_ITEM('color',(#6868),#3467);
#6868 = PRESENTATION_STYLE_ASSIGNMENT((#6869));
#6869 = SURFACE_STYLE_USAGE(.BOTH.,#6870);
#6870 = SURFACE_SIDE_STYLE('',(#6871));
#6871 = SURFACE_STYLE_FILL_AREA(#6872);
#6872 = FILL_AREA_STYLE('',(#6873));
#6873 = FILL_AREA_STYLE_COLOUR('',#6376);
#6874 = STYLED_ITEM('color',(#6875),#3484);
#6875 = PRESENTATION_STYLE_ASSIGNMENT((#6876));
#6876 = SURFACE_STYLE_USAGE(.BOTH.,#6877);
#6877 = SURFACE_SIDE_STYLE('',(#6878));
#6878 = SURFACE_STYLE_FILL_AREA(#6879);
#6879 = FILL_AREA_STYLE('',(#6880));
#6880 = FILL_AREA_STYLE_COLOUR('',#6376);
#6881 = STYLED_ITEM('color',(#6882),#3515);
#6882 = PRESENTATION_STYLE_ASSIGNMENT((#6883));
#6883 = SURFACE_STYLE_USAGE(.BOTH.,#6884);
#6884 = SURFACE_SIDE_STYLE('',(#6885));
#6885 = SURFACE_STYLE_FILL_AREA(#6886);
#6886 = FILL_AREA_STYLE('',(#6887));
#6887 = FILL_AREA_STYLE_COLOUR('',#6376);
#6888 = STYLED_ITEM('color',(#6889),#3539);
#6889 = PRESENTATION_STYLE_ASSIGNMENT((#6890));
#6890 = SURFACE_STYLE_USAGE(.BOTH.,#6891);
#6891 = SURFACE_SIDE_STYLE('',(#6892));
#6892 = SURFACE_STYLE_FILL_AREA(#6893);
#6893 = FILL_AREA_STYLE('',(#6894));
#6894 = FILL_AREA_STYLE_COLOUR('',#6376);
#6895 = STYLED_ITEM('color',(#6896),#3563);
#6896 = PRESENTATION_STYLE_ASSIGNMENT((#6897));
#6897 = SURFACE_STYLE_USAGE(.BOTH.,#6898);
#6898 = SURFACE_SIDE_STYLE('',(#6899));
#6899 = SURFACE_STYLE_FILL_AREA(#6900);
#6900 = FILL_AREA_STYLE('',(#6901));
#6901 = FILL_AREA_STYLE_COLOUR('',#6376);
#6902 = STYLED_ITEM('color',(#6903),#3580);
#6903 = PRESENTATION_STYLE_ASSIGNMENT((#6904));
#6904 = SURFACE_STYLE_USAGE(.BOTH.,#6905);
#6905 = SURFACE_SIDE_STYLE('',(#6906));
#6906 = SURFACE_STYLE_FILL_AREA(#6907);
#6907 = FILL_AREA_STYLE('',(#6908));
#6908 = FILL_AREA_STYLE_COLOUR('',#6376);
#6909 = STYLED_ITEM('color',(#6910),#3611);
#6910 = PRESENTATION_STYLE_ASSIGNMENT((#6911));
#6911 = SURFACE_STYLE_USAGE(.BOTH.,#6912);
#6912 = SURFACE_SIDE_STYLE('',(#6913));
#6913 = SURFACE_STYLE_FILL_AREA(#6914);
#6914 = FILL_AREA_STYLE('',(#6915));
#6915 = FILL_AREA_STYLE_COLOUR('',#6376);
#6916 = STYLED_ITEM('color',(#6917),#3635);
#6917 = PRESENTATION_STYLE_ASSIGNMENT((#6918));
#6918 = SURFACE_STYLE_USAGE(.BOTH.,#6919);
#6919 = SURFACE_SIDE_STYLE('',(#6920));
#6920 = SURFACE_STYLE_FILL_AREA(#6921);
#6921 = FILL_AREA_STYLE('',(#6922));
#6922 = FILL_AREA_STYLE_COLOUR('',#6376);
#6923 = STYLED_ITEM('color',(#6924),#3659);
#6924 = PRESENTATION_STYLE_ASSIGNMENT((#6925));
#6925 = SURFACE_STYLE_USAGE(.BOTH.,#6926);
#6926 = SURFACE_SIDE_STYLE('',(#6927));
#6927 = SURFACE_STYLE_FILL_AREA(#6928);
#6928 = FILL_AREA_STYLE('',(#6929));
#6929 = FILL_AREA_STYLE_COLOUR('',#6376);
#6930 = STYLED_ITEM('color',(#6931),#3676);
#6931 = PRESENTATION_STYLE_ASSIGNMENT((#6932));
#6932 = SURFACE_STYLE_USAGE(.BOTH.,#6933);
#6933 = SURFACE_SIDE_STYLE('',(#6934));
#6934 = SURFACE_STYLE_FILL_AREA(#6935);
#6935 = FILL_AREA_STYLE('',(#6936));
#6936 = FILL_AREA_STYLE_COLOUR('',#6376);
#6937 = STYLED_ITEM('color',(#6938),#3707);
#6938 = PRESENTATION_STYLE_ASSIGNMENT((#6939));
#6939 = SURFACE_STYLE_USAGE(.BOTH.,#6940);
#6940 = SURFACE_SIDE_STYLE('',(#6941));
#6941 = SURFACE_STYLE_FILL_AREA(#6942);
#6942 = FILL_AREA_STYLE('',(#6943));
#6943 = FILL_AREA_STYLE_COLOUR('',#6376);
#6944 = STYLED_ITEM('color',(#6945),#3731);
#6945 = PRESENTATION_STYLE_ASSIGNMENT((#6946));
#6946 = SURFACE_STYLE_USAGE(.BOTH.,#6947);
#6947 = SURFACE_SIDE_STYLE('',(#6948));
#6948 = SURFACE_STYLE_FILL_AREA(#6949);
#6949 = FILL_AREA_STYLE('',(#6950));
#6950 = FILL_AREA_STYLE_COLOUR('',#6376);
#6951 = STYLED_ITEM('color',(#6952),#3755);
#6952 = PRESENTATION_STYLE_ASSIGNMENT((#6953));
#6953 = SURFACE_STYLE_USAGE(.BOTH.,#6954);
#6954 = SURFACE_SIDE_STYLE('',(#6955));
#6955 = SURFACE_STYLE_FILL_AREA(#6956);
#6956 = FILL_AREA_STYLE('',(#6957));
#6957 = FILL_AREA_STYLE_COLOUR('',#6376);
#6958 = STYLED_ITEM('color',(#6959),#3772);
#6959 = PRESENTATION_STYLE_ASSIGNMENT((#6960));
#6960 = SURFACE_STYLE_USAGE(.BOTH.,#6961);
#6961 = SURFACE_SIDE_STYLE('',(#6962));
#6962 = SURFACE_STYLE_FILL_AREA(#6963);
#6963 = FILL_AREA_STYLE('',(#6964));
#6964 = FILL_AREA_STYLE_COLOUR('',#6376);
#6965 = STYLED_ITEM('color',(#6966),#3803);
#6966 = PRESENTATION_STYLE_ASSIGNMENT((#6967));
#6967 = SURFACE_STYLE_USAGE(.BOTH.,#6968);
#6968 = SURFACE_SIDE_STYLE('',(#6969));
#6969 = SURFACE_STYLE_FILL_AREA(#6970);
#6970 = FILL_AREA_STYLE('',(#6971));
#6971 = FILL_AREA_STYLE_COLOUR('',#6376);
#6972 = STYLED_ITEM('color',(#6973),#3827);
#6973 = PRESENTATION_STYLE_ASSIGNMENT((#6974));
#6974 = SURFACE_STYLE_USAGE(.BOTH.,#6975);
#6975 = SURFACE_SIDE_STYLE('',(#6976));
#6976 = SURFACE_STYLE_FILL_AREA(#6977);
#6977 = FILL_AREA_STYLE('',(#6978));
#6978 = FILL_AREA_STYLE_COLOUR('',#6376);
#6979 = STYLED_ITEM('color',(#6980),#3851);
#6980 = PRESENTATION_STYLE_ASSIGNMENT((#6981));
#6981 = SURFACE_STYLE_USAGE(.BOTH.,#6982);
#6982 = SURFACE_SIDE_STYLE('',(#6983));
#6983 = SURFACE_STYLE_FILL_AREA(#6984);
#6984 = FILL_AREA_STYLE('',(#6985));
#6985 = FILL_AREA_STYLE_COLOUR('',#6376);
#6986 = STYLED_ITEM('color',(#6987),#3868);
#6987 = PRESENTATION_STYLE_ASSIGNMENT((#6988));
#6988 = SURFACE_STYLE_USAGE(.BOTH.,#6989);
#6989 = SURFACE_SIDE_STYLE('',(#6990));
#6990 = SURFACE_STYLE_FILL_AREA(#6991);
#6991 = FILL_AREA_STYLE('',(#6992));
#6992 = FILL_AREA_STYLE_COLOUR('',#6376);
#6993 = STYLED_ITEM('color',(#6994),#3899);
#6994 = PRESENTATION_STYLE_ASSIGNMENT((#6995));
#6995 = SURFACE_STYLE_USAGE(.BOTH.,#6996);
#6996 = SURFACE_SIDE_STYLE('',(#6997));
#6997 = SURFACE_STYLE_FILL_AREA(#6998);
#6998 = FILL_AREA_STYLE('',(#6999));
#6999 = FILL_AREA_STYLE_COLOUR('',#6376);
#7000 = STYLED_ITEM('color',(#7001),#3923);
#7001 = PRESENTATION_STYLE_ASSIGNMENT((#7002));
#7002 = SURFACE_STYLE_USAGE(.BOTH.,#7003);
#7003 = SURFACE_SIDE_STYLE('',(#7004));
#7004 = SURFACE_STYLE_FILL_AREA(#7005);
#7005 = FILL_AREA_STYLE('',(#7006));
#7006 = FILL_AREA_STYLE_COLOUR('',#6376);
#7007 = STYLED_ITEM('color',(#7008),#3947);
#7008 = PRESENTATION_STYLE_ASSIGNMENT((#7009));
#7009 = SURFACE_STYLE_USAGE(.BOTH.,#7010);
#7010 = SURFACE_SIDE_STYLE('',(#7011));
#7011 = SURFACE_STYLE_FILL_AREA(#7012);
#7012 = FILL_AREA_STYLE('',(#7013));
#7013 = FILL_AREA_STYLE_COLOUR('',#6376);
#7014 = STYLED_ITEM('color',(#7015),#3964);
#7015 = PRESENTATION_STYLE_ASSIGNMENT((#7016));
#7016 = SURFACE_STYLE_USAGE(.BOTH.,#7017);
#7017 = SURFACE_SIDE_STYLE('',(#7018));
#7018 = SURFACE_STYLE_FILL_AREA(#7019);
#7019 = FILL_AREA_STYLE('',(#7020));
#7020 = FILL_AREA_STYLE_COLOUR('',#6376);
#7021 = STYLED_ITEM('color',(#7022),#3995);
#7022 = PRESENTATION_STYLE_ASSIGNMENT((#7023));
#7023 = SURFACE_STYLE_USAGE(.BOTH.,#7024);
#7024 = SURFACE_SIDE_STYLE('',(#7025));
#7025 = SURFACE_STYLE_FILL_AREA(#7026);
#7026 = FILL_AREA_STYLE('',(#7027));
#7027 = FILL_AREA_STYLE_COLOUR('',#6376);
#7028 = STYLED_ITEM('color',(#7029),#4019);
#7029 = PRESENTATION_STYLE_ASSIGNMENT((#7030));
#7030 = SURFACE_STYLE_USAGE(.BOTH.,#7031);
#7031 = SURFACE_SIDE_STYLE('',(#7032));
#7032 = SURFACE_STYLE_FILL_AREA(#7033);
#7033 = FILL_AREA_STYLE('',(#7034));
#7034 = FILL_AREA_STYLE_COLOUR('',#6376);
#7035 = STYLED_ITEM('color',(#7036),#4043);
#7036 = PRESENTATION_STYLE_ASSIGNMENT((#7037));
#7037 = SURFACE_STYLE_USAGE(.BOTH.,#7038);
#7038 = SURFACE_SIDE_STYLE('',(#7039));
#7039 = SURFACE_STYLE_FILL_AREA(#7040);
#7040 = FILL_AREA_STYLE('',(#7041));
#7041 = FILL_AREA_STYLE_COLOUR('',#6376);
#7042 = STYLED_ITEM('color',(#7043),#4060);
#7043 = PRESENTATION_STYLE_ASSIGNMENT((#7044));
#7044 = SURFACE_STYLE_USAGE(.BOTH.,#7045);
#7045 = SURFACE_SIDE_STYLE('',(#7046));
#7046 = SURFACE_STYLE_FILL_AREA(#7047);
#7047 = FILL_AREA_STYLE('',(#7048));
#7048 = FILL_AREA_STYLE_COLOUR('',#6376);
#7049 = STYLED_ITEM('color',(#7050),#4072);
#7050 = PRESENTATION_STYLE_ASSIGNMENT((#7051));
#7051 = SURFACE_STYLE_USAGE(.BOTH.,#7052);
#7052 = SURFACE_SIDE_STYLE('',(#7053));
#7053 = SURFACE_STYLE_FILL_AREA(#7054);
#7054 = FILL_AREA_STYLE('',(#7055));
#7055 = FILL_AREA_STYLE_COLOUR('',#6376);
#7056 = STYLED_ITEM('color',(#7057),#4084);
#7057 = PRESENTATION_STYLE_ASSIGNMENT((#7058));
#7058 = SURFACE_STYLE_USAGE(.BOTH.,#7059);
#7059 = SURFACE_SIDE_STYLE('',(#7060));
#7060 = SURFACE_STYLE_FILL_AREA(#7061);
#7061 = FILL_AREA_STYLE('',(#7062));
#7062 = FILL_AREA_STYLE_COLOUR('',#6376);
#7063 = STYLED_ITEM('color',(#7064),#4096);
#7064 = PRESENTATION_STYLE_ASSIGNMENT((#7065));
#7065 = SURFACE_STYLE_USAGE(.BOTH.,#7066);
#7066 = SURFACE_SIDE_STYLE('',(#7067));
#7067 = SURFACE_STYLE_FILL_AREA(#7068);
#7068 = FILL_AREA_STYLE('',(#7069));
#7069 = FILL_AREA_STYLE_COLOUR('',#6376);
#7070 = STYLED_ITEM('color',(#7071),#4108);
#7071 = PRESENTATION_STYLE_ASSIGNMENT((#7072));
#7072 = SURFACE_STYLE_USAGE(.BOTH.,#7073);
#7073 = SURFACE_SIDE_STYLE('',(#7074));
#7074 = SURFACE_STYLE_FILL_AREA(#7075);
#7075 = FILL_AREA_STYLE('',(#7076));
#7076 = FILL_AREA_STYLE_COLOUR('',#6376);
#7077 = STYLED_ITEM('color',(#7078),#4120);
#7078 = PRESENTATION_STYLE_ASSIGNMENT((#7079));
#7079 = SURFACE_STYLE_USAGE(.BOTH.,#7080);
#7080 = SURFACE_SIDE_STYLE('',(#7081));
#7081 = SURFACE_STYLE_FILL_AREA(#7082);
#7082 = FILL_AREA_STYLE('',(#7083));
#7083 = FILL_AREA_STYLE_COLOUR('',#6376);
#7084 = STYLED_ITEM('color',(#7085),#4132);
#7085 = PRESENTATION_STYLE_ASSIGNMENT((#7086));
#7086 = SURFACE_STYLE_USAGE(.BOTH.,#7087);
#7087 = SURFACE_SIDE_STYLE('',(#7088));
#7088 = SURFACE_STYLE_FILL_AREA(#7089);
#7089 = FILL_AREA_STYLE('',(#7090));
#7090 = FILL_AREA_STYLE_COLOUR('',#6376);
#7091 = STYLED_ITEM('color',(#7092),#4144);
#7092 = PRESENTATION_STYLE_ASSIGNMENT((#7093));
#7093 = SURFACE_STYLE_USAGE(.BOTH.,#7094);
#7094 = SURFACE_SIDE_STYLE('',(#7095));
#7095 = SURFACE_STYLE_FILL_AREA(#7096);
#7096 = FILL_AREA_STYLE('',(#7097));
#7097 = FILL_AREA_STYLE_COLOUR('',#6376);
#7098 = STYLED_ITEM('color',(#7099),#4156);
#7099 = PRESENTATION_STYLE_ASSIGNMENT((#7100));
#7100 = SURFACE_STYLE_USAGE(.BOTH.,#7101);
#7101 = SURFACE_SIDE_STYLE('',(#7102));
#7102 = SURFACE_STYLE_FILL_AREA(#7103);
#7103 = FILL_AREA_STYLE('',(#7104));
#7104 = FILL_AREA_STYLE_COLOUR('',#6376);
#7105 = STYLED_ITEM('color',(#7106),#4168);
#7106 = PRESENTATION_STYLE_ASSIGNMENT((#7107));
#7107 = SURFACE_STYLE_USAGE(.BOTH.,#7108);
#7108 = SURFACE_SIDE_STYLE('',(#7109));
#7109 = SURFACE_STYLE_FILL_AREA(#7110);
#7110 = FILL_AREA_STYLE('',(#7111));
#7111 = FILL_AREA_STYLE_COLOUR('',#6376);
#7112 = STYLED_ITEM('color',(#7113),#4180);
#7113 = PRESENTATION_STYLE_ASSIGNMENT((#7114));
#7114 = SURFACE_STYLE_USAGE(.BOTH.,#7115);
#7115 = SURFACE_SIDE_STYLE('',(#7116));
#7116 = SURFACE_STYLE_FILL_AREA(#7117);
#7117 = FILL_AREA_STYLE('',(#7118));
#7118 = FILL_AREA_STYLE_COLOUR('',#6376);
#7119 = STYLED_ITEM('color',(#7120),#4192);
#7120 = PRESENTATION_STYLE_ASSIGNMENT((#7121));
#7121 = SURFACE_STYLE_USAGE(.BOTH.,#7122);
#7122 = SURFACE_SIDE_STYLE('',(#7123));
#7123 = SURFACE_STYLE_FILL_AREA(#7124);
#7124 = FILL_AREA_STYLE('',(#7125));
#7125 = FILL_AREA_STYLE_COLOUR('',#6376);
#7126 = MECHANICAL_DESIGN_GEOMETRIC_PRESENTATION_REPRESENTATION('',(
    #7127,#7134,#7141,#7148,#7155,#7163,#7170,#7177,#7184,#7191,#7198,
    #7205,#7212,#7219,#7226,#7233,#7240,#7247,#7254),#4758);
#7127 = STYLED_ITEM('color',(#7128),#4248);
#7128 = PRESENTATION_STYLE_ASSIGNMENT((#7129));
#7129 = SURFACE_STYLE_USAGE(.BOTH.,#7130);
#7130 = SURFACE_SIDE_STYLE('',(#7131));
#7131 = SURFACE_STYLE_FILL_AREA(#7132);
#7132 = FILL_AREA_STYLE('',(#7133));
#7133 = FILL_AREA_STYLE_COLOUR('',#6095);
#7134 = STYLED_ITEM('color',(#7135),#4288);
#7135 = PRESENTATION_STYLE_ASSIGNMENT((#7136));
#7136 = SURFACE_STYLE_USAGE(.BOTH.,#7137);
#7137 = SURFACE_SIDE_STYLE('',(#7138));
#7138 = SURFACE_STYLE_FILL_AREA(#7139);
#7139 = FILL_AREA_STYLE('',(#7140));
#7140 = FILL_AREA_STYLE_COLOUR('',#6095);
#7141 = STYLED_ITEM('color',(#7142),#4312);
#7142 = PRESENTATION_STYLE_ASSIGNMENT((#7143));
#7143 = SURFACE_STYLE_USAGE(.BOTH.,#7144);
#7144 = SURFACE_SIDE_STYLE('',(#7145));
#7145 = SURFACE_STYLE_FILL_AREA(#7146);
#7146 = FILL_AREA_STYLE('',(#7147));
#7147 = FILL_AREA_STYLE_COLOUR('',#6095);
#7148 = STYLED_ITEM('color',(#7149),#4424);
#7149 = PRESENTATION_STYLE_ASSIGNMENT((#7150));
#7150 = SURFACE_STYLE_USAGE(.BOTH.,#7151);
#7151 = SURFACE_SIDE_STYLE('',(#7152));
#7152 = SURFACE_STYLE_FILL_AREA(#7153);
#7153 = FILL_AREA_STYLE('',(#7154));
#7154 = FILL_AREA_STYLE_COLOUR('',#6095);
#7155 = STYLED_ITEM('color',(#7156),#4434);
#7156 = PRESENTATION_STYLE_ASSIGNMENT((#7157));
#7157 = SURFACE_STYLE_USAGE(.BOTH.,#7158);
#7158 = SURFACE_SIDE_STYLE('',(#7159));
#7159 = SURFACE_STYLE_FILL_AREA(#7160);
#7160 = FILL_AREA_STYLE('',(#7161));
#7161 = FILL_AREA_STYLE_COLOUR('',#7162);
#7162 = COLOUR_RGB('',0.823999987314,0.819999987296,0.781000009244);
#7163 = STYLED_ITEM('color',(#7164),#4465);
#7164 = PRESENTATION_STYLE_ASSIGNMENT((#7165));
#7165 = SURFACE_STYLE_USAGE(.BOTH.,#7166);
#7166 = SURFACE_SIDE_STYLE('',(#7167));
#7167 = SURFACE_STYLE_FILL_AREA(#7168);
#7168 = FILL_AREA_STYLE('',(#7169));
#7169 = FILL_AREA_STYLE_COLOUR('',#7162);
#7170 = STYLED_ITEM('color',(#7171),#4489);
#7171 = PRESENTATION_STYLE_ASSIGNMENT((#7172));
#7172 = SURFACE_STYLE_USAGE(.BOTH.,#7173);
#7173 = SURFACE_SIDE_STYLE('',(#7174));
#7174 = SURFACE_STYLE_FILL_AREA(#7175);
#7175 = FILL_AREA_STYLE('',(#7176));
#7176 = FILL_AREA_STYLE_COLOUR('',#7162);
#7177 = STYLED_ITEM('color',(#7178),#4513);
#7178 = PRESENTATION_STYLE_ASSIGNMENT((#7179));
#7179 = SURFACE_STYLE_USAGE(.BOTH.,#7180);
#7180 = SURFACE_SIDE_STYLE('',(#7181));
#7181 = SURFACE_STYLE_FILL_AREA(#7182);
#7182 = FILL_AREA_STYLE('',(#7183));
#7183 = FILL_AREA_STYLE_COLOUR('',#7162);
#7184 = STYLED_ITEM('color',(#7185),#4530);
#7185 = PRESENTATION_STYLE_ASSIGNMENT((#7186));
#7186 = SURFACE_STYLE_USAGE(.BOTH.,#7187);
#7187 = SURFACE_SIDE_STYLE('',(#7188));
#7188 = SURFACE_STYLE_FILL_AREA(#7189);
#7189 = FILL_AREA_STYLE('',(#7190));
#7190 = FILL_AREA_STYLE_COLOUR('',#7162);
#7191 = STYLED_ITEM('color',(#7192),#4561);
#7192 = PRESENTATION_STYLE_ASSIGNMENT((#7193));
#7193 = SURFACE_STYLE_USAGE(.BOTH.,#7194);
#7194 = SURFACE_SIDE_STYLE('',(#7195));
#7195 = SURFACE_STYLE_FILL_AREA(#7196);
#7196 = FILL_AREA_STYLE('',(#7197));
#7197 = FILL_AREA_STYLE_COLOUR('',#7162);
#7198 = STYLED_ITEM('color',(#7199),#4585);
#7199 = PRESENTATION_STYLE_ASSIGNMENT((#7200));
#7200 = SURFACE_STYLE_USAGE(.BOTH.,#7201);
#7201 = SURFACE_SIDE_STYLE('',(#7202));
#7202 = SURFACE_STYLE_FILL_AREA(#7203);
#7203 = FILL_AREA_STYLE('',(#7204));
#7204 = FILL_AREA_STYLE_COLOUR('',#7162);
#7205 = STYLED_ITEM('color',(#7206),#4609);
#7206 = PRESENTATION_STYLE_ASSIGNMENT((#7207));
#7207 = SURFACE_STYLE_USAGE(.BOTH.,#7208);
#7208 = SURFACE_SIDE_STYLE('',(#7209));
#7209 = SURFACE_STYLE_FILL_AREA(#7210);
#7210 = FILL_AREA_STYLE('',(#7211));
#7211 = FILL_AREA_STYLE_COLOUR('',#7162);
#7212 = STYLED_ITEM('color',(#7213),#4626);
#7213 = PRESENTATION_STYLE_ASSIGNMENT((#7214));
#7214 = SURFACE_STYLE_USAGE(.BOTH.,#7215);
#7215 = SURFACE_SIDE_STYLE('',(#7216));
#7216 = SURFACE_STYLE_FILL_AREA(#7217);
#7217 = FILL_AREA_STYLE('',(#7218));
#7218 = FILL_AREA_STYLE_COLOUR('',#7162);
#7219 = STYLED_ITEM('color',(#7220),#4657);
#7220 = PRESENTATION_STYLE_ASSIGNMENT((#7221));
#7221 = SURFACE_STYLE_USAGE(.BOTH.,#7222);
#7222 = SURFACE_SIDE_STYLE('',(#7223));
#7223 = SURFACE_STYLE_FILL_AREA(#7224);
#7224 = FILL_AREA_STYLE('',(#7225));
#7225 = FILL_AREA_STYLE_COLOUR('',#7162);
#7226 = STYLED_ITEM('color',(#7227),#4681);
#7227 = PRESENTATION_STYLE_ASSIGNMENT((#7228));
#7228 = SURFACE_STYLE_USAGE(.BOTH.,#7229);
#7229 = SURFACE_SIDE_STYLE('',(#7230));
#7230 = SURFACE_STYLE_FILL_AREA(#7231);
#7231 = FILL_AREA_STYLE('',(#7232));
#7232 = FILL_AREA_STYLE_COLOUR('',#7162);
#7233 = STYLED_ITEM('color',(#7234),#4705);
#7234 = PRESENTATION_STYLE_ASSIGNMENT((#7235));
#7235 = SURFACE_STYLE_USAGE(.BOTH.,#7236);
#7236 = SURFACE_SIDE_STYLE('',(#7237));
#7237 = SURFACE_STYLE_FILL_AREA(#7238);
#7238 = FILL_AREA_STYLE('',(#7239));
#7239 = FILL_AREA_STYLE_COLOUR('',#7162);
#7240 = STYLED_ITEM('color',(#7241),#4722);
#7241 = PRESENTATION_STYLE_ASSIGNMENT((#7242));
#7242 = SURFACE_STYLE_USAGE(.BOTH.,#7243);
#7243 = SURFACE_SIDE_STYLE('',(#7244));
#7244 = SURFACE_STYLE_FILL_AREA(#7245);
#7245 = FILL_AREA_STYLE('',(#7246));
#7246 = FILL_AREA_STYLE_COLOUR('',#7162);
#7247 = STYLED_ITEM('color',(#7248),#4734);
#7248 = PRESENTATION_STYLE_ASSIGNMENT((#7249));
#7249 = SURFACE_STYLE_USAGE(.BOTH.,#7250);
#7250 = SURFACE_SIDE_STYLE('',(#7251));
#7251 = SURFACE_STYLE_FILL_AREA(#7252);
#7252 = FILL_AREA_STYLE('',(#7253));
#7253 = FILL_AREA_STYLE_COLOUR('',#7162);
#7254 = STYLED_ITEM('color',(#7255),#4746);
#7255 = PRESENTATION_STYLE_ASSIGNMENT((#7256));
#7256 = SURFACE_STYLE_USAGE(.BOTH.,#7257);
#7257 = SURFACE_SIDE_STYLE('',(#7258));
#7258 = SURFACE_STYLE_FILL_AREA(#7259);
#7259 = FILL_AREA_STYLE('',(#7260));
#7260 = FILL_AREA_STYLE_COLOUR('',#7162);
#7261 = MECHANICAL_DESIGN_GEOMETRIC_PRESENTATION_REPRESENTATION('',(
    #7262),#6076);
#7262 = STYLED_ITEM('color',(#7263),#4792);
#7263 = PRESENTATION_STYLE_ASSIGNMENT((#7264));
#7264 = SURFACE_STYLE_USAGE(.BOTH.,#7265);
#7265 = SURFACE_SIDE_STYLE('',(#7266));
#7266 = SURFACE_STYLE_FILL_AREA(#7267);
#7267 = FILL_AREA_STYLE('',(#7268));
#7268 = FILL_AREA_STYLE_COLOUR('',#7269);
#7269 = COLOUR_RGB('',0.313304153717,0.484529207832,0.410020903123);
ENDSEC;
END-ISO-10303-21;
